exe_sha256,sym_sha256,segment,segment_name,offset,name,kind,ownership,confidence
538fed3f0fd60a6528a5e5b20990361ac4d274c58266a81e71c24f751612589d,9d27f4d0872e483ddbf460bda8a2e34b7180f153c6d7c1a74d692720476c9a7f,1,SIMANT_MODULE,0,_StopSimulation,SYMBOL_ONLY_START,GAME,PROBABLE
538fed3f0fd60a6528a5e5b20990361ac4d274c58266a81e71c24f751612589d,9d27f4d0872e483ddbf460bda8a2e34b7180f153c6d7c1a74d692720476c9a7f,1,SIMANT_MODULE,52,_RestartSimulation,SYMBOL_ONLY_START,GAME,PROBABLE
538fed3f0fd60a6528a5e5b20990361ac4d274c58266a81e71c24f751612589d,9d27f4d0872e483ddbf460bda8a2e34b7180f153c6d7c1a74d692720476c9a7f,1,SIMANT_MODULE,80,_CleanUp,SYMBOL_ONLY_START,GAME,PROBABLE
538fed3f0fd60a6528a5e5b20990361ac4d274c58266a81e71c24f751612589d,9d27f4d0872e483ddbf460bda8a2e34b7180f153c6d7c1a74d692720476c9a7f,1,SIMANT_MODULE,266,_DecodeString,SYMBOL_ONLY_START,GAME,PROBABLE
538fed3f0fd60a6528a5e5b20990361ac4d274c58266a81e71c24f751612589d,9d27f4d0872e483ddbf460bda8a2e34b7180f153c6d7c1a74d692720476c9a7f,1,SIMANT_MODULE,438,_DoUserButtonUpdate,SYMBOL_ONLY_START,GAME,PROBABLE
538fed3f0fd60a6528a5e5b20990361ac4d274c58266a81e71c24f751612589d,9d27f4d0872e483ddbf460bda8a2e34b7180f153c6d7c1a74d692720476c9a7f,1,SIMANT_MODULE,570,_UpdateUserButtons,SYMBOL_ONLY_START,GAME,PROBABLE
538fed3f0fd60a6528a5e5b20990361ac4d274c58266a81e71c24f751612589d,9d27f4d0872e483ddbf460bda8a2e34b7180f153c6d7c1a74d692720476c9a7f,1,SIMANT_MODULE,874,_SetUserButton,SYMBOL_ONLY_START,GAME,PROBABLE
538fed3f0fd60a6528a5e5b20990361ac4d274c58266a81e71c24f751612589d,9d27f4d0872e483ddbf460bda8a2e34b7180f153c6d7c1a74d692720476c9a7f,1,SIMANT_MODULE,1220,_DoUserButton,SYMBOL_ONLY_START,GAME,PROBABLE
538fed3f0fd60a6528a5e5b20990361ac4d274c58266a81e71c24f751612589d,9d27f4d0872e483ddbf460bda8a2e34b7180f153c6d7c1a74d692720476c9a7f,1,SIMANT_MODULE,2214,_DoBookMark,SYMBOL_ONLY_START,GAME,PROBABLE
538fed3f0fd60a6528a5e5b20990361ac4d274c58266a81e71c24f751612589d,9d27f4d0872e483ddbf460bda8a2e34b7180f153c6d7c1a74d692720476c9a7f,1,SIMANT_MODULE,2728,_ClearBookmarks,SYMBOL_ONLY_START,GAME,PROBABLE
538fed3f0fd60a6528a5e5b20990361ac4d274c58266a81e71c24f751612589d,9d27f4d0872e483ddbf460bda8a2e34b7180f153c6d7c1a74d692720476c9a7f,1,SIMANT_MODULE,2854,_DrawRibbonMessage,SYMBOL_ONLY_START,GAME,PROBABLE
538fed3f0fd60a6528a5e5b20990361ac4d274c58266a81e71c24f751612589d,9d27f4d0872e483ddbf460bda8a2e34b7180f153c6d7c1a74d692720476c9a7f,1,SIMANT_MODULE,3010,_DoEvent,SYMBOL_ONLY_START,GAME,PROBABLE
538fed3f0fd60a6528a5e5b20990361ac4d274c58266a81e71c24f751612589d,9d27f4d0872e483ddbf460bda8a2e34b7180f153c6d7c1a74d692720476c9a7f,1,SIMANT_MODULE,3558,_HelpKeyDown,SYMBOL_ONLY_START,GAME,PROBABLE
538fed3f0fd60a6528a5e5b20990361ac4d274c58266a81e71c24f751612589d,9d27f4d0872e483ddbf460bda8a2e34b7180f153c6d7c1a74d692720476c9a7f,1,SIMANT_MODULE,3724,_DoKeyDown,SYMBOL_ONLY_START,GAME,PROBABLE
538fed3f0fd60a6528a5e5b20990361ac4d274c58266a81e71c24f751612589d,9d27f4d0872e483ddbf460bda8a2e34b7180f153c6d7c1a74d692720476c9a7f,1,SIMANT_MODULE,5110,_DoMouse,SYMBOL_ONLY_START,GAME,PROBABLE
538fed3f0fd60a6528a5e5b20990361ac4d274c58266a81e71c24f751612589d,9d27f4d0872e483ddbf460bda8a2e34b7180f153c6d7c1a74d692720476c9a7f,1,SIMANT_MODULE,6188,_DoNextWindow,SYMBOL_ONLY_START,GAME,PROBABLE
538fed3f0fd60a6528a5e5b20990361ac4d274c58266a81e71c24f751612589d,9d27f4d0872e483ddbf460bda8a2e34b7180f153c6d7c1a74d692720476c9a7f,1,SIMANT_MODULE,6262,_DoMenuEntry,SYMBOL_ONLY_START,GAME,PROBABLE
538fed3f0fd60a6528a5e5b20990361ac4d274c58266a81e71c24f751612589d,9d27f4d0872e483ddbf460bda8a2e34b7180f153c6d7c1a74d692720476c9a7f,1,SIMANT_MODULE,6766,_AdjustWndMinMax,SYMBOL_ONLY_START,GAME,PROBABLE
538fed3f0fd60a6528a5e5b20990361ac4d274c58266a81e71c24f751612589d,9d27f4d0872e483ddbf460bda8a2e34b7180f153c6d7c1a74d692720476c9a7f,1,SIMANT_MODULE,7224,MYENUMFUNC,SYMBOL_ONLY_START,GAME,PROBABLE
538fed3f0fd60a6528a5e5b20990361ac4d274c58266a81e71c24f751612589d,9d27f4d0872e483ddbf460bda8a2e34b7180f153c6d7c1a74d692720476c9a7f,1,SIMANT_MODULE,7272,_RedrawWindows,SYMBOL_ONLY_START,GAME,PROBABLE
538fed3f0fd60a6528a5e5b20990361ac4d274c58266a81e71c24f751612589d,9d27f4d0872e483ddbf460bda8a2e34b7180f153c6d7c1a74d692720476c9a7f,1,SIMANT_MODULE,7358,_DoDebugWin,SYMBOL_ONLY_START,GAME,PROBABLE
538fed3f0fd60a6528a5e5b20990361ac4d274c58266a81e71c24f751612589d,9d27f4d0872e483ddbf460bda8a2e34b7180f153c6d7c1a74d692720476c9a7f,1,SIMANT_MODULE,7538,_NetBIOSPost,SYMBOL_ONLY_START,GAME,PROBABLE
538fed3f0fd60a6528a5e5b20990361ac4d274c58266a81e71c24f751612589d,9d27f4d0872e483ddbf460bda8a2e34b7180f153c6d7c1a74d692720476c9a7f,1,SIMANT_MODULE,7615,_ProcessPost,SYMBOL_ONLY_START,GAME,PROBABLE
538fed3f0fd60a6528a5e5b20990361ac4d274c58266a81e71c24f751612589d,9d27f4d0872e483ddbf460bda8a2e34b7180f153c6d7c1a74d692720476c9a7f,1,SIMANT_MODULE,8288,_NetworkSend,SYMBOL_ONLY_START,GAME,PROBABLE
538fed3f0fd60a6528a5e5b20990361ac4d274c58266a81e71c24f751612589d,9d27f4d0872e483ddbf460bda8a2e34b7180f153c6d7c1a74d692720476c9a7f,1,SIMANT_MODULE,8740,_UpdateWindows,SYMBOL_ONLY_START,GAME,PROBABLE
538fed3f0fd60a6528a5e5b20990361ac4d274c58266a81e71c24f751612589d,9d27f4d0872e483ddbf460bda8a2e34b7180f153c6d7c1a74d692720476c9a7f,1,SIMANT_MODULE,9280,MYTIMERFUNC,SYMBOL_ONLY_START,GAME,PROBABLE
538fed3f0fd60a6528a5e5b20990361ac4d274c58266a81e71c24f751612589d,9d27f4d0872e483ddbf460bda8a2e34b7180f153c6d7c1a74d692720476c9a7f,1,SIMANT_MODULE,10254,_LoadFancyCursor,SYMBOL_ONLY_START,GAME,PROBABLE
538fed3f0fd60a6528a5e5b20990361ac4d274c58266a81e71c24f751612589d,9d27f4d0872e483ddbf460bda8a2e34b7180f153c6d7c1a74d692720476c9a7f,1,SIMANT_MODULE,10368,_SetFancyCursor,SYMBOL_ONLY_START,GAME,PROBABLE
538fed3f0fd60a6528a5e5b20990361ac4d274c58266a81e71c24f751612589d,9d27f4d0872e483ddbf460bda8a2e34b7180f153c6d7c1a74d692720476c9a7f,1,SIMANT_MODULE,10544,MAINWNDPROC,SYMBOL_ONLY_START,GAME,PROBABLE
538fed3f0fd60a6528a5e5b20990361ac4d274c58266a81e71c24f751612589d,9d27f4d0872e483ddbf460bda8a2e34b7180f153c6d7c1a74d692720476c9a7f,1,SIMANT_MODULE,15498,_InitInstance,SYMBOL_ONLY_START,GAME,PROBABLE
538fed3f0fd60a6528a5e5b20990361ac4d274c58266a81e71c24f751612589d,9d27f4d0872e483ddbf460bda8a2e34b7180f153c6d7c1a74d692720476c9a7f,1,SIMANT_MODULE,15824,_InitApplication,SYMBOL_ONLY_START,GAME,PROBABLE
538fed3f0fd60a6528a5e5b20990361ac4d274c58266a81e71c24f751612589d,9d27f4d0872e483ddbf460bda8a2e34b7180f153c6d7c1a74d692720476c9a7f,1,SIMANT_MODULE,16140,_PatchColorArrays,SYMBOL_ONLY_START,GAME,PROBABLE
538fed3f0fd60a6528a5e5b20990361ac4d274c58266a81e71c24f751612589d,9d27f4d0872e483ddbf460bda8a2e34b7180f153c6d7c1a74d692720476c9a7f,1,SIMANT_MODULE,16346,WINMAIN,SYMBOL_ONLY_START,GAME,PROBABLE
538fed3f0fd60a6528a5e5b20990361ac4d274c58266a81e71c24f751612589d,9d27f4d0872e483ddbf460bda8a2e34b7180f153c6d7c1a74d692720476c9a7f,1,SIMANT_MODULE,17892,_SetDevicePalette,SYMBOL_ONLY_START,GAME,PROBABLE
538fed3f0fd60a6528a5e5b20990361ac4d274c58266a81e71c24f751612589d,9d27f4d0872e483ddbf460bda8a2e34b7180f153c6d7c1a74d692720476c9a7f,1,SIMANT_MODULE,18078,_SetUpPalette,SYMBOL_ONLY_START,GAME,PROBABLE
538fed3f0fd60a6528a5e5b20990361ac4d274c58266a81e71c24f751612589d,9d27f4d0872e483ddbf460bda8a2e34b7180f153c6d7c1a74d692720476c9a7f,1,SIMANT_MODULE,18644,_MyPow,SYMBOL_ONLY_START,GAME,PROBABLE
538fed3f0fd60a6528a5e5b20990361ac4d274c58266a81e71c24f751612589d,9d27f4d0872e483ddbf460bda8a2e34b7180f153c6d7c1a74d692720476c9a7f,1,SIMANT_MODULE,18750,_InitPalette,SYMBOL_ONLY_START,GAME,PROBABLE
538fed3f0fd60a6528a5e5b20990361ac4d274c58266a81e71c24f751612589d,9d27f4d0872e483ddbf460bda8a2e34b7180f153c6d7c1a74d692720476c9a7f,1,SIMANT_MODULE,19468,_ClosePalette,SYMBOL_ONLY_START,GAME,PROBABLE
538fed3f0fd60a6528a5e5b20990361ac4d274c58266a81e71c24f751612589d,9d27f4d0872e483ddbf460bda8a2e34b7180f153c6d7c1a74d692720476c9a7f,1,SIMANT_MODULE,19492,_SetMenuEntries,SYMBOL_ONLY_START,GAME,PROBABLE
538fed3f0fd60a6528a5e5b20990361ac4d274c58266a81e71c24f751612589d,9d27f4d0872e483ddbf460bda8a2e34b7180f153c6d7c1a74d692720476c9a7f,1,SIMANT_MODULE,19650,_PauseGame,SYMBOL_ONLY_START,GAME,PROBABLE
538fed3f0fd60a6528a5e5b20990361ac4d274c58266a81e71c24f751612589d,9d27f4d0872e483ddbf460bda8a2e34b7180f153c6d7c1a74d692720476c9a7f,1,SIMANT_MODULE,20020,_SetPause,SYMBOL_ONLY_START,GAME,PROBABLE
538fed3f0fd60a6528a5e5b20990361ac4d274c58266a81e71c24f751612589d,9d27f4d0872e483ddbf460bda8a2e34b7180f153c6d7c1a74d692720476c9a7f,1,SIMANT_MODULE,20390,_ProcMenuHelp,SYMBOL_ONLY_START,GAME,PROBABLE
538fed3f0fd60a6528a5e5b20990361ac4d274c58266a81e71c24f751612589d,9d27f4d0872e483ddbf460bda8a2e34b7180f153c6d7c1a74d692720476c9a7f,1,SIMANT_MODULE,20418,_ProcMenu,SYMBOL_ONLY_START,GAME,PROBABLE
538fed3f0fd60a6528a5e5b20990361ac4d274c58266a81e71c24f751612589d,9d27f4d0872e483ddbf460bda8a2e34b7180f153c6d7c1a74d692720476c9a7f,1,SIMANT_MODULE,21604,_InitApplicationWindows,SYMBOL_ONLY_START,GAME,PROBABLE
538fed3f0fd60a6528a5e5b20990361ac4d274c58266a81e71c24f751612589d,9d27f4d0872e483ddbf460bda8a2e34b7180f153c6d7c1a74d692720476c9a7f,1,SIMANT_MODULE,21802,_InitApplicationStuff,SYMBOL_ONLY_START,GAME,PROBABLE
538fed3f0fd60a6528a5e5b20990361ac4d274c58266a81e71c24f751612589d,9d27f4d0872e483ddbf460bda8a2e34b7180f153c6d7c1a74d692720476c9a7f,1,SIMANT_MODULE,21808,_CalcScore,SYMBOL_ONLY_START,GAME,PROBABLE
538fed3f0fd60a6528a5e5b20990361ac4d274c58266a81e71c24f751612589d,9d27f4d0872e483ddbf460bda8a2e34b7180f153c6d7c1a74d692720476c9a7f,1,SIMANT_MODULE,22936,_DoScenario,SYMBOL_ONLY_START,GAME,PROBABLE
538fed3f0fd60a6528a5e5b20990361ac4d274c58266a81e71c24f751612589d,9d27f4d0872e483ddbf460bda8a2e34b7180f153c6d7c1a74d692720476c9a7f,1,SIMANT_MODULE,23212,_DoWinHelp,SYMBOL_ONLY_START,GAME,PROBABLE
538fed3f0fd60a6528a5e5b20990361ac4d274c58266a81e71c24f751612589d,9d27f4d0872e483ddbf460bda8a2e34b7180f153c6d7c1a74d692720476c9a7f,1,SIMANT_MODULE,23242,_win_DrawScoreWindow,SYMBOL_ONLY_START,GAME,PROBABLE
538fed3f0fd60a6528a5e5b20990361ac4d274c58266a81e71c24f751612589d,9d27f4d0872e483ddbf460bda8a2e34b7180f153c6d7c1a74d692720476c9a7f,1,SIMANT_MODULE,23722,_ScoreDialog,SYMBOL_ONLY_START,GAME,PROBABLE
538fed3f0fd60a6528a5e5b20990361ac4d274c58266a81e71c24f751612589d,9d27f4d0872e483ddbf460bda8a2e34b7180f153c6d7c1a74d692720476c9a7f,1,SIMANT_MODULE,23966,_DrawCastePopUp,SYMBOL_ONLY_START,GAME,PROBABLE
538fed3f0fd60a6528a5e5b20990361ac4d274c58266a81e71c24f751612589d,9d27f4d0872e483ddbf460bda8a2e34b7180f153c6d7c1a74d692720476c9a7f,1,SIMANT_MODULE,24780,_SetDefaultWindPrompt,SYMBOL_ONLY_START,GAME,PROBABLE
538fed3f0fd60a6528a5e5b20990361ac4d274c58266a81e71c24f751612589d,9d27f4d0872e483ddbf460bda8a2e34b7180f153c6d7c1a74d692720476c9a7f,1,SIMANT_MODULE,24922,_PictStrnDialog,SYMBOL_ONLY_START,GAME,PROBABLE
538fed3f0fd60a6528a5e5b20990361ac4d274c58266a81e71c24f751612589d,9d27f4d0872e483ddbf460bda8a2e34b7180f153c6d7c1a74d692720476c9a7f,1,SIMANT_MODULE,25078,_win_DrawPictureWindow,SYMBOL_ONLY_START,GAME,PROBABLE
538fed3f0fd60a6528a5e5b20990361ac4d274c58266a81e71c24f751612589d,9d27f4d0872e483ddbf460bda8a2e34b7180f153c6d7c1a74d692720476c9a7f,1,SIMANT_MODULE,25276,_PictureDialog,SYMBOL_ONLY_START,GAME,PROBABLE
538fed3f0fd60a6528a5e5b20990361ac4d274c58266a81e71c24f751612589d,9d27f4d0872e483ddbf460bda8a2e34b7180f153c6d7c1a74d692720476c9a7f,1,SIMANT_MODULE,25812,_win_DrawEndGameWindow,SYMBOL_ONLY_START,GAME,PROBABLE
538fed3f0fd60a6528a5e5b20990361ac4d274c58266a81e71c24f751612589d,9d27f4d0872e483ddbf460bda8a2e34b7180f153c6d7c1a74d692720476c9a7f,1,SIMANT_MODULE,26114,_EndGameDialog,SYMBOL_ONLY_START,GAME,PROBABLE
538fed3f0fd60a6528a5e5b20990361ac4d274c58266a81e71c24f751612589d,9d27f4d0872e483ddbf460bda8a2e34b7180f153c6d7c1a74d692720476c9a7f,1,SIMANT_MODULE,26426,_SpiderDialog,SYMBOL_ONLY_START,GAME,PROBABLE
538fed3f0fd60a6528a5e5b20990361ac4d274c58266a81e71c24f751612589d,9d27f4d0872e483ddbf460bda8a2e34b7180f153c6d7c1a74d692720476c9a7f,1,SIMANT_MODULE,26964,_CustomerIDDialog,SYMBOL_ONLY_START,GAME,PROBABLE
538fed3f0fd60a6528a5e5b20990361ac4d274c58266a81e71c24f751612589d,9d27f4d0872e483ddbf460bda8a2e34b7180f153c6d7c1a74d692720476c9a7f,1,SIMANT_MODULE,27192,_processEdit,SYMBOL_ONLY_START,GAME,PROBABLE
538fed3f0fd60a6528a5e5b20990361ac4d274c58266a81e71c24f751612589d,9d27f4d0872e483ddbf460bda8a2e34b7180f153c6d7c1a74d692720476c9a7f,1,SIMANT_MODULE,28360,_DoLaserFire,SYMBOL_ONLY_START,GAME,PROBABLE
538fed3f0fd60a6528a5e5b20990361ac4d274c58266a81e71c24f751612589d,9d27f4d0872e483ddbf460bda8a2e34b7180f153c6d7c1a74d692720476c9a7f,1,SIMANT_MODULE,29080,_processSpider,SYMBOL_ONLY_START,GAME,PROBABLE
538fed3f0fd60a6528a5e5b20990361ac4d274c58266a81e71c24f751612589d,9d27f4d0872e483ddbf460bda8a2e34b7180f153c6d7c1a74d692720476c9a7f,1,SIMANT_MODULE,29370,_ResetYellowVars,SYMBOL_ONLY_START,GAME,PROBABLE
538fed3f0fd60a6528a5e5b20990361ac4d274c58266a81e71c24f751612589d,9d27f4d0872e483ddbf460bda8a2e34b7180f153c6d7c1a74d692720476c9a7f,1,SIMANT_MODULE,29492,_SetGoalsY,SYMBOL_ONLY_START,GAME,PROBABLE
538fed3f0fd60a6528a5e5b20990361ac4d274c58266a81e71c24f751612589d,9d27f4d0872e483ddbf460bda8a2e34b7180f153c6d7c1a74d692720476c9a7f,1,SIMANT_MODULE,29598,_YellowBirth,SYMBOL_ONLY_START,GAME,PROBABLE
538fed3f0fd60a6528a5e5b20990361ac4d274c58266a81e71c24f751612589d,9d27f4d0872e483ddbf460bda8a2e34b7180f153c6d7c1a74d692720476c9a7f,1,SIMANT_MODULE,30534,_YellowDeath,SYMBOL_ONLY_START,GAME,PROBABLE
538fed3f0fd60a6528a5e5b20990361ac4d274c58266a81e71c24f751612589d,9d27f4d0872e483ddbf460bda8a2e34b7180f153c6d7c1a74d692720476c9a7f,1,SIMANT_MODULE,32438,_SpecialXfer,SYMBOL_ONLY_START,GAME,PROBABLE
538fed3f0fd60a6528a5e5b20990361ac4d274c58266a81e71c24f751612589d,9d27f4d0872e483ddbf460bda8a2e34b7180f153c6d7c1a74d692720476c9a7f,1,SIMANT_MODULE,32928,_LionDialog,SYMBOL_ONLY_START,GAME,PROBABLE
538fed3f0fd60a6528a5e5b20990361ac4d274c58266a81e71c24f751612589d,9d27f4d0872e483ddbf460bda8a2e34b7180f153c6d7c1a74d692720476c9a7f,1,SIMANT_MODULE,33378,_YellowDialog,SYMBOL_ONLY_START,GAME,PROBABLE
538fed3f0fd60a6528a5e5b20990361ac4d274c58266a81e71c24f751612589d,9d27f4d0872e483ddbf460bda8a2e34b7180f153c6d7c1a74d692720476c9a7f,1,SIMANT_MODULE,33902,_DoTroph,SYMBOL_ONLY_START,GAME,PROBABLE
538fed3f0fd60a6528a5e5b20990361ac4d274c58266a81e71c24f751612589d,9d27f4d0872e483ddbf460bda8a2e34b7180f153c6d7c1a74d692720476c9a7f,1,SIMANT_MODULE,33996,_SetAlarmDropState,SYMBOL_ONLY_START,GAME,PROBABLE
538fed3f0fd60a6528a5e5b20990361ac4d274c58266a81e71c24f751612589d,9d27f4d0872e483ddbf460bda8a2e34b7180f153c6d7c1a74d692720476c9a7f,1,SIMANT_MODULE,34146,_YellowCommandKey,SYMBOL_ONLY_START,GAME,PROBABLE
538fed3f0fd60a6528a5e5b20990361ac4d274c58266a81e71c24f751612589d,9d27f4d0872e483ddbf460bda8a2e34b7180f153c6d7c1a74d692720476c9a7f,1,SIMANT_MODULE,34746,_YellowCommand,SYMBOL_ONLY_START,GAME,PROBABLE
538fed3f0fd60a6528a5e5b20990361ac4d274c58266a81e71c24f751612589d,9d27f4d0872e483ddbf460bda8a2e34b7180f153c6d7c1a74d692720476c9a7f,1,SIMANT_MODULE,35372,_YellowHelp,SYMBOL_ONLY_START,GAME,PROBABLE
538fed3f0fd60a6528a5e5b20990361ac4d274c58266a81e71c24f751612589d,9d27f4d0872e483ddbf460bda8a2e34b7180f153c6d7c1a74d692720476c9a7f,1,SIMANT_MODULE,35434,_OpenHistoryWindow,SYMBOL_ONLY_START,GAME,PROBABLE
538fed3f0fd60a6528a5e5b20990361ac4d274c58266a81e71c24f751612589d,9d27f4d0872e483ddbf460bda8a2e34b7180f153c6d7c1a74d692720476c9a7f,1,SIMANT_MODULE,35446,_ProcHistoryEvent,SYMBOL_ONLY_START,GAME,PROBABLE
538fed3f0fd60a6528a5e5b20990361ac4d274c58266a81e71c24f751612589d,9d27f4d0872e483ddbf460bda8a2e34b7180f153c6d7c1a74d692720476c9a7f,1,SIMANT_MODULE,35692,_ToggleHistButton,SYMBOL_ONLY_START,GAME,PROBABLE
538fed3f0fd60a6528a5e5b20990361ac4d274c58266a81e71c24f751612589d,9d27f4d0872e483ddbf460bda8a2e34b7180f153c6d7c1a74d692720476c9a7f,1,SIMANT_MODULE,36092,_ClearHistory,SYMBOL_ONLY_START,GAME,PROBABLE
538fed3f0fd60a6528a5e5b20990361ac4d274c58266a81e71c24f751612589d,9d27f4d0872e483ddbf460bda8a2e34b7180f153c6d7c1a74d692720476c9a7f,1,SIMANT_MODULE,36392,_win_DrawHistoryWindow,SYMBOL_ONLY_START,GAME,PROBABLE
538fed3f0fd60a6528a5e5b20990361ac4d274c58266a81e71c24f751612589d,9d27f4d0872e483ddbf460bda8a2e34b7180f153c6d7c1a74d692720476c9a7f,1,SIMANT_MODULE,36472,_drawHistGraph,SYMBOL_ONLY_START,GAME,PROBABLE
538fed3f0fd60a6528a5e5b20990361ac4d274c58266a81e71c24f751612589d,9d27f4d0872e483ddbf460bda8a2e34b7180f153c6d7c1a74d692720476c9a7f,1,SIMANT_MODULE,37250,_HistUpdate,SYMBOL_ONLY_START,GAME,PROBABLE
538fed3f0fd60a6528a5e5b20990361ac4d274c58266a81e71c24f751612589d,9d27f4d0872e483ddbf460bda8a2e34b7180f153c6d7c1a74d692720476c9a7f,1,SIMANT_MODULE,37568,_EditMessage,SYMBOL_ONLY_START,GAME,PROBABLE
538fed3f0fd60a6528a5e5b20990361ac4d274c58266a81e71c24f751612589d,9d27f4d0872e483ddbf460bda8a2e34b7180f153c6d7c1a74d692720476c9a7f,1,SIMANT_MODULE,37920,_win_YardClosed,SYMBOL_ONLY_START,GAME,PROBABLE
538fed3f0fd60a6528a5e5b20990361ac4d274c58266a81e71c24f751612589d,9d27f4d0872e483ddbf460bda8a2e34b7180f153c6d7c1a74d692720476c9a7f,1,SIMANT_MODULE,38052,_UpdateLayQueenModeDisplay,SYMBOL_ONLY_START,GAME,PROBABLE
538fed3f0fd60a6528a5e5b20990361ac4d274c58266a81e71c24f751612589d,9d27f4d0872e483ddbf460bda8a2e34b7180f153c6d7c1a74d692720476c9a7f,1,SIMANT_MODULE,38160,_win_MapChanged,SYMBOL_ONLY_START,GAME,PROBABLE
538fed3f0fd60a6528a5e5b20990361ac4d274c58266a81e71c24f751612589d,9d27f4d0872e483ddbf460bda8a2e34b7180f153c6d7c1a74d692720476c9a7f,1,SIMANT_MODULE,38204,_SetMapTitle,SYMBOL_ONLY_START,GAME,PROBABLE
538fed3f0fd60a6528a5e5b20990361ac4d274c58266a81e71c24f751612589d,9d27f4d0872e483ddbf460bda8a2e34b7180f153c6d7c1a74d692720476c9a7f,1,SIMANT_MODULE,38366,_ClearMapScentButtons,SYMBOL_ONLY_START,GAME,PROBABLE
538fed3f0fd60a6528a5e5b20990361ac4d274c58266a81e71c24f751612589d,9d27f4d0872e483ddbf460bda8a2e34b7180f153c6d7c1a74d692720476c9a7f,1,SIMANT_MODULE,38432,_myDelay,SYMBOL_ONLY_START,GAME,PROBABLE
538fed3f0fd60a6528a5e5b20990361ac4d274c58266a81e71c24f751612589d,9d27f4d0872e483ddbf460bda8a2e34b7180f153c6d7c1a74d692720476c9a7f,1,SIMANT_MODULE,38548,_MacTickCount,SYMBOL_ONLY_START,GAME,PROBABLE
538fed3f0fd60a6528a5e5b20990361ac4d274c58266a81e71c24f751612589d,9d27f4d0872e483ddbf460bda8a2e34b7180f153c6d7c1a74d692720476c9a7f,1,SIMANT_MODULE,38566,_myButton,SYMBOL_ONLY_START,GAME,PROBABLE
538fed3f0fd60a6528a5e5b20990361ac4d274c58266a81e71c24f751612589d,9d27f4d0872e483ddbf460bda8a2e34b7180f153c6d7c1a74d692720476c9a7f,1,SIMANT_MODULE,38572,_DoShiftHelp,SYMBOL_ONLY_START,GAME,PROBABLE
538fed3f0fd60a6528a5e5b20990361ac4d274c58266a81e71c24f751612589d,9d27f4d0872e483ddbf460bda8a2e34b7180f153c6d7c1a74d692720476c9a7f,1,SIMANT_MODULE,38574,_initSimWindows,SYMBOL_ONLY_START,GAME,PROBABLE
538fed3f0fd60a6528a5e5b20990361ac4d274c58266a81e71c24f751612589d,9d27f4d0872e483ddbf460bda8a2e34b7180f153c6d7c1a74d692720476c9a7f,1,SIMANT_MODULE,38576,_SetSimCursor,SYMBOL_ONLY_START,GAME,PROBABLE
538fed3f0fd60a6528a5e5b20990361ac4d274c58266a81e71c24f751612589d,9d27f4d0872e483ddbf460bda8a2e34b7180f153c6d7c1a74d692720476c9a7f,1,SIMANT_MODULE,38578,_BootUpGame,SYMBOL_ONLY_START,GAME,PROBABLE
538fed3f0fd60a6528a5e5b20990361ac4d274c58266a81e71c24f751612589d,9d27f4d0872e483ddbf460bda8a2e34b7180f153c6d7c1a74d692720476c9a7f,1,SIMANT_MODULE,38582,_CheckItem,SYMBOL_ONLY_START,GAME,PROBABLE
538fed3f0fd60a6528a5e5b20990361ac4d274c58266a81e71c24f751612589d,9d27f4d0872e483ddbf460bda8a2e34b7180f153c6d7c1a74d692720476c9a7f,1,SIMANT_MODULE,38584,_ScrollDownS,SYMBOL_ONLY_START,GAME,PROBABLE
538fed3f0fd60a6528a5e5b20990361ac4d274c58266a81e71c24f751612589d,9d27f4d0872e483ddbf460bda8a2e34b7180f153c6d7c1a74d692720476c9a7f,1,SIMANT_MODULE,38586,_ScrollUpS,SYMBOL_ONLY_START,GAME,PROBABLE
538fed3f0fd60a6528a5e5b20990361ac4d274c58266a81e71c24f751612589d,9d27f4d0872e483ddbf460bda8a2e34b7180f153c6d7c1a74d692720476c9a7f,1,SIMANT_MODULE,38588,_ScrollUp,SYMBOL_ONLY_START,GAME,PROBABLE
538fed3f0fd60a6528a5e5b20990361ac4d274c58266a81e71c24f751612589d,9d27f4d0872e483ddbf460bda8a2e34b7180f153c6d7c1a74d692720476c9a7f,1,SIMANT_MODULE,38590,_ScrollDown,SYMBOL_ONLY_START,GAME,PROBABLE
538fed3f0fd60a6528a5e5b20990361ac4d274c58266a81e71c24f751612589d,9d27f4d0872e483ddbf460bda8a2e34b7180f153c6d7c1a74d692720476c9a7f,1,SIMANT_MODULE,38592,_ScrollRight,SYMBOL_ONLY_START,GAME,PROBABLE
538fed3f0fd60a6528a5e5b20990361ac4d274c58266a81e71c24f751612589d,9d27f4d0872e483ddbf460bda8a2e34b7180f153c6d7c1a74d692720476c9a7f,1,SIMANT_MODULE,38594,_ScrollRightS,SYMBOL_ONLY_START,GAME,PROBABLE
538fed3f0fd60a6528a5e5b20990361ac4d274c58266a81e71c24f751612589d,9d27f4d0872e483ddbf460bda8a2e34b7180f153c6d7c1a74d692720476c9a7f,1,SIMANT_MODULE,38596,_InvalQueenStorageDisp,SYMBOL_ONLY_START,GAME,PROBABLE
538fed3f0fd60a6528a5e5b20990361ac4d274c58266a81e71c24f751612589d,9d27f4d0872e483ddbf460bda8a2e34b7180f153c6d7c1a74d692720476c9a7f,1,SIMANT_MODULE,38598,_ScrollLeft,SYMBOL_ONLY_START,GAME,PROBABLE
538fed3f0fd60a6528a5e5b20990361ac4d274c58266a81e71c24f751612589d,9d27f4d0872e483ddbf460bda8a2e34b7180f153c6d7c1a74d692720476c9a7f,1,SIMANT_MODULE,38600,_MakeDMap,SYMBOL_ONLY_START,GAME,PROBABLE
538fed3f0fd60a6528a5e5b20990361ac4d274c58266a81e71c24f751612589d,9d27f4d0872e483ddbf460bda8a2e34b7180f153c6d7c1a74d692720476c9a7f,1,SIMANT_MODULE,38602,_TileIsVisible,SYMBOL_ONLY_START,GAME,PROBABLE
538fed3f0fd60a6528a5e5b20990361ac4d274c58266a81e71c24f751612589d,9d27f4d0872e483ddbf460bda8a2e34b7180f153c6d7c1a74d692720476c9a7f,1,SIMANT_MODULE,38676,_ABS,SYMBOL_ONLY_START,GAME,PROBABLE
538fed3f0fd60a6528a5e5b20990361ac4d274c58266a81e71c24f751612589d,9d27f4d0872e483ddbf460bda8a2e34b7180f153c6d7c1a74d692720476c9a7f,1,SIMANT_MODULE,38696,_ErrorLog,SYMBOL_ONLY_START,GAME,PROBABLE
538fed3f0fd60a6528a5e5b20990361ac4d274c58266a81e71c24f751612589d,9d27f4d0872e483ddbf460bda8a2e34b7180f153c6d7c1a74d692720476c9a7f,1,SIMANT_MODULE,38698,_YardToMap,SYMBOL_ONLY_START,GAME,PROBABLE
538fed3f0fd60a6528a5e5b20990361ac4d274c58266a81e71c24f751612589d,9d27f4d0872e483ddbf460bda8a2e34b7180f153c6d7c1a74d692720476c9a7f,1,SIMANT_MODULE,39192,_MapToYard,SYMBOL_ONLY_START,GAME,PROBABLE
538fed3f0fd60a6528a5e5b20990361ac4d274c58266a81e71c24f751612589d,9d27f4d0872e483ddbf460bda8a2e34b7180f153c6d7c1a74d692720476c9a7f,1,SIMANT_MODULE,39722,_OpenMapYard,SYMBOL_ONLY_START,GAME,PROBABLE
538fed3f0fd60a6528a5e5b20990361ac4d274c58266a81e71c24f751612589d,9d27f4d0872e483ddbf460bda8a2e34b7180f153c6d7c1a74d692720476c9a7f,1,SIMANT_MODULE,39776,_UpdateEverything,SYMBOL_ONLY_START,GAME,PROBABLE
538fed3f0fd60a6528a5e5b20990361ac4d274c58266a81e71c24f751612589d,9d27f4d0872e483ddbf460bda8a2e34b7180f153c6d7c1a74d692720476c9a7f,1,SIMANT_MODULE,39788,_DialogClearWait,SYMBOL_ONLY_START,GAME,PROBABLE
538fed3f0fd60a6528a5e5b20990361ac4d274c58266a81e71c24f751612589d,9d27f4d0872e483ddbf460bda8a2e34b7180f153c6d7c1a74d692720476c9a7f,1,SIMANT_MODULE,39834,_DialogClearWaitInit,SYMBOL_ONLY_START,GAME,PROBABLE
538fed3f0fd60a6528a5e5b20990361ac4d274c58266a81e71c24f751612589d,9d27f4d0872e483ddbf460bda8a2e34b7180f153c6d7c1a74d692720476c9a7f,1,SIMANT_MODULE,39904,_DialogWait,SYMBOL_ONLY_START,GAME,PROBABLE
538fed3f0fd60a6528a5e5b20990361ac4d274c58266a81e71c24f751612589d,9d27f4d0872e483ddbf460bda8a2e34b7180f153c6d7c1a74d692720476c9a7f,1,SIMANT_MODULE,39934,_DialogWaitInit,SYMBOL_ONLY_START,GAME,PROBABLE
538fed3f0fd60a6528a5e5b20990361ac4d274c58266a81e71c24f751612589d,9d27f4d0872e483ddbf460bda8a2e34b7180f153c6d7c1a74d692720476c9a7f,1,SIMANT_MODULE,40038,_DialogAbort,SYMBOL_ONLY_START,GAME,PROBABLE
538fed3f0fd60a6528a5e5b20990361ac4d274c58266a81e71c24f751612589d,9d27f4d0872e483ddbf460bda8a2e34b7180f153c6d7c1a74d692720476c9a7f,1,SIMANT_MODULE,40088,_DialogAbortOrCont,SYMBOL_ONLY_START,GAME,PROBABLE
538fed3f0fd60a6528a5e5b20990361ac4d274c58266a81e71c24f751612589d,9d27f4d0872e483ddbf460bda8a2e34b7180f153c6d7c1a74d692720476c9a7f,1,SIMANT_MODULE,40148,_DialogDone,SYMBOL_ONLY_START,GAME,PROBABLE
538fed3f0fd60a6528a5e5b20990361ac4d274c58266a81e71c24f751612589d,9d27f4d0872e483ddbf460bda8a2e34b7180f153c6d7c1a74d692720476c9a7f,1,SIMANT_MODULE,40166,_DialogAbortAll,SYMBOL_ONLY_START,GAME,PROBABLE
538fed3f0fd60a6528a5e5b20990361ac4d274c58266a81e71c24f751612589d,9d27f4d0872e483ddbf460bda8a2e34b7180f153c6d7c1a74d692720476c9a7f,1,SIMANT_MODULE,40196,_AddSomeAnts,SYMBOL_ONLY_START,GAME,PROBABLE
538fed3f0fd60a6528a5e5b20990361ac4d274c58266a81e71c24f751612589d,9d27f4d0872e483ddbf460bda8a2e34b7180f153c6d7c1a74d692720476c9a7f,1,SIMANT_MODULE,40286,_KillSomeAnts,SYMBOL_ONLY_START,GAME,PROBABLE
538fed3f0fd60a6528a5e5b20990361ac4d274c58266a81e71c24f751612589d,9d27f4d0872e483ddbf460bda8a2e34b7180f153c6d7c1a74d692720476c9a7f,1,SIMANT_MODULE,40484,_SubtractFood,SYMBOL_ONLY_START,GAME,PROBABLE
538fed3f0fd60a6528a5e5b20990361ac4d274c58266a81e71c24f751612589d,9d27f4d0872e483ddbf460bda8a2e34b7180f153c6d7c1a74d692720476c9a7f,1,SIMANT_MODULE,40562,_SetEditMode,SYMBOL_ONLY_START,GAME,PROBABLE
538fed3f0fd60a6528a5e5b20990361ac4d274c58266a81e71c24f751612589d,9d27f4d0872e483ddbf460bda8a2e34b7180f153c6d7c1a74d692720476c9a7f,1,SIMANT_MODULE,40578,_SetMapModeAnt,SYMBOL_ONLY_START,GAME,PROBABLE
538fed3f0fd60a6528a5e5b20990361ac4d274c58266a81e71c24f751612589d,9d27f4d0872e483ddbf460bda8a2e34b7180f153c6d7c1a74d692720476c9a7f,1,SIMANT_MODULE,40852,_SetYardMode,SYMBOL_ONLY_START,GAME,PROBABLE
538fed3f0fd60a6528a5e5b20990361ac4d274c58266a81e71c24f751612589d,9d27f4d0872e483ddbf460bda8a2e34b7180f153c6d7c1a74d692720476c9a7f,1,SIMANT_MODULE,41862,_SetMapPlaneLocation,SYMBOL_ONLY_START,GAME,PROBABLE
538fed3f0fd60a6528a5e5b20990361ac4d274c58266a81e71c24f751612589d,9d27f4d0872e483ddbf460bda8a2e34b7180f153c6d7c1a74d692720476c9a7f,1,SIMANT_MODULE,42282,_GotoMapPoint,SYMBOL_ONLY_START,GAME,PROBABLE
538fed3f0fd60a6528a5e5b20990361ac4d274c58266a81e71c24f751612589d,9d27f4d0872e483ddbf460bda8a2e34b7180f153c6d7c1a74d692720476c9a7f,1,SIMANT_MODULE,42442,_SetMapPlane,SYMBOL_ONLY_START,GAME,PROBABLE
538fed3f0fd60a6528a5e5b20990361ac4d274c58266a81e71c24f751612589d,9d27f4d0872e483ddbf460bda8a2e34b7180f153c6d7c1a74d692720476c9a7f,1,SIMANT_MODULE,42720,_CenterAnt,SYMBOL_ONLY_START,GAME,PROBABLE
538fed3f0fd60a6528a5e5b20990361ac4d274c58266a81e71c24f751612589d,9d27f4d0872e483ddbf460bda8a2e34b7180f153c6d7c1a74d692720476c9a7f,1,SIMANT_MODULE,42852,_GotoMyAnt,SYMBOL_ONLY_START,GAME,PROBABLE
538fed3f0fd60a6528a5e5b20990361ac4d274c58266a81e71c24f751612589d,9d27f4d0872e483ddbf460bda8a2e34b7180f153c6d7c1a74d692720476c9a7f,1,SIMANT_MODULE,43076,_GotoSpider,SYMBOL_ONLY_START,GAME,PROBABLE
538fed3f0fd60a6528a5e5b20990361ac4d274c58266a81e71c24f751612589d,9d27f4d0872e483ddbf460bda8a2e34b7180f153c6d7c1a74d692720476c9a7f,1,SIMANT_MODULE,43282,_GotoQueen,SYMBOL_ONLY_START,GAME,PROBABLE
538fed3f0fd60a6528a5e5b20990361ac4d274c58266a81e71c24f751612589d,9d27f4d0872e483ddbf460bda8a2e34b7180f153c6d7c1a74d692720476c9a7f,1,SIMANT_MODULE,43702,_GotoBQueen,SYMBOL_ONLY_START,GAME,PROBABLE
538fed3f0fd60a6528a5e5b20990361ac4d274c58266a81e71c24f751612589d,9d27f4d0872e483ddbf460bda8a2e34b7180f153c6d7c1a74d692720476c9a7f,1,SIMANT_MODULE,43908,_GotoRQueen,SYMBOL_ONLY_START,GAME,PROBABLE
538fed3f0fd60a6528a5e5b20990361ac4d274c58266a81e71c24f751612589d,9d27f4d0872e483ddbf460bda8a2e34b7180f153c6d7c1a74d692720476c9a7f,1,SIMANT_MODULE,43920,_XferPatch,SYMBOL_ONLY_START,GAME,PROBABLE
538fed3f0fd60a6528a5e5b20990361ac4d274c58266a81e71c24f751612589d,9d27f4d0872e483ddbf460bda8a2e34b7180f153c6d7c1a74d692720476c9a7f,1,SIMANT_MODULE,44306,_PlaceQueenInYard,SYMBOL_ONLY_START,GAME,PROBABLE
538fed3f0fd60a6528a5e5b20990361ac4d274c58266a81e71c24f751612589d,9d27f4d0872e483ddbf460bda8a2e34b7180f153c6d7c1a74d692720476c9a7f,1,SIMANT_MODULE,45244,_MysteryButton,SYMBOL_ONLY_START,GAME,PROBABLE
538fed3f0fd60a6528a5e5b20990361ac4d274c58266a81e71c24f751612589d,9d27f4d0872e483ddbf460bda8a2e34b7180f153c6d7c1a74d692720476c9a7f,1,SIMANT_MODULE,45860,_InitTriVars,SYMBOL_ONLY_START,GAME,PROBABLE
538fed3f0fd60a6528a5e5b20990361ac4d274c58266a81e71c24f751612589d,9d27f4d0872e483ddbf460bda8a2e34b7180f153c6d7c1a74d692720476c9a7f,1,SIMANT_MODULE,46012,_win_CasteControlChanged,SYMBOL_ONLY_START,GAME,PROBABLE
538fed3f0fd60a6528a5e5b20990361ac4d274c58266a81e71c24f751612589d,9d27f4d0872e483ddbf460bda8a2e34b7180f153c6d7c1a74d692720476c9a7f,1,SIMANT_MODULE,46512,_win_ModeControlChanged,SYMBOL_ONLY_START,GAME,PROBABLE
538fed3f0fd60a6528a5e5b20990361ac4d274c58266a81e71c24f751612589d,9d27f4d0872e483ddbf460bda8a2e34b7180f153c6d7c1a74d692720476c9a7f,1,SIMANT_MODULE,47012,_UpdateCasteWindow,SYMBOL_ONLY_START,GAME,PROBABLE
538fed3f0fd60a6528a5e5b20990361ac4d274c58266a81e71c24f751612589d,9d27f4d0872e483ddbf460bda8a2e34b7180f153c6d7c1a74d692720476c9a7f,1,SIMANT_MODULE,47560,_UpdateModeWindow,SYMBOL_ONLY_START,GAME,PROBABLE
538fed3f0fd60a6528a5e5b20990361ac4d274c58266a81e71c24f751612589d,9d27f4d0872e483ddbf460bda8a2e34b7180f153c6d7c1a74d692720476c9a7f,1,SIMANT_MODULE,48108,_OpenCasteWindow,SYMBOL_ONLY_START,GAME,PROBABLE
538fed3f0fd60a6528a5e5b20990361ac4d274c58266a81e71c24f751612589d,9d27f4d0872e483ddbf460bda8a2e34b7180f153c6d7c1a74d692720476c9a7f,1,SIMANT_MODULE,48250,_OpenModeWindow,SYMBOL_ONLY_START,GAME,PROBABLE
538fed3f0fd60a6528a5e5b20990361ac4d274c58266a81e71c24f751612589d,9d27f4d0872e483ddbf460bda8a2e34b7180f153c6d7c1a74d692720476c9a7f,1,SIMANT_MODULE,48392,_ProcCasteEvent,SYMBOL_ONLY_START,GAME,PROBABLE
538fed3f0fd60a6528a5e5b20990361ac4d274c58266a81e71c24f751612589d,9d27f4d0872e483ddbf460bda8a2e34b7180f153c6d7c1a74d692720476c9a7f,1,SIMANT_MODULE,49274,_ProcModeEvent,SYMBOL_ONLY_START,GAME,PROBABLE
538fed3f0fd60a6528a5e5b20990361ac4d274c58266a81e71c24f751612589d,9d27f4d0872e483ddbf460bda8a2e34b7180f153c6d7c1a74d692720476c9a7f,1,SIMANT_MODULE,50044,_IsPointInIsoTri,SYMBOL_ONLY_START,GAME,PROBABLE
538fed3f0fd60a6528a5e5b20990361ac4d274c58266a81e71c24f751612589d,9d27f4d0872e483ddbf460bda8a2e34b7180f153c6d7c1a74d692720476c9a7f,1,SIMANT_MODULE,50232,_BoundPointToTri,SYMBOL_ONLY_START,GAME,PROBABLE
538fed3f0fd60a6528a5e5b20990361ac4d274c58266a81e71c24f751612589d,9d27f4d0872e483ddbf460bda8a2e34b7180f153c6d7c1a74d692720476c9a7f,1,SIMANT_MODULE,50408,_win_DrawModeWindow,SYMBOL_ONLY_START,GAME,PROBABLE
538fed3f0fd60a6528a5e5b20990361ac4d274c58266a81e71c24f751612589d,9d27f4d0872e483ddbf460bda8a2e34b7180f153c6d7c1a74d692720476c9a7f,1,SIMANT_MODULE,50624,_win_ModeControlClosed,SYMBOL_ONLY_START,GAME,PROBABLE
538fed3f0fd60a6528a5e5b20990361ac4d274c58266a81e71c24f751612589d,9d27f4d0872e483ddbf460bda8a2e34b7180f153c6d7c1a74d692720476c9a7f,1,SIMANT_MODULE,50774,_win_DrawCasteWindow,SYMBOL_ONLY_START,GAME,PROBABLE
538fed3f0fd60a6528a5e5b20990361ac4d274c58266a81e71c24f751612589d,9d27f4d0872e483ddbf460bda8a2e34b7180f153c6d7c1a74d692720476c9a7f,1,SIMANT_MODULE,50990,_win_CasteControlClosed,SYMBOL_ONLY_START,GAME,PROBABLE
538fed3f0fd60a6528a5e5b20990361ac4d274c58266a81e71c24f751612589d,9d27f4d0872e483ddbf460bda8a2e34b7180f153c6d7c1a74d692720476c9a7f,1,SIMANT_MODULE,51140,_DrawControlLevels,SYMBOL_ONLY_START,GAME,PROBABLE
538fed3f0fd60a6528a5e5b20990361ac4d274c58266a81e71c24f751612589d,9d27f4d0872e483ddbf460bda8a2e34b7180f153c6d7c1a74d692720476c9a7f,1,SIMANT_MODULE,51678,_cvtLevels2IdealCaste,SYMBOL_ONLY_START,GAME,PROBABLE
538fed3f0fd60a6528a5e5b20990361ac4d274c58266a81e71c24f751612589d,9d27f4d0872e483ddbf460bda8a2e34b7180f153c6d7c1a74d692720476c9a7f,1,SIMANT_MODULE,51834,_GetTriLatDist,SYMBOL_ONLY_START,GAME,PROBABLE
538fed3f0fd60a6528a5e5b20990361ac4d274c58266a81e71c24f751612589d,9d27f4d0872e483ddbf460bda8a2e34b7180f153c6d7c1a74d692720476c9a7f,1,SIMANT_MODULE,52134,_SetTriLatPoint,SYMBOL_ONLY_START,GAME,PROBABLE
538fed3f0fd60a6528a5e5b20990361ac4d274c58266a81e71c24f751612589d,9d27f4d0872e483ddbf460bda8a2e34b7180f153c6d7c1a74d692720476c9a7f,1,SIMANT_MODULE,52356,_initControls,SYMBOL_ONLY_START,GAME,PROBABLE
538fed3f0fd60a6528a5e5b20990361ac4d274c58266a81e71c24f751612589d,9d27f4d0872e483ddbf460bda8a2e34b7180f153c6d7c1a74d692720476c9a7f,1,SIMANT_MODULE,52648,_DrawSimPayoff,SYMBOL_ONLY_START,GAME,PROBABLE
538fed3f0fd60a6528a5e5b20990361ac4d274c58266a81e71c24f751612589d,9d27f4d0872e483ddbf460bda8a2e34b7180f153c6d7c1a74d692720476c9a7f,1,SIMANT_MODULE,53050,_AboutDialog,SYMBOL_ONLY_START,GAME,PROBABLE
538fed3f0fd60a6528a5e5b20990361ac4d274c58266a81e71c24f751612589d,9d27f4d0872e483ddbf460bda8a2e34b7180f153c6d7c1a74d692720476c9a7f,1,SIMANT_MODULE,54242,_ShowIntro,SYMBOL_ONLY_START,GAME,PROBABLE
538fed3f0fd60a6528a5e5b20990361ac4d274c58266a81e71c24f751612589d,9d27f4d0872e483ddbf460bda8a2e34b7180f153c6d7c1a74d692720476c9a7f,1,SIMANT_MODULE,54532,_LoadMonoPats,SYMBOL_ONLY_START,GAME,PROBABLE
538fed3f0fd60a6528a5e5b20990361ac4d274c58266a81e71c24f751612589d,9d27f4d0872e483ddbf460bda8a2e34b7180f153c6d7c1a74d692720476c9a7f,1,SIMANT_MODULE,54810,_Quit,SYMBOL_ONLY_START,GAME,PROBABLE
538fed3f0fd60a6528a5e5b20990361ac4d274c58266a81e71c24f751612589d,9d27f4d0872e483ddbf460bda8a2e34b7180f153c6d7c1a74d692720476c9a7f,1,SIMANT_MODULE,54824,_MenuQuit,SYMBOL_ONLY_START,GAME,PROBABLE
538fed3f0fd60a6528a5e5b20990361ac4d274c58266a81e71c24f751612589d,9d27f4d0872e483ddbf460bda8a2e34b7180f153c6d7c1a74d692720476c9a7f,1,SIMANT_MODULE,54890,_SetDefaultWindows,SYMBOL_ONLY_START,GAME,PROBABLE
538fed3f0fd60a6528a5e5b20990361ac4d274c58266a81e71c24f751612589d,9d27f4d0872e483ddbf460bda8a2e34b7180f153c6d7c1a74d692720476c9a7f,1,SIMANT_MODULE,55004,_NewGame,SYMBOL_ONLY_START,GAME,PROBABLE
538fed3f0fd60a6528a5e5b20990361ac4d274c58266a81e71c24f751612589d,9d27f4d0872e483ddbf460bda8a2e34b7180f153c6d7c1a74d692720476c9a7f,2,GR_MODULE,0,_SetHelpCursor,SYMBOL_ONLY_START,GAME,PROBABLE
538fed3f0fd60a6528a5e5b20990361ac4d274c58266a81e71c24f751612589d,9d27f4d0872e483ddbf460bda8a2e34b7180f153c6d7c1a74d692720476c9a7f,2,GR_MODULE,202,_DetectDisplay,SYMBOL_ONLY_START,GAME,PROBABLE
538fed3f0fd60a6528a5e5b20990361ac4d274c58266a81e71c24f751612589d,9d27f4d0872e483ddbf460bda8a2e34b7180f153c6d7c1a74d692720476c9a7f,2,GR_MODULE,268,_InitGraphics,SYMBOL_ONLY_START,GAME,PROBABLE
538fed3f0fd60a6528a5e5b20990361ac4d274c58266a81e71c24f751612589d,9d27f4d0872e483ddbf460bda8a2e34b7180f153c6d7c1a74d692720476c9a7f,2,GR_MODULE,544,_IBMInitStuff,SYMBOL_ONLY_START,GAME,PROBABLE
538fed3f0fd60a6528a5e5b20990361ac4d274c58266a81e71c24f751612589d,9d27f4d0872e483ddbf460bda8a2e34b7180f153c6d7c1a74d692720476c9a7f,2,GR_MODULE,2052,_ReadWord,SYMBOL_ONLY_START,GAME,PROBABLE
538fed3f0fd60a6528a5e5b20990361ac4d274c58266a81e71c24f751612589d,9d27f4d0872e483ddbf460bda8a2e34b7180f153c6d7c1a74d692720476c9a7f,2,GR_MODULE,2162,_SkipWords,SYMBOL_ONLY_START,GAME,PROBABLE
538fed3f0fd60a6528a5e5b20990361ac4d274c58266a81e71c24f751612589d,9d27f4d0872e483ddbf460bda8a2e34b7180f153c6d7c1a74d692720476c9a7f,2,GR_MODULE,2292,_ReadConfig,SYMBOL_ONLY_START,GAME,PROBABLE
538fed3f0fd60a6528a5e5b20990361ac4d274c58266a81e71c24f751612589d,9d27f4d0872e483ddbf460bda8a2e34b7180f153c6d7c1a74d692720476c9a7f,2,GR_MODULE,2840,_GBoxFillOutline,SYMBOL_ONLY_START,GAME,PROBABLE
538fed3f0fd60a6528a5e5b20990361ac4d274c58266a81e71c24f751612589d,9d27f4d0872e483ddbf460bda8a2e34b7180f153c6d7c1a74d692720476c9a7f,2,GR_MODULE,3004,_GTextBox,SYMBOL_ONLY_START,GAME,PROBABLE
538fed3f0fd60a6528a5e5b20990361ac4d274c58266a81e71c24f751612589d,9d27f4d0872e483ddbf460bda8a2e34b7180f153c6d7c1a74d692720476c9a7f,2,GR_MODULE,3040,_GRectChecker,SYMBOL_ONLY_START,GAME,PROBABLE
538fed3f0fd60a6528a5e5b20990361ac4d274c58266a81e71c24f751612589d,9d27f4d0872e483ddbf460bda8a2e34b7180f153c6d7c1a74d692720476c9a7f,2,GR_MODULE,3088,_GCheckerBox,SYMBOL_ONLY_START,GAME,PROBABLE
538fed3f0fd60a6528a5e5b20990361ac4d274c58266a81e71c24f751612589d,9d27f4d0872e483ddbf460bda8a2e34b7180f153c6d7c1a74d692720476c9a7f,2,GR_MODULE,3122,_GBoxOutline,SYMBOL_ONLY_START,GAME,PROBABLE
538fed3f0fd60a6528a5e5b20990361ac4d274c58266a81e71c24f751612589d,9d27f4d0872e483ddbf460bda8a2e34b7180f153c6d7c1a74d692720476c9a7f,2,GR_MODULE,3266,_GRectPartialOutline,SYMBOL_ONLY_START,GAME,PROBABLE
538fed3f0fd60a6528a5e5b20990361ac4d274c58266a81e71c24f751612589d,9d27f4d0872e483ddbf460bda8a2e34b7180f153c6d7c1a74d692720476c9a7f,2,GR_MODULE,3466,_GInvOutline,SYMBOL_ONLY_START,GAME,PROBABLE
538fed3f0fd60a6528a5e5b20990361ac4d274c58266a81e71c24f751612589d,9d27f4d0872e483ddbf460bda8a2e34b7180f153c6d7c1a74d692720476c9a7f,2,GR_MODULE,3594,_GRectInvOutline,SYMBOL_ONLY_START,GAME,PROBABLE
538fed3f0fd60a6528a5e5b20990361ac4d274c58266a81e71c24f751612589d,9d27f4d0872e483ddbf460bda8a2e34b7180f153c6d7c1a74d692720476c9a7f,2,GR_MODULE,3762,_GRectInv,SYMBOL_ONLY_START,GAME,PROBABLE
538fed3f0fd60a6528a5e5b20990361ac4d274c58266a81e71c24f751612589d,9d27f4d0872e483ddbf460bda8a2e34b7180f153c6d7c1a74d692720476c9a7f,2,GR_MODULE,3806,_GRectOutline,SYMBOL_ONLY_START,GAME,PROBABLE
538fed3f0fd60a6528a5e5b20990361ac4d274c58266a81e71c24f751612589d,9d27f4d0872e483ddbf460bda8a2e34b7180f153c6d7c1a74d692720476c9a7f,2,GR_MODULE,3992,_GRectFill,SYMBOL_ONLY_START,GAME,PROBABLE
538fed3f0fd60a6528a5e5b20990361ac4d274c58266a81e71c24f751612589d,9d27f4d0872e483ddbf460bda8a2e34b7180f153c6d7c1a74d692720476c9a7f,2,GR_MODULE,4038,_GRectFillOutline,SYMBOL_ONLY_START,GAME,PROBABLE
538fed3f0fd60a6528a5e5b20990361ac4d274c58266a81e71c24f751612589d,9d27f4d0872e483ddbf460bda8a2e34b7180f153c6d7c1a74d692720476c9a7f,2,GR_MODULE,4258,_GPutPacked,SYMBOL_ONLY_START,GAME,PROBABLE
538fed3f0fd60a6528a5e5b20990361ac4d274c58266a81e71c24f751612589d,9d27f4d0872e483ddbf460bda8a2e34b7180f153c6d7c1a74d692720476c9a7f,2,GR_MODULE,4892,_GMixedFill,SYMBOL_ONLY_START,GAME,PROBABLE
538fed3f0fd60a6528a5e5b20990361ac4d274c58266a81e71c24f751612589d,9d27f4d0872e483ddbf460bda8a2e34b7180f153c6d7c1a74d692720476c9a7f,2,GR_MODULE,5022,_GMixedFillBox,SYMBOL_ONLY_START,GAME,PROBABLE
538fed3f0fd60a6528a5e5b20990361ac4d274c58266a81e71c24f751612589d,9d27f4d0872e483ddbf460bda8a2e34b7180f153c6d7c1a74d692720476c9a7f,2,GR_MODULE,5098,_GRectPartialMixedOutline,SYMBOL_ONLY_START,GAME,PROBABLE
538fed3f0fd60a6528a5e5b20990361ac4d274c58266a81e71c24f751612589d,9d27f4d0872e483ddbf460bda8a2e34b7180f153c6d7c1a74d692720476c9a7f,2,GR_MODULE,5390,_WindowsMemCpy,SYMBOL_ONLY_START,GAME,PROBABLE
538fed3f0fd60a6528a5e5b20990361ac4d274c58266a81e71c24f751612589d,9d27f4d0872e483ddbf460bda8a2e34b7180f153c6d7c1a74d692720476c9a7f,2,GR_MODULE,5472,_GSetSmallFont,SYMBOL_ONLY_START,GAME,PROBABLE
538fed3f0fd60a6528a5e5b20990361ac4d274c58266a81e71c24f751612589d,9d27f4d0872e483ddbf460bda8a2e34b7180f153c6d7c1a74d692720476c9a7f,2,GR_MODULE,5732,_GSetBigFont,SYMBOL_ONLY_START,GAME,PROBABLE
538fed3f0fd60a6528a5e5b20990361ac4d274c58266a81e71c24f751612589d,9d27f4d0872e483ddbf460bda8a2e34b7180f153c6d7c1a74d692720476c9a7f,2,GR_MODULE,5992,_GCloseFonts,SYMBOL_ONLY_START,GAME,PROBABLE
538fed3f0fd60a6528a5e5b20990361ac4d274c58266a81e71c24f751612589d,9d27f4d0872e483ddbf460bda8a2e34b7180f153c6d7c1a74d692720476c9a7f,2,GR_MODULE,6034,_GPutStr,SYMBOL_ONLY_START,GAME,PROBABLE
538fed3f0fd60a6528a5e5b20990361ac4d274c58266a81e71c24f751612589d,9d27f4d0872e483ddbf460bda8a2e34b7180f153c6d7c1a74d692720476c9a7f,2,GR_MODULE,6264,_PopMsg,SYMBOL_ONLY_START,GAME,PROBABLE
538fed3f0fd60a6528a5e5b20990361ac4d274c58266a81e71c24f751612589d,9d27f4d0872e483ddbf460bda8a2e34b7180f153c6d7c1a74d692720476c9a7f,2,GR_MODULE,6290,_Error,SYMBOL_ONLY_START,GAME,PROBABLE
538fed3f0fd60a6528a5e5b20990361ac4d274c58266a81e71c24f751612589d,9d27f4d0872e483ddbf460bda8a2e34b7180f153c6d7c1a74d692720476c9a7f,2,GR_MODULE,6316,_TickCount,SYMBOL_ONLY_START,GAME,PROBABLE
538fed3f0fd60a6528a5e5b20990361ac4d274c58266a81e71c24f751612589d,9d27f4d0872e483ddbf460bda8a2e34b7180f153c6d7c1a74d692720476c9a7f,2,GR_MODULE,6334,_Punt,SYMBOL_ONLY_START,GAME,PROBABLE
538fed3f0fd60a6528a5e5b20990361ac4d274c58266a81e71c24f751612589d,9d27f4d0872e483ddbf460bda8a2e34b7180f153c6d7c1a74d692720476c9a7f,2,GR_MODULE,6402,_CreateMonoSolidBrush,SYMBOL_ONLY_START,GAME,PROBABLE
538fed3f0fd60a6528a5e5b20990361ac4d274c58266a81e71c24f751612589d,9d27f4d0872e483ddbf460bda8a2e34b7180f153c6d7c1a74d692720476c9a7f,2,GR_MODULE,6502,_GInvBox,SYMBOL_ONLY_START,GAME,PROBABLE
538fed3f0fd60a6528a5e5b20990361ac4d274c58266a81e71c24f751612589d,9d27f4d0872e483ddbf460bda8a2e34b7180f153c6d7c1a74d692720476c9a7f,2,GR_MODULE,6580,_GSetAttrib,SYMBOL_ONLY_START,GAME,PROBABLE
538fed3f0fd60a6528a5e5b20990361ac4d274c58266a81e71c24f751612589d,9d27f4d0872e483ddbf460bda8a2e34b7180f153c6d7c1a74d692720476c9a7f,2,GR_MODULE,6630,_GBoxFill,SYMBOL_ONLY_START,GAME,PROBABLE
538fed3f0fd60a6528a5e5b20990361ac4d274c58266a81e71c24f751612589d,9d27f4d0872e483ddbf460bda8a2e34b7180f153c6d7c1a74d692720476c9a7f,2,GR_MODULE,6834,_GPatBox,SYMBOL_ONLY_START,GAME,PROBABLE
538fed3f0fd60a6528a5e5b20990361ac4d274c58266a81e71c24f751612589d,9d27f4d0872e483ddbf460bda8a2e34b7180f153c6d7c1a74d692720476c9a7f,2,GR_MODULE,7040,_BitmapImageSize,SYMBOL_ONLY_START,GAME,PROBABLE
538fed3f0fd60a6528a5e5b20990361ac4d274c58266a81e71c24f751612589d,9d27f4d0872e483ddbf460bda8a2e34b7180f153c6d7c1a74d692720476c9a7f,2,GR_MODULE,7090,_ConvertMaskBitmap,SYMBOL_ONLY_START,GAME,PROBABLE
538fed3f0fd60a6528a5e5b20990361ac4d274c58266a81e71c24f751612589d,9d27f4d0872e483ddbf460bda8a2e34b7180f153c6d7c1a74d692720476c9a7f,2,GR_MODULE,7794,_CalcBitmapStuff,SYMBOL_ONLY_START,GAME,PROBABLE
538fed3f0fd60a6528a5e5b20990361ac4d274c58266a81e71c24f751612589d,9d27f4d0872e483ddbf460bda8a2e34b7180f153c6d7c1a74d692720476c9a7f,2,GR_MODULE,7940,_ConvertMaskBitmap2,SYMBOL_ONLY_START,GAME,PROBABLE
538fed3f0fd60a6528a5e5b20990361ac4d274c58266a81e71c24f751612589d,9d27f4d0872e483ddbf460bda8a2e34b7180f153c6d7c1a74d692720476c9a7f,2,GR_MODULE,9326,_ConvertBitmap,SYMBOL_ONLY_START,GAME,PROBABLE
538fed3f0fd60a6528a5e5b20990361ac4d274c58266a81e71c24f751612589d,9d27f4d0872e483ddbf460bda8a2e34b7180f153c6d7c1a74d692720476c9a7f,2,GR_MODULE,10000,_ConvertBitmap2,SYMBOL_ONLY_START,GAME,PROBABLE
538fed3f0fd60a6528a5e5b20990361ac4d274c58266a81e71c24f751612589d,9d27f4d0872e483ddbf460bda8a2e34b7180f153c6d7c1a74d692720476c9a7f,2,GR_MODULE,10816,_CopyBitmap2,SYMBOL_ONLY_START,GAME,PROBABLE
538fed3f0fd60a6528a5e5b20990361ac4d274c58266a81e71c24f751612589d,9d27f4d0872e483ddbf460bda8a2e34b7180f153c6d7c1a74d692720476c9a7f,2,GR_MODULE,11186,_CopyMonoBitmap,SYMBOL_ONLY_START,GAME,PROBABLE
538fed3f0fd60a6528a5e5b20990361ac4d274c58266a81e71c24f751612589d,9d27f4d0872e483ddbf460bda8a2e34b7180f153c6d7c1a74d692720476c9a7f,2,GR_MODULE,11988,_CopyMonoMaskBitmap,SYMBOL_ONLY_START,GAME,PROBABLE
538fed3f0fd60a6528a5e5b20990361ac4d274c58266a81e71c24f751612589d,9d27f4d0872e483ddbf460bda8a2e34b7180f153c6d7c1a74d692720476c9a7f,2,GR_MODULE,13098,_DoBitmap,SYMBOL_ONLY_START,GAME,PROBABLE
538fed3f0fd60a6528a5e5b20990361ac4d274c58266a81e71c24f751612589d,9d27f4d0872e483ddbf460bda8a2e34b7180f153c6d7c1a74d692720476c9a7f,2,GR_MODULE,13776,_ConvertMonoBitmap,SYMBOL_ONLY_START,GAME,PROBABLE
538fed3f0fd60a6528a5e5b20990361ac4d274c58266a81e71c24f751612589d,9d27f4d0872e483ddbf460bda8a2e34b7180f153c6d7c1a74d692720476c9a7f,2,GR_MODULE,13900,_DoMonoBitmap,SYMBOL_ONLY_START,GAME,PROBABLE
538fed3f0fd60a6528a5e5b20990361ac4d274c58266a81e71c24f751612589d,9d27f4d0872e483ddbf460bda8a2e34b7180f153c6d7c1a74d692720476c9a7f,2,GR_MODULE,14770,_DoFastBitmap,SYMBOL_ONLY_START,GAME,PROBABLE
538fed3f0fd60a6528a5e5b20990361ac4d274c58266a81e71c24f751612589d,9d27f4d0872e483ddbf460bda8a2e34b7180f153c6d7c1a74d692720476c9a7f,2,GR_MODULE,15176,_DoFastMonoBitmap,SYMBOL_ONLY_START,GAME,PROBABLE
538fed3f0fd60a6528a5e5b20990361ac4d274c58266a81e71c24f751612589d,9d27f4d0872e483ddbf460bda8a2e34b7180f153c6d7c1a74d692720476c9a7f,2,GR_MODULE,15514,_GPutPic,SYMBOL_ONLY_START,GAME,PROBABLE
538fed3f0fd60a6528a5e5b20990361ac4d274c58266a81e71c24f751612589d,9d27f4d0872e483ddbf460bda8a2e34b7180f153c6d7c1a74d692720476c9a7f,2,GR_MODULE,15618,_GPutImg,SYMBOL_ONLY_START,GAME,PROBABLE
538fed3f0fd60a6528a5e5b20990361ac4d274c58266a81e71c24f751612589d,9d27f4d0872e483ddbf460bda8a2e34b7180f153c6d7c1a74d692720476c9a7f,2,GR_MODULE,15676,_GPutPicS,SYMBOL_ONLY_START,GAME,PROBABLE
538fed3f0fd60a6528a5e5b20990361ac4d274c58266a81e71c24f751612589d,9d27f4d0872e483ddbf460bda8a2e34b7180f153c6d7c1a74d692720476c9a7f,2,GR_MODULE,15754,_GPutImgS,SYMBOL_ONLY_START,GAME,PROBABLE
538fed3f0fd60a6528a5e5b20990361ac4d274c58266a81e71c24f751612589d,9d27f4d0872e483ddbf460bda8a2e34b7180f153c6d7c1a74d692720476c9a7f,2,GR_MODULE,15794,_GPicSize,SYMBOL_ONLY_START,GAME,PROBABLE
538fed3f0fd60a6528a5e5b20990361ac4d274c58266a81e71c24f751612589d,9d27f4d0872e483ddbf460bda8a2e34b7180f153c6d7c1a74d692720476c9a7f,2,GR_MODULE,15830,_GImgSize,SYMBOL_ONLY_START,GAME,PROBABLE
538fed3f0fd60a6528a5e5b20990361ac4d274c58266a81e71c24f751612589d,9d27f4d0872e483ddbf460bda8a2e34b7180f153c6d7c1a74d692720476c9a7f,2,GR_MODULE,15866,_MSClipStart,SYMBOL_ONLY_START,GAME,PROBABLE
538fed3f0fd60a6528a5e5b20990361ac4d274c58266a81e71c24f751612589d,9d27f4d0872e483ddbf460bda8a2e34b7180f153c6d7c1a74d692720476c9a7f,2,GR_MODULE,15948,_MSClipEnd,SYMBOL_ONLY_START,GAME,PROBABLE
538fed3f0fd60a6528a5e5b20990361ac4d274c58266a81e71c24f751612589d,9d27f4d0872e483ddbf460bda8a2e34b7180f153c6d7c1a74d692720476c9a7f,2,GR_MODULE,16018,_PaintStuff,SYMBOL_ONLY_START,GAME,PROBABLE
538fed3f0fd60a6528a5e5b20990361ac4d274c58266a81e71c24f751612589d,9d27f4d0872e483ddbf460bda8a2e34b7180f153c6d7c1a74d692720476c9a7f,2,GR_MODULE,16308,_GLine,SYMBOL_ONLY_START,GAME,PROBABLE
538fed3f0fd60a6528a5e5b20990361ac4d274c58266a81e71c24f751612589d,9d27f4d0872e483ddbf460bda8a2e34b7180f153c6d7c1a74d692720476c9a7f,2,GR_MODULE,16440,_RedrawScreen,SYMBOL_ONLY_START,GAME,PROBABLE
538fed3f0fd60a6528a5e5b20990361ac4d274c58266a81e71c24f751612589d,9d27f4d0872e483ddbf460bda8a2e34b7180f153c6d7c1a74d692720476c9a7f,2,GR_MODULE,16466,_GBoxMove,SYMBOL_ONLY_START,GAME,PROBABLE
538fed3f0fd60a6528a5e5b20990361ac4d274c58266a81e71c24f751612589d,9d27f4d0872e483ddbf460bda8a2e34b7180f153c6d7c1a74d692720476c9a7f,2,GR_MODULE,16596,_GUnpackPic,SYMBOL_ONLY_START,GAME,PROBABLE
538fed3f0fd60a6528a5e5b20990361ac4d274c58266a81e71c24f751612589d,9d27f4d0872e483ddbf460bda8a2e34b7180f153c6d7c1a74d692720476c9a7f,2,GR_MODULE,16782,_DrawBitMapToBuffer,SYMBOL_ONLY_START,GAME,PROBABLE
538fed3f0fd60a6528a5e5b20990361ac4d274c58266a81e71c24f751612589d,9d27f4d0872e483ddbf460bda8a2e34b7180f153c6d7c1a74d692720476c9a7f,2,GR_MODULE,17786,_MySetCapture,SYMBOL_ONLY_START,GAME,PROBABLE
538fed3f0fd60a6528a5e5b20990361ac4d274c58266a81e71c24f751612589d,9d27f4d0872e483ddbf460bda8a2e34b7180f153c6d7c1a74d692720476c9a7f,2,GR_MODULE,17874,_MyReleaseCapture,SYMBOL_ONLY_START,GAME,PROBABLE
538fed3f0fd60a6528a5e5b20990361ac4d274c58266a81e71c24f751612589d,9d27f4d0872e483ddbf460bda8a2e34b7180f153c6d7c1a74d692720476c9a7f,2,GR_MODULE,17904,_MyGetCapture,SYMBOL_ONLY_START,GAME,PROBABLE
538fed3f0fd60a6528a5e5b20990361ac4d274c58266a81e71c24f751612589d,9d27f4d0872e483ddbf460bda8a2e34b7180f153c6d7c1a74d692720476c9a7f,2,GR_MODULE,17914,_ms_CheckKeyState,SYMBOL_ONLY_START,GAME,PROBABLE
538fed3f0fd60a6528a5e5b20990361ac4d274c58266a81e71c24f751612589d,9d27f4d0872e483ddbf460bda8a2e34b7180f153c6d7c1a74d692720476c9a7f,2,GR_MODULE,17930,_gr_FastMaskTileNoMask,SYMBOL_ONLY_START,GAME,PROBABLE
538fed3f0fd60a6528a5e5b20990361ac4d274c58266a81e71c24f751612589d,9d27f4d0872e483ddbf460bda8a2e34b7180f153c6d7c1a74d692720476c9a7f,2,GR_MODULE,17966,_ms_Delay,SYMBOL_ONLY_START,GAME,PROBABLE
538fed3f0fd60a6528a5e5b20990361ac4d274c58266a81e71c24f751612589d,9d27f4d0872e483ddbf460bda8a2e34b7180f153c6d7c1a74d692720476c9a7f,2,GR_MODULE,18012,_gr_BitMapSize,SYMBOL_ONLY_START,GAME,PROBABLE
538fed3f0fd60a6528a5e5b20990361ac4d274c58266a81e71c24f751612589d,9d27f4d0872e483ddbf460bda8a2e34b7180f153c6d7c1a74d692720476c9a7f,2,GR_MODULE,18198,_StillDown,SYMBOL_ONLY_START,GAME,PROBABLE
538fed3f0fd60a6528a5e5b20990361ac4d274c58266a81e71c24f751612589d,9d27f4d0872e483ddbf460bda8a2e34b7180f153c6d7c1a74d692720476c9a7f,2,GR_MODULE,18360,_WaitedEnough,SYMBOL_ONLY_START,GAME,PROBABLE
538fed3f0fd60a6528a5e5b20990361ac4d274c58266a81e71c24f751612589d,9d27f4d0872e483ddbf460bda8a2e34b7180f153c6d7c1a74d692720476c9a7f,2,GR_MODULE,18454,_gr_CenterStrInRectClear,SYMBOL_ONLY_START,GAME,PROBABLE
538fed3f0fd60a6528a5e5b20990361ac4d274c58266a81e71c24f751612589d,9d27f4d0872e483ddbf460bda8a2e34b7180f153c6d7c1a74d692720476c9a7f,2,GR_MODULE,18672,_gr_CenterStrInRect,SYMBOL_ONLY_START,GAME,PROBABLE
538fed3f0fd60a6528a5e5b20990361ac4d274c58266a81e71c24f751612589d,9d27f4d0872e483ddbf460bda8a2e34b7180f153c6d7c1a74d692720476c9a7f,2,GR_MODULE,18810,_PointInRect,SYMBOL_ONLY_START,GAME,PROBABLE
538fed3f0fd60a6528a5e5b20990361ac4d274c58266a81e71c24f751612589d,9d27f4d0872e483ddbf460bda8a2e34b7180f153c6d7c1a74d692720476c9a7f,2,GR_MODULE,18916,_WaitHundredths,SYMBOL_ONLY_START,GAME,PROBABLE
538fed3f0fd60a6528a5e5b20990361ac4d274c58266a81e71c24f751612589d,9d27f4d0872e483ddbf460bda8a2e34b7180f153c6d7c1a74d692720476c9a7f,2,GR_MODULE,18972,_GetMousePos,SYMBOL_ONLY_START,GAME,PROBABLE
538fed3f0fd60a6528a5e5b20990361ac4d274c58266a81e71c24f751612589d,9d27f4d0872e483ddbf460bda8a2e34b7180f153c6d7c1a74d692720476c9a7f,2,GR_MODULE,18988,_ButtonHeldInit,SYMBOL_ONLY_START,GAME,PROBABLE
538fed3f0fd60a6528a5e5b20990361ac4d274c58266a81e71c24f751612589d,9d27f4d0872e483ddbf460bda8a2e34b7180f153c6d7c1a74d692720476c9a7f,2,GR_MODULE,19022,_ButtonHeld,SYMBOL_ONLY_START,GAME,PROBABLE
538fed3f0fd60a6528a5e5b20990361ac4d274c58266a81e71c24f751612589d,9d27f4d0872e483ddbf460bda8a2e34b7180f153c6d7c1a74d692720476c9a7f,2,GR_MODULE,19464,_ButtonHeldEnd,SYMBOL_ONLY_START,GAME,PROBABLE
538fed3f0fd60a6528a5e5b20990361ac4d274c58266a81e71c24f751612589d,9d27f4d0872e483ddbf460bda8a2e34b7180f153c6d7c1a74d692720476c9a7f,2,GR_MODULE,19470,_ConvColor,SYMBOL_ONLY_START,GAME,PROBABLE
538fed3f0fd60a6528a5e5b20990361ac4d274c58266a81e71c24f751612589d,9d27f4d0872e483ddbf460bda8a2e34b7180f153c6d7c1a74d692720476c9a7f,2,GR_MODULE,19510,_SetMenuItemState,SYMBOL_ONLY_START,GAME,PROBABLE
538fed3f0fd60a6528a5e5b20990361ac4d274c58266a81e71c24f751612589d,9d27f4d0872e483ddbf460bda8a2e34b7180f153c6d7c1a74d692720476c9a7f,2,GR_MODULE,19564,_SetMenuOptionState,SYMBOL_ONLY_START,GAME,PROBABLE
538fed3f0fd60a6528a5e5b20990361ac4d274c58266a81e71c24f751612589d,9d27f4d0872e483ddbf460bda8a2e34b7180f153c6d7c1a74d692720476c9a7f,2,GR_MODULE,19614,_SetMenuOptionText,SYMBOL_ONLY_START,GAME,PROBABLE
538fed3f0fd60a6528a5e5b20990361ac4d274c58266a81e71c24f751612589d,9d27f4d0872e483ddbf460bda8a2e34b7180f153c6d7c1a74d692720476c9a7f,2,GR_MODULE,19662,_ms_LoadPopUpResource,SYMBOL_ONLY_START,GAME,PROBABLE
538fed3f0fd60a6528a5e5b20990361ac4d274c58266a81e71c24f751612589d,9d27f4d0872e483ddbf460bda8a2e34b7180f153c6d7c1a74d692720476c9a7f,2,GR_MODULE,20022,_InitMenu,SYMBOL_ONLY_START,GAME,PROBABLE
538fed3f0fd60a6528a5e5b20990361ac4d274c58266a81e71c24f751612589d,9d27f4d0872e483ddbf460bda8a2e34b7180f153c6d7c1a74d692720476c9a7f,2,GR_MODULE,20812,_ms_PopUpMenuResource,SYMBOL_ONLY_START,GAME,PROBABLE
538fed3f0fd60a6528a5e5b20990361ac4d274c58266a81e71c24f751612589d,9d27f4d0872e483ddbf460bda8a2e34b7180f153c6d7c1a74d692720476c9a7f,2,GR_MODULE,21132,_TrapFill,SYMBOL_ONLY_START,GAME,PROBABLE
538fed3f0fd60a6528a5e5b20990361ac4d274c58266a81e71c24f751612589d,9d27f4d0872e483ddbf460bda8a2e34b7180f153c6d7c1a74d692720476c9a7f,2,GR_MODULE,21628,_mem_Flush,SYMBOL_ONLY_START,GAME,PROBABLE
538fed3f0fd60a6528a5e5b20990361ac4d274c58266a81e71c24f751612589d,9d27f4d0872e483ddbf460bda8a2e34b7180f153c6d7c1a74d692720476c9a7f,2,GR_MODULE,21638,_mem_Debugging,SYMBOL_ONLY_START,GAME,PROBABLE
538fed3f0fd60a6528a5e5b20990361ac4d274c58266a81e71c24f751612589d,9d27f4d0872e483ddbf460bda8a2e34b7180f153c6d7c1a74d692720476c9a7f,2,GR_MODULE,21650,_mem_LockLevel,SYMBOL_ONLY_START,GAME,PROBABLE
538fed3f0fd60a6528a5e5b20990361ac4d274c58266a81e71c24f751612589d,9d27f4d0872e483ddbf460bda8a2e34b7180f153c6d7c1a74d692720476c9a7f,2,GR_MODULE,21692,_mem_malloc,SYMBOL_ONLY_START,GAME,PROBABLE
538fed3f0fd60a6528a5e5b20990361ac4d274c58266a81e71c24f751612589d,9d27f4d0872e483ddbf460bda8a2e34b7180f153c6d7c1a74d692720476c9a7f,2,GR_MODULE,21706,_mem_free,SYMBOL_ONLY_START,GAME,PROBABLE
538fed3f0fd60a6528a5e5b20990361ac4d274c58266a81e71c24f751612589d,9d27f4d0872e483ddbf460bda8a2e34b7180f153c6d7c1a74d692720476c9a7f,2,GR_MODULE,21722,_mem_Alloc,SYMBOL_ONLY_START,GAME,PROBABLE
538fed3f0fd60a6528a5e5b20990361ac4d274c58266a81e71c24f751612589d,9d27f4d0872e483ddbf460bda8a2e34b7180f153c6d7c1a74d692720476c9a7f,2,GR_MODULE,21802,_mem_Realloc,SYMBOL_ONLY_START,GAME,PROBABLE
538fed3f0fd60a6528a5e5b20990361ac4d274c58266a81e71c24f751612589d,9d27f4d0872e483ddbf460bda8a2e34b7180f153c6d7c1a74d692720476c9a7f,2,GR_MODULE,21888,_mem_Free,SYMBOL_ONLY_START,GAME,PROBABLE
538fed3f0fd60a6528a5e5b20990361ac4d274c58266a81e71c24f751612589d,9d27f4d0872e483ddbf460bda8a2e34b7180f153c6d7c1a74d692720476c9a7f,2,GR_MODULE,21902,_mem_Lock,SYMBOL_ONLY_START,GAME,PROBABLE
538fed3f0fd60a6528a5e5b20990361ac4d274c58266a81e71c24f751612589d,9d27f4d0872e483ddbf460bda8a2e34b7180f153c6d7c1a74d692720476c9a7f,2,GR_MODULE,21916,_mem_Unlock,SYMBOL_ONLY_START,GAME,PROBABLE
538fed3f0fd60a6528a5e5b20990361ac4d274c58266a81e71c24f751612589d,9d27f4d0872e483ddbf460bda8a2e34b7180f153c6d7c1a74d692720476c9a7f,2,GR_MODULE,21930,_mem_Size,SYMBOL_ONLY_START,GAME,PROBABLE
538fed3f0fd60a6528a5e5b20990361ac4d274c58266a81e71c24f751612589d,9d27f4d0872e483ddbf460bda8a2e34b7180f153c6d7c1a74d692720476c9a7f,2,GR_MODULE,21954,_mem_MakeDiscardable,SYMBOL_ONLY_START,GAME,PROBABLE
538fed3f0fd60a6528a5e5b20990361ac4d274c58266a81e71c24f751612589d,9d27f4d0872e483ddbf460bda8a2e34b7180f153c6d7c1a74d692720476c9a7f,2,GR_MODULE,21974,_mem_SetType,SYMBOL_ONLY_START,GAME,PROBABLE
538fed3f0fd60a6528a5e5b20990361ac4d274c58266a81e71c24f751612589d,9d27f4d0872e483ddbf460bda8a2e34b7180f153c6d7c1a74d692720476c9a7f,2,GR_MODULE,22052,_mem_Age,SYMBOL_ONLY_START,GAME,PROBABLE
538fed3f0fd60a6528a5e5b20990361ac4d274c58266a81e71c24f751612589d,9d27f4d0872e483ddbf460bda8a2e34b7180f153c6d7c1a74d692720476c9a7f,2,GR_MODULE,22060,_mem_Freshen,SYMBOL_ONLY_START,GAME,PROBABLE
538fed3f0fd60a6528a5e5b20990361ac4d274c58266a81e71c24f751612589d,9d27f4d0872e483ddbf460bda8a2e34b7180f153c6d7c1a74d692720476c9a7f,2,GR_MODULE,22074,_mem_Freed,SYMBOL_ONLY_START,GAME,PROBABLE
538fed3f0fd60a6528a5e5b20990361ac4d274c58266a81e71c24f751612589d,9d27f4d0872e483ddbf460bda8a2e34b7180f153c6d7c1a74d692720476c9a7f,2,GR_MODULE,22112,_mem_Type,SYMBOL_ONLY_START,GAME,PROBABLE
538fed3f0fd60a6528a5e5b20990361ac4d274c58266a81e71c24f751612589d,9d27f4d0872e483ddbf460bda8a2e34b7180f153c6d7c1a74d692720476c9a7f,2,GR_MODULE,22138,_mem_MemoryFree,SYMBOL_ONLY_START,GAME,PROBABLE
538fed3f0fd60a6528a5e5b20990361ac4d274c58266a81e71c24f751612589d,9d27f4d0872e483ddbf460bda8a2e34b7180f153c6d7c1a74d692720476c9a7f,2,GR_MODULE,22146,_mem_DebugDump,SYMBOL_ONLY_START,GAME,PROBABLE
538fed3f0fd60a6528a5e5b20990361ac4d274c58266a81e71c24f751612589d,9d27f4d0872e483ddbf460bda8a2e34b7180f153c6d7c1a74d692720476c9a7f,2,GR_MODULE,22148,_ralloc_CompressMemory,SYMBOL_ONLY_START,GAME,PROBABLE
538fed3f0fd60a6528a5e5b20990361ac4d274c58266a81e71c24f751612589d,9d27f4d0872e483ddbf460bda8a2e34b7180f153c6d7c1a74d692720476c9a7f,2,GR_MODULE,22158,_RallocInfo,SYMBOL_ONLY_START,GAME,PROBABLE
538fed3f0fd60a6528a5e5b20990361ac4d274c58266a81e71c24f751612589d,9d27f4d0872e483ddbf460bda8a2e34b7180f153c6d7c1a74d692720476c9a7f,2,GR_MODULE,22184,_RallocFindMem,SYMBOL_ONLY_START,GAME,PROBABLE
538fed3f0fd60a6528a5e5b20990361ac4d274c58266a81e71c24f751612589d,9d27f4d0872e483ddbf460bda8a2e34b7180f153c6d7c1a74d692720476c9a7f,2,GR_MODULE,22514,_Ralloc,SYMBOL_ONLY_START,GAME,PROBABLE
538fed3f0fd60a6528a5e5b20990361ac4d274c58266a81e71c24f751612589d,9d27f4d0872e483ddbf460bda8a2e34b7180f153c6d7c1a74d692720476c9a7f,2,GR_MODULE,22674,_RallocRealloc,SYMBOL_ONLY_START,GAME,PROBABLE
538fed3f0fd60a6528a5e5b20990361ac4d274c58266a81e71c24f751612589d,9d27f4d0872e483ddbf460bda8a2e34b7180f153c6d7c1a74d692720476c9a7f,2,GR_MODULE,22838,_RallocFree,SYMBOL_ONLY_START,GAME,PROBABLE
538fed3f0fd60a6528a5e5b20990361ac4d274c58266a81e71c24f751612589d,9d27f4d0872e483ddbf460bda8a2e34b7180f153c6d7c1a74d692720476c9a7f,2,GR_MODULE,22892,_RallocAge,SYMBOL_ONLY_START,GAME,PROBABLE
538fed3f0fd60a6528a5e5b20990361ac4d274c58266a81e71c24f751612589d,9d27f4d0872e483ddbf460bda8a2e34b7180f153c6d7c1a74d692720476c9a7f,2,GR_MODULE,22910,_RallocFreshen,SYMBOL_ONLY_START,GAME,PROBABLE
538fed3f0fd60a6528a5e5b20990361ac4d274c58266a81e71c24f751612589d,9d27f4d0872e483ddbf460bda8a2e34b7180f153c6d7c1a74d692720476c9a7f,2,GR_MODULE,22932,_RallocSetType,SYMBOL_ONLY_START,GAME,PROBABLE
538fed3f0fd60a6528a5e5b20990361ac4d274c58266a81e71c24f751612589d,9d27f4d0872e483ddbf460bda8a2e34b7180f153c6d7c1a74d692720476c9a7f,2,GR_MODULE,22948,_RallocType,SYMBOL_ONLY_START,GAME,PROBABLE
538fed3f0fd60a6528a5e5b20990361ac4d274c58266a81e71c24f751612589d,9d27f4d0872e483ddbf460bda8a2e34b7180f153c6d7c1a74d692720476c9a7f,2,GR_MODULE,22960,_RallocSize,SYMBOL_ONLY_START,GAME,PROBABLE
538fed3f0fd60a6528a5e5b20990361ac4d274c58266a81e71c24f751612589d,9d27f4d0872e483ddbf460bda8a2e34b7180f153c6d7c1a74d692720476c9a7f,2,GR_MODULE,22976,_RallocMemoryFree,SYMBOL_ONLY_START,GAME,PROBABLE
538fed3f0fd60a6528a5e5b20990361ac4d274c58266a81e71c24f751612589d,9d27f4d0872e483ddbf460bda8a2e34b7180f153c6d7c1a74d692720476c9a7f,2,GR_MODULE,22984,_RallocMemorySoft,SYMBOL_ONLY_START,GAME,PROBABLE
538fed3f0fd60a6528a5e5b20990361ac4d274c58266a81e71c24f751612589d,9d27f4d0872e483ddbf460bda8a2e34b7180f153c6d7c1a74d692720476c9a7f,2,GR_MODULE,22988,_RallocFreed,SYMBOL_ONLY_START,GAME,PROBABLE
538fed3f0fd60a6528a5e5b20990361ac4d274c58266a81e71c24f751612589d,9d27f4d0872e483ddbf460bda8a2e34b7180f153c6d7c1a74d692720476c9a7f,2,GR_MODULE,23012,_MakeBalloon,SYMBOL_ONLY_START,GAME,PROBABLE
538fed3f0fd60a6528a5e5b20990361ac4d274c58266a81e71c24f751612589d,9d27f4d0872e483ddbf460bda8a2e34b7180f153c6d7c1a74d692720476c9a7f,2,GR_MODULE,24112,_ConvertMonoMaskToTandy,SYMBOL_ONLY_START,GAME,PROBABLE
538fed3f0fd60a6528a5e5b20990361ac4d274c58266a81e71c24f751612589d,9d27f4d0872e483ddbf460bda8a2e34b7180f153c6d7c1a74d692720476c9a7f,2,GR_MODULE,24334,_ConvertMonoMaskToColor,SYMBOL_ONLY_START,GAME,PROBABLE
538fed3f0fd60a6528a5e5b20990361ac4d274c58266a81e71c24f751612589d,9d27f4d0872e483ddbf460bda8a2e34b7180f153c6d7c1a74d692720476c9a7f,2,GR_MODULE,24714,_font_CharWidth,SYMBOL_ONLY_START,GAME,PROBABLE
538fed3f0fd60a6528a5e5b20990361ac4d274c58266a81e71c24f751612589d,9d27f4d0872e483ddbf460bda8a2e34b7180f153c6d7c1a74d692720476c9a7f,2,GR_MODULE,24750,_font_FontHeight,SYMBOL_ONLY_START,GAME,PROBABLE
538fed3f0fd60a6528a5e5b20990361ac4d274c58266a81e71c24f751612589d,9d27f4d0872e483ddbf460bda8a2e34b7180f153c6d7c1a74d692720476c9a7f,2,GR_MODULE,24782,_font_StringWidth,SYMBOL_ONLY_START,GAME,PROBABLE
538fed3f0fd60a6528a5e5b20990361ac4d274c58266a81e71c24f751612589d,9d27f4d0872e483ddbf460bda8a2e34b7180f153c6d7c1a74d692720476c9a7f,2,GR_MODULE,24860,_font_SetFont,SYMBOL_ONLY_START,GAME,PROBABLE
538fed3f0fd60a6528a5e5b20990361ac4d274c58266a81e71c24f751612589d,9d27f4d0872e483ddbf460bda8a2e34b7180f153c6d7c1a74d692720476c9a7f,2,GR_MODULE,24940,_font_InitFonts,SYMBOL_ONLY_START,GAME,PROBABLE
538fed3f0fd60a6528a5e5b20990361ac4d274c58266a81e71c24f751612589d,9d27f4d0872e483ddbf460bda8a2e34b7180f153c6d7c1a74d692720476c9a7f,2,GR_MODULE,25110,_font_PrintStr,SYMBOL_ONLY_START,GAME,PROBABLE
538fed3f0fd60a6528a5e5b20990361ac4d274c58266a81e71c24f751612589d,9d27f4d0872e483ddbf460bda8a2e34b7180f153c6d7c1a74d692720476c9a7f,2,GR_MODULE,25276,_WinPrintf,SYMBOL_ONLY_START,GAME,PROBABLE
538fed3f0fd60a6528a5e5b20990361ac4d274c58266a81e71c24f751612589d,9d27f4d0872e483ddbf460bda8a2e34b7180f153c6d7c1a74d692720476c9a7f,2,GR_MODULE,25378,_DebugWinPrintf,SYMBOL_ONLY_START,GAME,PROBABLE
538fed3f0fd60a6528a5e5b20990361ac4d274c58266a81e71c24f751612589d,9d27f4d0872e483ddbf460bda8a2e34b7180f153c6d7c1a74d692720476c9a7f,2,GR_MODULE,25480,_printf,SYMBOL_ONLY_START,GAME,PROBABLE
538fed3f0fd60a6528a5e5b20990361ac4d274c58266a81e71c24f751612589d,9d27f4d0872e483ddbf460bda8a2e34b7180f153c6d7c1a74d692720476c9a7f,2,GR_MODULE,25524,_SetDebugFlag,SYMBOL_ONLY_START,GAME,PROBABLE
538fed3f0fd60a6528a5e5b20990361ac4d274c58266a81e71c24f751612589d,9d27f4d0872e483ddbf460bda8a2e34b7180f153c6d7c1a74d692720476c9a7f,2,GR_MODULE,25532,_hanim_PrintSet,SYMBOL_ONLY_START,GAME,PROBABLE
538fed3f0fd60a6528a5e5b20990361ac4d274c58266a81e71c24f751612589d,9d27f4d0872e483ddbf460bda8a2e34b7180f153c6d7c1a74d692720476c9a7f,2,GR_MODULE,25546,__hanim_FindObject,SYMBOL_ONLY_START,GAME,PROBABLE
538fed3f0fd60a6528a5e5b20990361ac4d274c58266a81e71c24f751612589d,9d27f4d0872e483ddbf460bda8a2e34b7180f153c6d7c1a74d692720476c9a7f,2,GR_MODULE,25616,_hanim_AddAnimObject,SYMBOL_ONLY_START,GAME,PROBABLE
538fed3f0fd60a6528a5e5b20990361ac4d274c58266a81e71c24f751612589d,9d27f4d0872e483ddbf460bda8a2e34b7180f153c6d7c1a74d692720476c9a7f,2,GR_MODULE,26266,_hanim_RemoveAnimObject,SYMBOL_ONLY_START,GAME,PROBABLE
538fed3f0fd60a6528a5e5b20990361ac4d274c58266a81e71c24f751612589d,9d27f4d0872e483ddbf460bda8a2e34b7180f153c6d7c1a74d692720476c9a7f,2,GR_MODULE,26526,_hanim_RemoveAllAnimObjects,SYMBOL_ONLY_START,GAME,PROBABLE
538fed3f0fd60a6528a5e5b20990361ac4d274c58266a81e71c24f751612589d,9d27f4d0872e483ddbf460bda8a2e34b7180f153c6d7c1a74d692720476c9a7f,2,GR_MODULE,26636,_hanim_ActuallyRemoveAnimObjects,SYMBOL_ONLY_START,GAME,PROBABLE
538fed3f0fd60a6528a5e5b20990361ac4d274c58266a81e71c24f751612589d,9d27f4d0872e483ddbf460bda8a2e34b7180f153c6d7c1a74d692720476c9a7f,2,GR_MODULE,26884,_hanim_HideObject,SYMBOL_ONLY_START,GAME,PROBABLE
538fed3f0fd60a6528a5e5b20990361ac4d274c58266a81e71c24f751612589d,9d27f4d0872e483ddbf460bda8a2e34b7180f153c6d7c1a74d692720476c9a7f,2,GR_MODULE,27064,_hanim_ShowObject,SYMBOL_ONLY_START,GAME,PROBABLE
538fed3f0fd60a6528a5e5b20990361ac4d274c58266a81e71c24f751612589d,9d27f4d0872e483ddbf460bda8a2e34b7180f153c6d7c1a74d692720476c9a7f,2,GR_MODULE,27244,_hanim_SetObjectPos,SYMBOL_ONLY_START,GAME,PROBABLE
538fed3f0fd60a6528a5e5b20990361ac4d274c58266a81e71c24f751612589d,9d27f4d0872e483ddbf460bda8a2e34b7180f153c6d7c1a74d692720476c9a7f,2,GR_MODULE,28218,_hanim_MakeAnimSet,SYMBOL_ONLY_START,GAME,PROBABLE
538fed3f0fd60a6528a5e5b20990361ac4d274c58266a81e71c24f751612589d,9d27f4d0872e483ddbf460bda8a2e34b7180f153c6d7c1a74d692720476c9a7f,2,GR_MODULE,28330,_hanim_RemoveAnimSet,SYMBOL_ONLY_START,GAME,PROBABLE
538fed3f0fd60a6528a5e5b20990361ac4d274c58266a81e71c24f751612589d,9d27f4d0872e483ddbf460bda8a2e34b7180f153c6d7c1a74d692720476c9a7f,2,GR_MODULE,28476,_hanim_RenderAnimSet,SYMBOL_ONLY_START,GAME,PROBABLE
538fed3f0fd60a6528a5e5b20990361ac4d274c58266a81e71c24f751612589d,9d27f4d0872e483ddbf460bda8a2e34b7180f153c6d7c1a74d692720476c9a7f,2,GR_MODULE,29664,_gr_GetFromBuf,SYMBOL_ONLY_START,GAME,PROBABLE
538fed3f0fd60a6528a5e5b20990361ac4d274c58266a81e71c24f751612589d,9d27f4d0872e483ddbf460bda8a2e34b7180f153c6d7c1a74d692720476c9a7f,2,GR_MODULE,30006,_gr_PutToBuf,SYMBOL_ONLY_START,GAME,PROBABLE
538fed3f0fd60a6528a5e5b20990361ac4d274c58266a81e71c24f751612589d,9d27f4d0872e483ddbf460bda8a2e34b7180f153c6d7c1a74d692720476c9a7f,2,GR_MODULE,30348,_UncompressDACInstrument,SYMBOL_ONLY_START,GAME,PROBABLE
538fed3f0fd60a6528a5e5b20990361ac4d274c58266a81e71c24f751612589d,9d27f4d0872e483ddbf460bda8a2e34b7180f153c6d7c1a74d692720476c9a7f,2,GR_MODULE,30482,_IsMMMidiAvail,SYMBOL_ONLY_START,GAME,PROBABLE
538fed3f0fd60a6528a5e5b20990361ac4d274c58266a81e71c24f751612589d,9d27f4d0872e483ddbf460bda8a2e34b7180f153c6d7c1a74d692720476c9a7f,2,GR_MODULE,30524,_IsMMWaveAvail,SYMBOL_ONLY_START,GAME,PROBABLE
538fed3f0fd60a6528a5e5b20990361ac4d274c58266a81e71c24f751612589d,9d27f4d0872e483ddbf460bda8a2e34b7180f153c6d7c1a74d692720476c9a7f,2,GR_MODULE,30566,_CheckMMWave,SYMBOL_ONLY_START,GAME,PROBABLE
538fed3f0fd60a6528a5e5b20990361ac4d274c58266a81e71c24f751612589d,9d27f4d0872e483ddbf460bda8a2e34b7180f153c6d7c1a74d692720476c9a7f,2,GR_MODULE,30734,_IsDLLAvail,SYMBOL_ONLY_START,GAME,PROBABLE
538fed3f0fd60a6528a5e5b20990361ac4d274c58266a81e71c24f751612589d,9d27f4d0872e483ddbf460bda8a2e34b7180f153c6d7c1a74d692720476c9a7f,2,GR_MODULE,31034,_snd_Install,SYMBOL_ONLY_START,GAME,PROBABLE
538fed3f0fd60a6528a5e5b20990361ac4d274c58266a81e71c24f751612589d,9d27f4d0872e483ddbf460bda8a2e34b7180f153c6d7c1a74d692720476c9a7f,2,GR_MODULE,31838,_snd_Deinstall,SYMBOL_ONLY_START,GAME,PROBABLE
538fed3f0fd60a6528a5e5b20990361ac4d274c58266a81e71c24f751612589d,9d27f4d0872e483ddbf460bda8a2e34b7180f153c6d7c1a74d692720476c9a7f,2,GR_MODULE,32446,_snd_IsSongDone,SYMBOL_ONLY_START,GAME,PROBABLE
538fed3f0fd60a6528a5e5b20990361ac4d274c58266a81e71c24f751612589d,9d27f4d0872e483ddbf460bda8a2e34b7180f153c6d7c1a74d692720476c9a7f,2,GR_MODULE,32490,_musSoundBlasterClose,SYMBOL_ONLY_START,GAME,PROBABLE
538fed3f0fd60a6528a5e5b20990361ac4d274c58266a81e71c24f751612589d,9d27f4d0872e483ddbf460bda8a2e34b7180f153c6d7c1a74d692720476c9a7f,2,GR_MODULE,32590,_vocSoundBlasterClose,SYMBOL_ONLY_START,GAME,PROBABLE
538fed3f0fd60a6528a5e5b20990361ac4d274c58266a81e71c24f751612589d,9d27f4d0872e483ddbf460bda8a2e34b7180f153c6d7c1a74d692720476c9a7f,2,GR_MODULE,32690,_vocMciClose,SYMBOL_ONLY_START,GAME,PROBABLE
538fed3f0fd60a6528a5e5b20990361ac4d274c58266a81e71c24f751612589d,9d27f4d0872e483ddbf460bda8a2e34b7180f153c6d7c1a74d692720476c9a7f,2,GR_MODULE,32812,_SoundBlasterMessage,SYMBOL_ONLY_START,GAME,PROBABLE
538fed3f0fd60a6528a5e5b20990361ac4d274c58266a81e71c24f751612589d,9d27f4d0872e483ddbf460bda8a2e34b7180f153c6d7c1a74d692720476c9a7f,2,GR_MODULE,33108,_MciMessage,SYMBOL_ONLY_START,GAME,PROBABLE
538fed3f0fd60a6528a5e5b20990361ac4d274c58266a81e71c24f751612589d,9d27f4d0872e483ddbf460bda8a2e34b7180f153c6d7c1a74d692720476c9a7f,2,GR_MODULE,33404,_MusicInit,SYMBOL_ONLY_START,GAME,PROBABLE
538fed3f0fd60a6528a5e5b20990361ac4d274c58266a81e71c24f751612589d,9d27f4d0872e483ddbf460bda8a2e34b7180f153c6d7c1a74d692720476c9a7f,2,GR_MODULE,33418,_SysBeep,SYMBOL_ONLY_START,GAME,PROBABLE
538fed3f0fd60a6528a5e5b20990361ac4d274c58266a81e71c24f751612589d,9d27f4d0872e483ddbf460bda8a2e34b7180f153c6d7c1a74d692720476c9a7f,2,GR_MODULE,33426,_myBeginSoundList,SYMBOL_ONLY_START,GAME,PROBABLE
538fed3f0fd60a6528a5e5b20990361ac4d274c58266a81e71c24f751612589d,9d27f4d0872e483ddbf460bda8a2e34b7180f153c6d7c1a74d692720476c9a7f,2,GR_MODULE,33428,_StopSong,SYMBOL_ONLY_START,GAME,PROBABLE
538fed3f0fd60a6528a5e5b20990361ac4d274c58266a81e71c24f751612589d,9d27f4d0872e483ddbf460bda8a2e34b7180f153c6d7c1a74d692720476c9a7f,2,GR_MODULE,33700,_ExtractDWord,SYMBOL_ONLY_START,GAME,PROBABLE
538fed3f0fd60a6528a5e5b20990361ac4d274c58266a81e71c24f751612589d,9d27f4d0872e483ddbf460bda8a2e34b7180f153c6d7c1a74d692720476c9a7f,2,GR_MODULE,33782,_ExtractWord,SYMBOL_ONLY_START,GAME,PROBABLE
538fed3f0fd60a6528a5e5b20990361ac4d274c58266a81e71c24f751612589d,9d27f4d0872e483ddbf460bda8a2e34b7180f153c6d7c1a74d692720476c9a7f,2,GR_MODULE,33850,_ExtractVariableLen,SYMBOL_ONLY_START,GAME,PROBABLE
538fed3f0fd60a6528a5e5b20990361ac4d274c58266a81e71c24f751612589d,9d27f4d0872e483ddbf460bda8a2e34b7180f153c6d7c1a74d692720476c9a7f,2,GR_MODULE,34072,_Extract24BitVal,SYMBOL_ONLY_START,GAME,PROBABLE
538fed3f0fd60a6528a5e5b20990361ac4d274c58266a81e71c24f751612589d,9d27f4d0872e483ddbf460bda8a2e34b7180f153c6d7c1a74d692720476c9a7f,2,GR_MODULE,34190,_myBeginSong,SYMBOL_ONLY_START,GAME,PROBABLE
538fed3f0fd60a6528a5e5b20990361ac4d274c58266a81e71c24f751612589d,9d27f4d0872e483ddbf460bda8a2e34b7180f153c6d7c1a74d692720476c9a7f,2,GR_MODULE,38300,_MciOutWave,SYMBOL_ONLY_START,GAME,PROBABLE
538fed3f0fd60a6528a5e5b20990361ac4d274c58266a81e71c24f751612589d,9d27f4d0872e483ddbf460bda8a2e34b7180f153c6d7c1a74d692720476c9a7f,2,GR_MODULE,39088,_myBeginSound,SYMBOL_ONLY_START,GAME,PROBABLE
538fed3f0fd60a6528a5e5b20990361ac4d274c58266a81e71c24f751612589d,9d27f4d0872e483ddbf460bda8a2e34b7180f153c6d7c1a74d692720476c9a7f,2,GR_MODULE,41352,_mySoundIsDone,SYMBOL_ONLY_START,GAME,PROBABLE
538fed3f0fd60a6528a5e5b20990361ac4d274c58266a81e71c24f751612589d,9d27f4d0872e483ddbf460bda8a2e34b7180f153c6d7c1a74d692720476c9a7f,2,GR_MODULE,41356,_myBeginSoundReverse,SYMBOL_ONLY_START,GAME,PROBABLE
538fed3f0fd60a6528a5e5b20990361ac4d274c58266a81e71c24f751612589d,9d27f4d0872e483ddbf460bda8a2e34b7180f153c6d7c1a74d692720476c9a7f,2,GR_MODULE,41376,_mySongIsDone,SYMBOL_ONLY_START,GAME,PROBABLE
538fed3f0fd60a6528a5e5b20990361ac4d274c58266a81e71c24f751612589d,9d27f4d0872e483ddbf460bda8a2e34b7180f153c6d7c1a74d692720476c9a7f,2,GR_MODULE,41442,_MultiMediaSong,SYMBOL_ONLY_START,GAME,PROBABLE
538fed3f0fd60a6528a5e5b20990361ac4d274c58266a81e71c24f751612589d,9d27f4d0872e483ddbf460bda8a2e34b7180f153c6d7c1a74d692720476c9a7f,2,GR_MODULE,41494,_myServiceSong,SYMBOL_ONLY_START,GAME,PROBABLE
538fed3f0fd60a6528a5e5b20990361ac4d274c58266a81e71c24f751612589d,9d27f4d0872e483ddbf460bda8a2e34b7180f153c6d7c1a74d692720476c9a7f,2,GR_MODULE,41572,_myBeginSoundSection,SYMBOL_ONLY_START,GAME,PROBABLE
538fed3f0fd60a6528a5e5b20990361ac4d274c58266a81e71c24f751612589d,9d27f4d0872e483ddbf460bda8a2e34b7180f153c6d7c1a74d692720476c9a7f,2,GR_MODULE,41574,_Beep,SYMBOL_ONLY_START,GAME,PROBABLE
538fed3f0fd60a6528a5e5b20990361ac4d274c58266a81e71c24f751612589d,9d27f4d0872e483ddbf460bda8a2e34b7180f153c6d7c1a74d692720476c9a7f,3,ANTEDIT_MODULE,0,_ZapEuMapAt,SYMBOL_ONLY_START,GAME,PROBABLE
538fed3f0fd60a6528a5e5b20990361ac4d274c58266a81e71c24f751612589d,9d27f4d0872e483ddbf460bda8a2e34b7180f153c6d7c1a74d692720476c9a7f,3,ANTEDIT_MODULE,76,_InvalEuMap,SYMBOL_ONLY_START,GAME,PROBABLE
538fed3f0fd60a6528a5e5b20990361ac4d274c58266a81e71c24f751612589d,9d27f4d0872e483ddbf460bda8a2e34b7180f153c6d7c1a74d692720476c9a7f,3,ANTEDIT_MODULE,244,_OverlayTileSet,SYMBOL_ONLY_START,GAME,PROBABLE
538fed3f0fd60a6528a5e5b20990361ac4d274c58266a81e71c24f751612589d,9d27f4d0872e483ddbf460bda8a2e34b7180f153c6d7c1a74d692720476c9a7f,3,ANTEDIT_MODULE,472,_LoadTiles,SYMBOL_ONLY_START,GAME,PROBABLE
538fed3f0fd60a6528a5e5b20990361ac4d274c58266a81e71c24f751612589d,9d27f4d0872e483ddbf460bda8a2e34b7180f153c6d7c1a74d692720476c9a7f,3,ANTEDIT_MODULE,2690,_ClearEditDeltaTables,SYMBOL_ONLY_START,GAME,PROBABLE
538fed3f0fd60a6528a5e5b20990361ac4d274c58266a81e71c24f751612589d,9d27f4d0872e483ddbf460bda8a2e34b7180f153c6d7c1a74d692720476c9a7f,3,ANTEDIT_MODULE,2938,_ProcEditEvent,SYMBOL_ONLY_START,GAME,PROBABLE
538fed3f0fd60a6528a5e5b20990361ac4d274c58266a81e71c24f751612589d,9d27f4d0872e483ddbf460bda8a2e34b7180f153c6d7c1a74d692720476c9a7f,3,ANTEDIT_MODULE,3170,_win_EditChanged,SYMBOL_ONLY_START,GAME,PROBABLE
538fed3f0fd60a6528a5e5b20990361ac4d274c58266a81e71c24f751612589d,9d27f4d0872e483ddbf460bda8a2e34b7180f153c6d7c1a74d692720476c9a7f,3,ANTEDIT_MODULE,3628,_OpenEditWindow,SYMBOL_ONLY_START,GAME,PROBABLE
538fed3f0fd60a6528a5e5b20990361ac4d274c58266a81e71c24f751612589d,9d27f4d0872e483ddbf460bda8a2e34b7180f153c6d7c1a74d692720476c9a7f,3,ANTEDIT_MODULE,3640,_MakeEditOpen,SYMBOL_ONLY_START,GAME,PROBABLE
538fed3f0fd60a6528a5e5b20990361ac4d274c58266a81e71c24f751612589d,9d27f4d0872e483ddbf460bda8a2e34b7180f153c6d7c1a74d692720476c9a7f,3,ANTEDIT_MODULE,3664,_ForceUpdateEdit,SYMBOL_ONLY_START,GAME,PROBABLE
538fed3f0fd60a6528a5e5b20990361ac4d274c58266a81e71c24f751612589d,9d27f4d0872e483ddbf460bda8a2e34b7180f153c6d7c1a74d692720476c9a7f,3,ANTEDIT_MODULE,3670,_DoEditUpdateDraw,SYMBOL_ONLY_START,GAME,PROBABLE
538fed3f0fd60a6528a5e5b20990361ac4d274c58266a81e71c24f751612589d,9d27f4d0872e483ddbf460bda8a2e34b7180f153c6d7c1a74d692720476c9a7f,3,ANTEDIT_MODULE,3676,_ScrollEditArrays,SYMBOL_ONLY_START,GAME,PROBABLE
538fed3f0fd60a6528a5e5b20990361ac4d274c58266a81e71c24f751612589d,9d27f4d0872e483ddbf460bda8a2e34b7180f153c6d7c1a74d692720476c9a7f,3,ANTEDIT_MODULE,4410,_ScrollEditWindow,SYMBOL_ONLY_START,GAME,PROBABLE
538fed3f0fd60a6528a5e5b20990361ac4d274c58266a81e71c24f751612589d,9d27f4d0872e483ddbf460bda8a2e34b7180f153c6d7c1a74d692720476c9a7f,3,ANTEDIT_MODULE,4576,_UpdateEdit,SYMBOL_ONLY_START,GAME,PROBABLE
538fed3f0fd60a6528a5e5b20990361ac4d274c58266a81e71c24f751612589d,9d27f4d0872e483ddbf460bda8a2e34b7180f153c6d7c1a74d692720476c9a7f,3,ANTEDIT_MODULE,5270,_UpdateEditWindow,SYMBOL_ONLY_START,GAME,PROBABLE
538fed3f0fd60a6528a5e5b20990361ac4d274c58266a81e71c24f751612589d,9d27f4d0872e483ddbf460bda8a2e34b7180f153c6d7c1a74d692720476c9a7f,3,ANTEDIT_MODULE,5276,_UpdateEditIfBufInvalid,SYMBOL_ONLY_START,GAME,PROBABLE
538fed3f0fd60a6528a5e5b20990361ac4d274c58266a81e71c24f751612589d,9d27f4d0872e483ddbf460bda8a2e34b7180f153c6d7c1a74d692720476c9a7f,3,ANTEDIT_MODULE,5358,_DrawEdit,SYMBOL_ONLY_START,GAME,PROBABLE
538fed3f0fd60a6528a5e5b20990361ac4d274c58266a81e71c24f751612589d,9d27f4d0872e483ddbf460bda8a2e34b7180f153c6d7c1a74d692720476c9a7f,3,ANTEDIT_MODULE,5360,_win_DrawEditWindow,SYMBOL_ONLY_START,GAME,PROBABLE
538fed3f0fd60a6528a5e5b20990361ac4d274c58266a81e71c24f751612589d,9d27f4d0872e483ddbf460bda8a2e34b7180f153c6d7c1a74d692720476c9a7f,3,ANTEDIT_MODULE,5556,_BoundEditPosition,SYMBOL_ONLY_START,GAME,PROBABLE
538fed3f0fd60a6528a5e5b20990361ac4d274c58266a81e71c24f751612589d,9d27f4d0872e483ddbf460bda8a2e34b7180f153c6d7c1a74d692720476c9a7f,3,ANTEDIT_MODULE,5664,_CenterEdit,SYMBOL_ONLY_START,GAME,PROBABLE
538fed3f0fd60a6528a5e5b20990361ac4d274c58266a81e71c24f751612589d,9d27f4d0872e483ddbf460bda8a2e34b7180f153c6d7c1a74d692720476c9a7f,3,ANTEDIT_MODULE,6538,_DrawEditGraphs,SYMBOL_ONLY_START,GAME,PROBABLE
538fed3f0fd60a6528a5e5b20990361ac4d274c58266a81e71c24f751612589d,9d27f4d0872e483ddbf460bda8a2e34b7180f153c6d7c1a74d692720476c9a7f,3,ANTEDIT_MODULE,6918,_SetEditWinTitle,SYMBOL_ONLY_START,GAME,PROBABLE
538fed3f0fd60a6528a5e5b20990361ac4d274c58266a81e71c24f751612589d,9d27f4d0872e483ddbf460bda8a2e34b7180f153c6d7c1a74d692720476c9a7f,3,ANTEDIT_MODULE,7150,_InvalidUpdateEdit,SYMBOL_ONLY_START,GAME,PROBABLE
538fed3f0fd60a6528a5e5b20990361ac4d274c58266a81e71c24f751612589d,9d27f4d0872e483ddbf460bda8a2e34b7180f153c6d7c1a74d692720476c9a7f,3,ANTEDIT_MODULE,7192,_PreDrawSpider,SYMBOL_ONLY_START,GAME,PROBABLE
538fed3f0fd60a6528a5e5b20990361ac4d274c58266a81e71c24f751612589d,9d27f4d0872e483ddbf460bda8a2e34b7180f153c6d7c1a74d692720476c9a7f,3,ANTEDIT_MODULE,7530,_DrawSpider,SYMBOL_ONLY_START,GAME,PROBABLE
538fed3f0fd60a6528a5e5b20990361ac4d274c58266a81e71c24f751612589d,9d27f4d0872e483ddbf460bda8a2e34b7180f153c6d7c1a74d692720476c9a7f,3,ANTEDIT_MODULE,8932,_ed_MoveTo,SYMBOL_ONLY_START,GAME,PROBABLE
538fed3f0fd60a6528a5e5b20990361ac4d274c58266a81e71c24f751612589d,9d27f4d0872e483ddbf460bda8a2e34b7180f153c6d7c1a74d692720476c9a7f,3,ANTEDIT_MODULE,8954,_ed_LineTo,SYMBOL_ONLY_START,GAME,PROBABLE
538fed3f0fd60a6528a5e5b20990361ac4d274c58266a81e71c24f751612589d,9d27f4d0872e483ddbf460bda8a2e34b7180f153c6d7c1a74d692720476c9a7f,3,ANTEDIT_MODULE,9620,_DrawPalps,SYMBOL_ONLY_START,GAME,PROBABLE
538fed3f0fd60a6528a5e5b20990361ac4d274c58266a81e71c24f751612589d,9d27f4d0872e483ddbf460bda8a2e34b7180f153c6d7c1a74d692720476c9a7f,3,ANTEDIT_MODULE,11232,_DrawLegs,SYMBOL_ONLY_START,GAME,PROBABLE
538fed3f0fd60a6528a5e5b20990361ac4d274c58266a81e71c24f751612589d,9d27f4d0872e483ddbf460bda8a2e34b7180f153c6d7c1a74d692720476c9a7f,3,ANTEDIT_MODULE,18600,_BalloonIsVisible,SYMBOL_ONLY_START,GAME,PROBABLE
538fed3f0fd60a6528a5e5b20990361ac4d274c58266a81e71c24f751612589d,9d27f4d0872e483ddbf460bda8a2e34b7180f153c6d7c1a74d692720476c9a7f,3,ANTEDIT_MODULE,18672,_EggBalloons,SYMBOL_ONLY_START,GAME,PROBABLE
538fed3f0fd60a6528a5e5b20990361ac4d274c58266a81e71c24f751612589d,9d27f4d0872e483ddbf460bda8a2e34b7180f153c6d7c1a74d692720476c9a7f,3,ANTEDIT_MODULE,18842,_FightBalloons,SYMBOL_ONLY_START,GAME,PROBABLE
538fed3f0fd60a6528a5e5b20990361ac4d274c58266a81e71c24f751612589d,9d27f4d0872e483ddbf460bda8a2e34b7180f153c6d7c1a74d692720476c9a7f,3,ANTEDIT_MODULE,19012,_QueenBalloons,SYMBOL_ONLY_START,GAME,PROBABLE
538fed3f0fd60a6528a5e5b20990361ac4d274c58266a81e71c24f751612589d,9d27f4d0872e483ddbf460bda8a2e34b7180f153c6d7c1a74d692720476c9a7f,3,ANTEDIT_MODULE,19182,_RestBalloons,SYMBOL_ONLY_START,GAME,PROBABLE
538fed3f0fd60a6528a5e5b20990361ac4d274c58266a81e71c24f751612589d,9d27f4d0872e483ddbf460bda8a2e34b7180f153c6d7c1a74d692720476c9a7f,3,ANTEDIT_MODULE,19352,_AddMsgBalloon,SYMBOL_ONLY_START,GAME,PROBABLE
538fed3f0fd60a6528a5e5b20990361ac4d274c58266a81e71c24f751612589d,9d27f4d0872e483ddbf460bda8a2e34b7180f153c6d7c1a74d692720476c9a7f,3,ANTEDIT_MODULE,19628,_DrawCurBalloons,SYMBOL_ONLY_START,GAME,PROBABLE
538fed3f0fd60a6528a5e5b20990361ac4d274c58266a81e71c24f751612589d,9d27f4d0872e483ddbf460bda8a2e34b7180f153c6d7c1a74d692720476c9a7f,3,ANTEDIT_MODULE,22322,_EditMsgBalloon,SYMBOL_ONLY_START,GAME,PROBABLE
538fed3f0fd60a6528a5e5b20990361ac4d274c58266a81e71c24f751612589d,9d27f4d0872e483ddbf460bda8a2e34b7180f153c6d7c1a74d692720476c9a7f,3,ANTEDIT_MODULE,22436,_PreDrawBalloons,SYMBOL_ONLY_START,GAME,PROBABLE
538fed3f0fd60a6528a5e5b20990361ac4d274c58266a81e71c24f751612589d,9d27f4d0872e483ddbf460bda8a2e34b7180f153c6d7c1a74d692720476c9a7f,3,ANTEDIT_MODULE,22442,_DrawBalloons,SYMBOL_ONLY_START,GAME,PROBABLE
538fed3f0fd60a6528a5e5b20990361ac4d274c58266a81e71c24f751612589d,9d27f4d0872e483ddbf460bda8a2e34b7180f153c6d7c1a74d692720476c9a7f,3,ANTEDIT_MODULE,23340,_DoEditScrollLine,SYMBOL_ONLY_START,GAME,PROBABLE
538fed3f0fd60a6528a5e5b20990361ac4d274c58266a81e71c24f751612589d,9d27f4d0872e483ddbf460bda8a2e34b7180f153c6d7c1a74d692720476c9a7f,3,ANTEDIT_MODULE,23662,_DoEditScroll,SYMBOL_ONLY_START,GAME,PROBABLE
538fed3f0fd60a6528a5e5b20990361ac4d274c58266a81e71c24f751612589d,9d27f4d0872e483ddbf460bda8a2e34b7180f153c6d7c1a74d692720476c9a7f,3,ANTEDIT_MODULE,24710,_ResetEditScrollRange,SYMBOL_ONLY_START,GAME,PROBABLE
538fed3f0fd60a6528a5e5b20990361ac4d274c58266a81e71c24f751612589d,9d27f4d0872e483ddbf460bda8a2e34b7180f153c6d7c1a74d692720476c9a7f,3,ANTEDIT_MODULE,26462,_EditScentMenu,SYMBOL_ONLY_START,GAME,PROBABLE
538fed3f0fd60a6528a5e5b20990361ac4d274c58266a81e71c24f751612589d,9d27f4d0872e483ddbf460bda8a2e34b7180f153c6d7c1a74d692720476c9a7f,3,ANTEDIT_MODULE,26566,_EditToolsMenu,SYMBOL_ONLY_START,GAME,PROBABLE
538fed3f0fd60a6528a5e5b20990361ac4d274c58266a81e71c24f751612589d,9d27f4d0872e483ddbf460bda8a2e34b7180f153c6d7c1a74d692720476c9a7f,3,ANTEDIT_MODULE,27072,_win_DrawExamineWindow,SYMBOL_ONLY_START,GAME,PROBABLE
538fed3f0fd60a6528a5e5b20990361ac4d274c58266a81e71c24f751612589d,9d27f4d0872e483ddbf460bda8a2e34b7180f153c6d7c1a74d692720476c9a7f,3,ANTEDIT_MODULE,27468,_MagnifyMenu,SYMBOL_ONLY_START,GAME,PROBABLE
538fed3f0fd60a6528a5e5b20990361ac4d274c58266a81e71c24f751612589d,9d27f4d0872e483ddbf460bda8a2e34b7180f153c6d7c1a74d692720476c9a7f,3,ANTEDIT_MODULE,27940,_AntMenu,SYMBOL_ONLY_START,GAME,PROBABLE
538fed3f0fd60a6528a5e5b20990361ac4d274c58266a81e71c24f751612589d,9d27f4d0872e483ddbf460bda8a2e34b7180f153c6d7c1a74d692720476c9a7f,3,ANTEDIT_MODULE,28172,_SetExpTool,SYMBOL_ONLY_START,GAME,PROBABLE
538fed3f0fd60a6528a5e5b20990361ac4d274c58266a81e71c24f751612589d,9d27f4d0872e483ddbf460bda8a2e34b7180f153c6d7c1a74d692720476c9a7f,3,ANTEDIT_MODULE,28188,_DoWarnSetB,SYMBOL_ONLY_START,GAME,PROBABLE
538fed3f0fd60a6528a5e5b20990361ac4d274c58266a81e71c24f751612589d,9d27f4d0872e483ddbf460bda8a2e34b7180f153c6d7c1a74d692720476c9a7f,3,ANTEDIT_MODULE,28274,_DoHealthSetY,SYMBOL_ONLY_START,GAME,PROBABLE
538fed3f0fd60a6528a5e5b20990361ac4d274c58266a81e71c24f751612589d,9d27f4d0872e483ddbf460bda8a2e34b7180f153c6d7c1a74d692720476c9a7f,3,ANTEDIT_MODULE,28360,_DoTab,SYMBOL_ONLY_START,GAME,PROBABLE
538fed3f0fd60a6528a5e5b20990361ac4d274c58266a81e71c24f751612589d,9d27f4d0872e483ddbf460bda8a2e34b7180f153c6d7c1a74d692720476c9a7f,3,ANTEDIT_MODULE,28386,_DoExpMenu,SYMBOL_ONLY_START,GAME,PROBABLE
538fed3f0fd60a6528a5e5b20990361ac4d274c58266a81e71c24f751612589d,9d27f4d0872e483ddbf460bda8a2e34b7180f153c6d7c1a74d692720476c9a7f,3,ANTEDIT_MODULE,28706,_processExp,SYMBOL_ONLY_START,GAME,PROBABLE
538fed3f0fd60a6528a5e5b20990361ac4d274c58266a81e71c24f751612589d,9d27f4d0872e483ddbf460bda8a2e34b7180f153c6d7c1a74d692720476c9a7f,3,ANTEDIT_MODULE,29310,_DoTool,SYMBOL_ONLY_START,GAME,PROBABLE
538fed3f0fd60a6528a5e5b20990361ac4d274c58266a81e71c24f751612589d,9d27f4d0872e483ddbf460bda8a2e34b7180f153c6d7c1a74d692720476c9a7f,3,ANTEDIT_MODULE,29668,_ReDrawMapEdit,SYMBOL_ONLY_START,GAME,PROBABLE
538fed3f0fd60a6528a5e5b20990361ac4d274c58266a81e71c24f751612589d,9d27f4d0872e483ddbf460bda8a2e34b7180f153c6d7c1a74d692720476c9a7f,3,ANTEDIT_MODULE,29776,_DropWall,SYMBOL_ONLY_START,GAME,PROBABLE
538fed3f0fd60a6528a5e5b20990361ac4d274c58266a81e71c24f751612589d,9d27f4d0872e483ddbf460bda8a2e34b7180f153c6d7c1a74d692720476c9a7f,3,ANTEDIT_MODULE,30062,_ExpDig,SYMBOL_ONLY_START,GAME,PROBABLE
538fed3f0fd60a6528a5e5b20990361ac4d274c58266a81e71c24f751612589d,9d27f4d0872e483ddbf460bda8a2e34b7180f153c6d7c1a74d692720476c9a7f,3,ANTEDIT_MODULE,31060,_ClearLifeB,SYMBOL_ONLY_START,GAME,PROBABLE
538fed3f0fd60a6528a5e5b20990361ac4d274c58266a81e71c24f751612589d,9d27f4d0872e483ddbf460bda8a2e34b7180f153c6d7c1a74d692720476c9a7f,3,ANTEDIT_MODULE,31144,_ClearLifeR,SYMBOL_ONLY_START,GAME,PROBABLE
538fed3f0fd60a6528a5e5b20990361ac4d274c58266a81e71c24f751612589d,9d27f4d0872e483ddbf460bda8a2e34b7180f153c6d7c1a74d692720476c9a7f,3,ANTEDIT_MODULE,31228,_ExpAddAnt,SYMBOL_ONLY_START,GAME,PROBABLE
538fed3f0fd60a6528a5e5b20990361ac4d274c58266a81e71c24f751612589d,9d27f4d0872e483ddbf460bda8a2e34b7180f153c6d7c1a74d692720476c9a7f,3,ANTEDIT_MODULE,31494,_ExpAddFood,SYMBOL_ONLY_START,GAME,PROBABLE
538fed3f0fd60a6528a5e5b20990361ac4d274c58266a81e71c24f751612589d,9d27f4d0872e483ddbf460bda8a2e34b7180f153c6d7c1a74d692720476c9a7f,3,ANTEDIT_MODULE,31646,_ExpIncSmell,SYMBOL_ONLY_START,GAME,PROBABLE
538fed3f0fd60a6528a5e5b20990361ac4d274c58266a81e71c24f751612589d,9d27f4d0872e483ddbf460bda8a2e34b7180f153c6d7c1a74d692720476c9a7f,3,ANTEDIT_MODULE,32092,_ExpKillAnts,SYMBOL_ONLY_START,GAME,PROBABLE
538fed3f0fd60a6528a5e5b20990361ac4d274c58266a81e71c24f751612589d,9d27f4d0872e483ddbf460bda8a2e34b7180f153c6d7c1a74d692720476c9a7f,3,ANTEDIT_MODULE,32570,_IncFoodHere,SYMBOL_ONLY_START,GAME,PROBABLE
538fed3f0fd60a6528a5e5b20990361ac4d274c58266a81e71c24f751612589d,9d27f4d0872e483ddbf460bda8a2e34b7180f153c6d7c1a74d692720476c9a7f,3,ANTEDIT_MODULE,32858,_ConnectAll,SYMBOL_ONLY_START,GAME,PROBABLE
538fed3f0fd60a6528a5e5b20990361ac4d274c58266a81e71c24f751612589d,9d27f4d0872e483ddbf460bda8a2e34b7180f153c6d7c1a74d692720476c9a7f,3,ANTEDIT_MODULE,34126,_ConnectWall,SYMBOL_ONLY_START,GAME,PROBABLE
538fed3f0fd60a6528a5e5b20990361ac4d274c58266a81e71c24f751612589d,9d27f4d0872e483ddbf460bda8a2e34b7180f153c6d7c1a74d692720476c9a7f,3,ANTEDIT_MODULE,34368,_WallNeighbors,SYMBOL_ONLY_START,GAME,PROBABLE
538fed3f0fd60a6528a5e5b20990361ac4d274c58266a81e71c24f751612589d,9d27f4d0872e483ddbf460bda8a2e34b7180f153c6d7c1a74d692720476c9a7f,3,ANTEDIT_MODULE,34558,_IsItWall,SYMBOL_ONLY_START,GAME,PROBABLE
538fed3f0fd60a6528a5e5b20990361ac4d274c58266a81e71c24f751612589d,9d27f4d0872e483ddbf460bda8a2e34b7180f153c6d7c1a74d692720476c9a7f,3,ANTEDIT_MODULE,34584,_FillDirtB,SYMBOL_ONLY_START,GAME,PROBABLE
538fed3f0fd60a6528a5e5b20990361ac4d274c58266a81e71c24f751612589d,9d27f4d0872e483ddbf460bda8a2e34b7180f153c6d7c1a74d692720476c9a7f,3,ANTEDIT_MODULE,34778,_FillDirtR,SYMBOL_ONLY_START,GAME,PROBABLE
538fed3f0fd60a6528a5e5b20990361ac4d274c58266a81e71c24f751612589d,9d27f4d0872e483ddbf460bda8a2e34b7180f153c6d7c1a74d692720476c9a7f,3,ANTEDIT_MODULE,34972,_SmoothMany,SYMBOL_ONLY_START,GAME,PROBABLE
538fed3f0fd60a6528a5e5b20990361ac4d274c58266a81e71c24f751612589d,9d27f4d0872e483ddbf460bda8a2e34b7180f153c6d7c1a74d692720476c9a7f,3,ANTEDIT_MODULE,35060,_SmoothACell,SYMBOL_ONLY_START,GAME,PROBABLE
538fed3f0fd60a6528a5e5b20990361ac4d274c58266a81e71c24f751612589d,9d27f4d0872e483ddbf460bda8a2e34b7180f153c6d7c1a74d692720476c9a7f,3,ANTEDIT_MODULE,36004,_IsValidSLoc,SYMBOL_ONLY_START,GAME,PROBABLE
538fed3f0fd60a6528a5e5b20990361ac4d274c58266a81e71c24f751612589d,9d27f4d0872e483ddbf460bda8a2e34b7180f153c6d7c1a74d692720476c9a7f,3,ANTEDIT_MODULE,36040,_GetSM,SYMBOL_ONLY_START,GAME,PROBABLE
538fed3f0fd60a6528a5e5b20990361ac4d274c58266a81e71c24f751612589d,9d27f4d0872e483ddbf460bda8a2e34b7180f153c6d7c1a74d692720476c9a7f,3,ANTEDIT_MODULE,36234,_SetSM,SYMBOL_ONLY_START,GAME,PROBABLE
538fed3f0fd60a6528a5e5b20990361ac4d274c58266a81e71c24f751612589d,9d27f4d0872e483ddbf460bda8a2e34b7180f153c6d7c1a74d692720476c9a7f,3,ANTEDIT_MODULE,36420,_clip_SetWin,SYMBOL_ONLY_START,GAME,PROBABLE
538fed3f0fd60a6528a5e5b20990361ac4d274c58266a81e71c24f751612589d,9d27f4d0872e483ddbf460bda8a2e34b7180f153c6d7c1a74d692720476c9a7f,3,ANTEDIT_MODULE,36422,_clip_Off,SYMBOL_ONLY_START,GAME,PROBABLE
538fed3f0fd60a6528a5e5b20990361ac4d274c58266a81e71c24f751612589d,9d27f4d0872e483ddbf460bda8a2e34b7180f153c6d7c1a74d692720476c9a7f,3,ANTEDIT_MODULE,36424,_clip_KillWin,SYMBOL_ONLY_START,GAME,PROBABLE
538fed3f0fd60a6528a5e5b20990361ac4d274c58266a81e71c24f751612589d,9d27f4d0872e483ddbf460bda8a2e34b7180f153c6d7c1a74d692720476c9a7f,3,ANTEDIT_MODULE,36426,_clip_SubInclude,SYMBOL_ONLY_START,GAME,PROBABLE
538fed3f0fd60a6528a5e5b20990361ac4d274c58266a81e71c24f751612589d,9d27f4d0872e483ddbf460bda8a2e34b7180f153c6d7c1a74d692720476c9a7f,3,ANTEDIT_MODULE,36428,_clip_SubExclude,SYMBOL_ONLY_START,GAME,PROBABLE
538fed3f0fd60a6528a5e5b20990361ac4d274c58266a81e71c24f751612589d,9d27f4d0872e483ddbf460bda8a2e34b7180f153c6d7c1a74d692720476c9a7f,3,ANTEDIT_MODULE,36430,_clip_Pop,SYMBOL_ONLY_START,GAME,PROBABLE
538fed3f0fd60a6528a5e5b20990361ac4d274c58266a81e71c24f751612589d,9d27f4d0872e483ddbf460bda8a2e34b7180f153c6d7c1a74d692720476c9a7f,3,ANTEDIT_MODULE,36432,_clip_Push,SYMBOL_ONLY_START,GAME,PROBABLE
538fed3f0fd60a6528a5e5b20990361ac4d274c58266a81e71c24f751612589d,9d27f4d0872e483ddbf460bda8a2e34b7180f153c6d7c1a74d692720476c9a7f,3,ANTEDIT_MODULE,36434,_clip_ToRect,SYMBOL_ONLY_START,GAME,PROBABLE
538fed3f0fd60a6528a5e5b20990361ac4d274c58266a81e71c24f751612589d,9d27f4d0872e483ddbf460bda8a2e34b7180f153c6d7c1a74d692720476c9a7f,3,ANTEDIT_MODULE,36436,_clip_ToObj,SYMBOL_ONLY_START,GAME,PROBABLE
538fed3f0fd60a6528a5e5b20990361ac4d274c58266a81e71c24f751612589d,9d27f4d0872e483ddbf460bda8a2e34b7180f153c6d7c1a74d692720476c9a7f,3,ANTEDIT_MODULE,36438,_UpdateListBox,SYMBOL_ONLY_START,GAME,PROBABLE
538fed3f0fd60a6528a5e5b20990361ac4d274c58266a81e71c24f751612589d,9d27f4d0872e483ddbf460bda8a2e34b7180f153c6d7c1a74d692720476c9a7f,3,ANTEDIT_MODULE,36900,_SeparateFile,SYMBOL_ONLY_START,GAME,PROBABLE
538fed3f0fd60a6528a5e5b20990361ac4d274c58266a81e71c24f751612589d,9d27f4d0872e483ddbf460bda8a2e34b7180f153c6d7c1a74d692720476c9a7f,3,ANTEDIT_MODULE,37084,_ChangeDirectory,SYMBOL_ONLY_START,GAME,PROBABLE
538fed3f0fd60a6528a5e5b20990361ac4d274c58266a81e71c24f751612589d,9d27f4d0872e483ddbf460bda8a2e34b7180f153c6d7c1a74d692720476c9a7f,3,ANTEDIT_MODULE,37448,OPENDLG,SYMBOL_ONLY_START,GAME,PROBABLE
538fed3f0fd60a6528a5e5b20990361ac4d274c58266a81e71c24f751612589d,9d27f4d0872e483ddbf460bda8a2e34b7180f153c6d7c1a74d692720476c9a7f,3,ANTEDIT_MODULE,38116,SAVEASDLG,SYMBOL_ONLY_START,GAME,PROBABLE
538fed3f0fd60a6528a5e5b20990361ac4d274c58266a81e71c24f751612589d,9d27f4d0872e483ddbf460bda8a2e34b7180f153c6d7c1a74d692720476c9a7f,3,ANTEDIT_MODULE,39200,_FileSelect,SYMBOL_ONLY_START,GAME,PROBABLE
538fed3f0fd60a6528a5e5b20990361ac4d274c58266a81e71c24f751612589d,9d27f4d0872e483ddbf460bda8a2e34b7180f153c6d7c1a74d692720476c9a7f,3,ANTEDIT_MODULE,40170,_SpecialTutorialInit,SYMBOL_ONLY_START,GAME,PROBABLE
538fed3f0fd60a6528a5e5b20990361ac4d274c58266a81e71c24f751612589d,9d27f4d0872e483ddbf460bda8a2e34b7180f153c6d7c1a74d692720476c9a7f,3,ANTEDIT_MODULE,40324,_DoPreLoadInits,SYMBOL_ONLY_START,GAME,PROBABLE
538fed3f0fd60a6528a5e5b20990361ac4d274c58266a81e71c24f751612589d,9d27f4d0872e483ddbf460bda8a2e34b7180f153c6d7c1a74d692720476c9a7f,3,ANTEDIT_MODULE,40382,_DoLoadInitializations,SYMBOL_ONLY_START,GAME,PROBABLE
538fed3f0fd60a6528a5e5b20990361ac4d274c58266a81e71c24f751612589d,9d27f4d0872e483ddbf460bda8a2e34b7180f153c6d7c1a74d692720476c9a7f,3,ANTEDIT_MODULE,40864,_LoadGame,SYMBOL_ONLY_START,GAME,PROBABLE
538fed3f0fd60a6528a5e5b20990361ac4d274c58266a81e71c24f751612589d,9d27f4d0872e483ddbf460bda8a2e34b7180f153c6d7c1a74d692720476c9a7f,3,ANTEDIT_MODULE,41534,_SaveGame,SYMBOL_ONLY_START,GAME,PROBABLE
538fed3f0fd60a6528a5e5b20990361ac4d274c58266a81e71c24f751612589d,9d27f4d0872e483ddbf460bda8a2e34b7180f153c6d7c1a74d692720476c9a7f,3,ANTEDIT_MODULE,42160,_ClearLastFileName,SYMBOL_ONLY_START,GAME,PROBABLE
538fed3f0fd60a6528a5e5b20990361ac4d274c58266a81e71c24f751612589d,9d27f4d0872e483ddbf460bda8a2e34b7180f153c6d7c1a74d692720476c9a7f,3,ANTEDIT_MODULE,42172,_CheckRainArray,SYMBOL_ONLY_START,GAME,PROBABLE
538fed3f0fd60a6528a5e5b20990361ac4d274c58266a81e71c24f751612589d,9d27f4d0872e483ddbf460bda8a2e34b7180f153c6d7c1a74d692720476c9a7f,3,ANTEDIT_MODULE,42270,_ProcYardEvent,SYMBOL_ONLY_START,GAME,PROBABLE
538fed3f0fd60a6528a5e5b20990361ac4d274c58266a81e71c24f751612589d,9d27f4d0872e483ddbf460bda8a2e34b7180f153c6d7c1a74d692720476c9a7f,3,ANTEDIT_MODULE,42702,_ProcYardRibbonEvent,SYMBOL_ONLY_START,GAME,PROBABLE
538fed3f0fd60a6528a5e5b20990361ac4d274c58266a81e71c24f751612589d,9d27f4d0872e483ddbf460bda8a2e34b7180f153c6d7c1a74d692720476c9a7f,3,ANTEDIT_MODULE,43416,_DrawYardCursor,SYMBOL_ONLY_START,GAME,PROBABLE
538fed3f0fd60a6528a5e5b20990361ac4d274c58266a81e71c24f751612589d,9d27f4d0872e483ddbf460bda8a2e34b7180f153c6d7c1a74d692720476c9a7f,3,ANTEDIT_MODULE,43452,_EraseYardCursor,SYMBOL_ONLY_START,GAME,PROBABLE
538fed3f0fd60a6528a5e5b20990361ac4d274c58266a81e71c24f751612589d,9d27f4d0872e483ddbf460bda8a2e34b7180f153c6d7c1a74d692720476c9a7f,3,ANTEDIT_MODULE,43488,_win_DrawYardWindow,SYMBOL_ONLY_START,GAME,PROBABLE
538fed3f0fd60a6528a5e5b20990361ac4d274c58266a81e71c24f751612589d,9d27f4d0872e483ddbf460bda8a2e34b7180f153c6d7c1a74d692720476c9a7f,3,ANTEDIT_MODULE,44046,_UpdateYardMessage,SYMBOL_ONLY_START,GAME,PROBABLE
538fed3f0fd60a6528a5e5b20990361ac4d274c58266a81e71c24f751612589d,9d27f4d0872e483ddbf460bda8a2e34b7180f153c6d7c1a74d692720476c9a7f,3,ANTEDIT_MODULE,44248,_DrawYardData,SYMBOL_ONLY_START,GAME,PROBABLE
538fed3f0fd60a6528a5e5b20990361ac4d274c58266a81e71c24f751612589d,9d27f4d0872e483ddbf460bda8a2e34b7180f153c6d7c1a74d692720476c9a7f,3,ANTEDIT_MODULE,44708,_DrawYard,SYMBOL_ONLY_START,GAME,PROBABLE
538fed3f0fd60a6528a5e5b20990361ac4d274c58266a81e71c24f751612589d,9d27f4d0872e483ddbf460bda8a2e34b7180f153c6d7c1a74d692720476c9a7f,3,ANTEDIT_MODULE,44764,_UpdateYard,SYMBOL_ONLY_START,GAME,PROBABLE
538fed3f0fd60a6528a5e5b20990361ac4d274c58266a81e71c24f751612589d,9d27f4d0872e483ddbf460bda8a2e34b7180f153c6d7c1a74d692720476c9a7f,3,ANTEDIT_MODULE,44820,_DrawSimKid,SYMBOL_ONLY_START,GAME,PROBABLE
538fed3f0fd60a6528a5e5b20990361ac4d274c58266a81e71c24f751612589d,9d27f4d0872e483ddbf460bda8a2e34b7180f153c6d7c1a74d692720476c9a7f,3,ANTEDIT_MODULE,45328,_DrawDog,SYMBOL_ONLY_START,GAME,PROBABLE
538fed3f0fd60a6528a5e5b20990361ac4d274c58266a81e71c24f751612589d,9d27f4d0872e483ddbf460bda8a2e34b7180f153c6d7c1a74d692720476c9a7f,3,ANTEDIT_MODULE,45462,_DrawSimBird,SYMBOL_ONLY_START,GAME,PROBABLE
538fed3f0fd60a6528a5e5b20990361ac4d274c58266a81e71c24f751612589d,9d27f4d0872e483ddbf460bda8a2e34b7180f153c6d7c1a74d692720476c9a7f,3,ANTEDIT_MODULE,45568,_DrawSimCat,SYMBOL_ONLY_START,GAME,PROBABLE
538fed3f0fd60a6528a5e5b20990361ac4d274c58266a81e71c24f751612589d,9d27f4d0872e483ddbf460bda8a2e34b7180f153c6d7c1a74d692720476c9a7f,3,ANTEDIT_MODULE,45700,_DrawForSale,SYMBOL_ONLY_START,GAME,PROBABLE
538fed3f0fd60a6528a5e5b20990361ac4d274c58266a81e71c24f751612589d,9d27f4d0872e483ddbf460bda8a2e34b7180f153c6d7c1a74d692720476c9a7f,3,ANTEDIT_MODULE,45764,_DrawMower,SYMBOL_ONLY_START,GAME,PROBABLE
538fed3f0fd60a6528a5e5b20990361ac4d274c58266a81e71c24f751612589d,9d27f4d0872e483ddbf460bda8a2e34b7180f153c6d7c1a74d692720476c9a7f,3,ANTEDIT_MODULE,45994,_DrawAnimYardMessage,SYMBOL_ONLY_START,GAME,PROBABLE
538fed3f0fd60a6528a5e5b20990361ac4d274c58266a81e71c24f751612589d,9d27f4d0872e483ddbf460bda8a2e34b7180f153c6d7c1a74d692720476c9a7f,3,ANTEDIT_MODULE,46178,_Draw_SimYard,SYMBOL_ONLY_START,GAME,PROBABLE
538fed3f0fd60a6528a5e5b20990361ac4d274c58266a81e71c24f751612589d,9d27f4d0872e483ddbf460bda8a2e34b7180f153c6d7c1a74d692720476c9a7f,3,ANTEDIT_MODULE,47774,_DrawRain,SYMBOL_ONLY_START,GAME,PROBABLE
538fed3f0fd60a6528a5e5b20990361ac4d274c58266a81e71c24f751612589d,9d27f4d0872e483ddbf460bda8a2e34b7180f153c6d7c1a74d692720476c9a7f,3,ANTEDIT_MODULE,47886,_DrawSwarm,SYMBOL_ONLY_START,GAME,PROBABLE
538fed3f0fd60a6528a5e5b20990361ac4d274c58266a81e71c24f751612589d,9d27f4d0872e483ddbf460bda8a2e34b7180f153c6d7c1a74d692720476c9a7f,3,ANTEDIT_MODULE,48604,_TooFar,SYMBOL_ONLY_START,GAME,PROBABLE
538fed3f0fd60a6528a5e5b20990361ac4d274c58266a81e71c24f751612589d,9d27f4d0872e483ddbf460bda8a2e34b7180f153c6d7c1a74d692720476c9a7f,3,ANTEDIT_MODULE,48644,_InvertPatch,SYMBOL_ONLY_START,GAME,PROBABLE
538fed3f0fd60a6528a5e5b20990361ac4d274c58266a81e71c24f751612589d,9d27f4d0872e483ddbf460bda8a2e34b7180f153c6d7c1a74d692720476c9a7f,3,ANTEDIT_MODULE,48804,_DrawSimColonies,SYMBOL_ONLY_START,GAME,PROBABLE
538fed3f0fd60a6528a5e5b20990361ac4d274c58266a81e71c24f751612589d,9d27f4d0872e483ddbf460bda8a2e34b7180f153c6d7c1a74d692720476c9a7f,3,ANTEDIT_MODULE,49052,_DrawColonyBars,SYMBOL_ONLY_START,GAME,PROBABLE
538fed3f0fd60a6528a5e5b20990361ac4d274c58266a81e71c24f751612589d,9d27f4d0872e483ddbf460bda8a2e34b7180f153c6d7c1a74d692720476c9a7f,3,ANTEDIT_MODULE,49306,_YardArea,SYMBOL_ONLY_START,GAME,PROBABLE
538fed3f0fd60a6528a5e5b20990361ac4d274c58266a81e71c24f751612589d,9d27f4d0872e483ddbf460bda8a2e34b7180f153c6d7c1a74d692720476c9a7f,3,ANTEDIT_MODULE,49562,_DeinitMapFunctions,SYMBOL_ONLY_START,GAME,PROBABLE
538fed3f0fd60a6528a5e5b20990361ac4d274c58266a81e71c24f751612589d,9d27f4d0872e483ddbf460bda8a2e34b7180f153c6d7c1a74d692720476c9a7f,3,ANTEDIT_MODULE,49564,_InitMapFunctions,SYMBOL_ONLY_START,GAME,PROBABLE
538fed3f0fd60a6528a5e5b20990361ac4d274c58266a81e71c24f751612589d,9d27f4d0872e483ddbf460bda8a2e34b7180f153c6d7c1a74d692720476c9a7f,3,ANTEDIT_MODULE,49698,_ProcMapEvent,SYMBOL_ONLY_START,GAME,PROBABLE
538fed3f0fd60a6528a5e5b20990361ac4d274c58266a81e71c24f751612589d,9d27f4d0872e483ddbf460bda8a2e34b7180f153c6d7c1a74d692720476c9a7f,3,ANTEDIT_MODULE,50132,_ProcMapRibbonEvent,SYMBOL_ONLY_START,GAME,PROBABLE
538fed3f0fd60a6528a5e5b20990361ac4d274c58266a81e71c24f751612589d,9d27f4d0872e483ddbf460bda8a2e34b7180f153c6d7c1a74d692720476c9a7f,3,ANTEDIT_MODULE,50758,_OpenMapWindow,SYMBOL_ONLY_START,GAME,PROBABLE
538fed3f0fd60a6528a5e5b20990361ac4d274c58266a81e71c24f751612589d,9d27f4d0872e483ddbf460bda8a2e34b7180f153c6d7c1a74d692720476c9a7f,3,ANTEDIT_MODULE,50770,_DrawMapCursor,SYMBOL_ONLY_START,GAME,PROBABLE
538fed3f0fd60a6528a5e5b20990361ac4d274c58266a81e71c24f751612589d,9d27f4d0872e483ddbf460bda8a2e34b7180f153c6d7c1a74d692720476c9a7f,3,ANTEDIT_MODULE,50956,_EraseMapCursor,SYMBOL_ONLY_START,GAME,PROBABLE
538fed3f0fd60a6528a5e5b20990361ac4d274c58266a81e71c24f751612589d,9d27f4d0872e483ddbf460bda8a2e34b7180f153c6d7c1a74d692720476c9a7f,3,ANTEDIT_MODULE,51022,_ToggleMapCursor,SYMBOL_ONLY_START,GAME,PROBABLE
538fed3f0fd60a6528a5e5b20990361ac4d274c58266a81e71c24f751612589d,9d27f4d0872e483ddbf460bda8a2e34b7180f153c6d7c1a74d692720476c9a7f,3,ANTEDIT_MODULE,52064,_DrawMapData,SYMBOL_ONLY_START,GAME,PROBABLE
538fed3f0fd60a6528a5e5b20990361ac4d274c58266a81e71c24f751612589d,9d27f4d0872e483ddbf460bda8a2e34b7180f153c6d7c1a74d692720476c9a7f,3,ANTEDIT_MODULE,52462,_AllocateMapBuffer,SYMBOL_ONLY_START,GAME,PROBABLE
538fed3f0fd60a6528a5e5b20990361ac4d274c58266a81e71c24f751612589d,9d27f4d0872e483ddbf460bda8a2e34b7180f153c6d7c1a74d692720476c9a7f,3,ANTEDIT_MODULE,52542,_DrawMap,SYMBOL_ONLY_START,GAME,PROBABLE
538fed3f0fd60a6528a5e5b20990361ac4d274c58266a81e71c24f751612589d,9d27f4d0872e483ddbf460bda8a2e34b7180f153c6d7c1a74d692720476c9a7f,3,ANTEDIT_MODULE,52806,_win_DrawMapWindow,SYMBOL_ONLY_START,GAME,PROBABLE
538fed3f0fd60a6528a5e5b20990361ac4d274c58266a81e71c24f751612589d,9d27f4d0872e483ddbf460bda8a2e34b7180f153c6d7c1a74d692720476c9a7f,3,ANTEDIT_MODULE,53518,_DrawMapSpider,SYMBOL_ONLY_START,GAME,PROBABLE
538fed3f0fd60a6528a5e5b20990361ac4d274c58266a81e71c24f751612589d,9d27f4d0872e483ddbf460bda8a2e34b7180f153c6d7c1a74d692720476c9a7f,3,ANTEDIT_MODULE,53798,_DrawMapFoot,SYMBOL_ONLY_START,GAME,PROBABLE
538fed3f0fd60a6528a5e5b20990361ac4d274c58266a81e71c24f751612589d,9d27f4d0872e483ddbf460bda8a2e34b7180f153c6d7c1a74d692720476c9a7f,3,ANTEDIT_MODULE,54282,_MapToYellowAnt,SYMBOL_ONLY_START,GAME,PROBABLE
538fed3f0fd60a6528a5e5b20990361ac4d274c58266a81e71c24f751612589d,9d27f4d0872e483ddbf460bda8a2e34b7180f153c6d7c1a74d692720476c9a7f,3,ANTEDIT_MODULE,54388,_Mini_DrawMapI,SYMBOL_ONLY_START,GAME,PROBABLE
538fed3f0fd60a6528a5e5b20990361ac4d274c58266a81e71c24f751612589d,9d27f4d0872e483ddbf460bda8a2e34b7180f153c6d7c1a74d692720476c9a7f,3,ANTEDIT_MODULE,56350,_MapToolsMenu,SYMBOL_ONLY_START,GAME,PROBABLE
538fed3f0fd60a6528a5e5b20990361ac4d274c58266a81e71c24f751612589d,9d27f4d0872e483ddbf460bda8a2e34b7180f153c6d7c1a74d692720476c9a7f,3,ANTEDIT_MODULE,56950,_RibbonToolsMenu,SYMBOL_ONLY_START,GAME,PROBABLE
538fed3f0fd60a6528a5e5b20990361ac4d274c58266a81e71c24f751612589d,9d27f4d0872e483ddbf460bda8a2e34b7180f153c6d7c1a74d692720476c9a7f,3,ANTEDIT_MODULE,57600,_MapAreaEvent,SYMBOL_ONLY_START,GAME,PROBABLE
538fed3f0fd60a6528a5e5b20990361ac4d274c58266a81e71c24f751612589d,9d27f4d0872e483ddbf460bda8a2e34b7180f153c6d7c1a74d692720476c9a7f,3,ANTEDIT_MODULE,58114,_Mini_MakeTable,SYMBOL_ONLY_START,GAME,PROBABLE
538fed3f0fd60a6528a5e5b20990361ac4d274c58266a81e71c24f751612589d,9d27f4d0872e483ddbf460bda8a2e34b7180f153c6d7c1a74d692720476c9a7f,3,ANTEDIT_MODULE,58228,_OpenMiniMapWin,SYMBOL_ONLY_START,GAME,PROBABLE
538fed3f0fd60a6528a5e5b20990361ac4d274c58266a81e71c24f751612589d,9d27f4d0872e483ddbf460bda8a2e34b7180f153c6d7c1a74d692720476c9a7f,3,ANTEDIT_MODULE,59482,_DrawMiniMapCursor,SYMBOL_ONLY_START,GAME,PROBABLE
538fed3f0fd60a6528a5e5b20990361ac4d274c58266a81e71c24f751612589d,9d27f4d0872e483ddbf460bda8a2e34b7180f153c6d7c1a74d692720476c9a7f,3,ANTEDIT_MODULE,59638,_EraseMiniMapCursor,SYMBOL_ONLY_START,GAME,PROBABLE
538fed3f0fd60a6528a5e5b20990361ac4d274c58266a81e71c24f751612589d,9d27f4d0872e483ddbf460bda8a2e34b7180f153c6d7c1a74d692720476c9a7f,3,ANTEDIT_MODULE,59678,_ToggleMiniMapCursor,SYMBOL_ONLY_START,GAME,PROBABLE
538fed3f0fd60a6528a5e5b20990361ac4d274c58266a81e71c24f751612589d,9d27f4d0872e483ddbf460bda8a2e34b7180f153c6d7c1a74d692720476c9a7f,4,_TEXT,16,ProfInsChk,SYMBOL_ONLY_START,THIRD_PARTY,PLAUSIBLE
538fed3f0fd60a6528a5e5b20990361ac4d274c58266a81e71c24f751612589d,9d27f4d0872e483ddbf460bda8a2e34b7180f153c6d7c1a74d692720476c9a7f,4,_TEXT,24,ProfSetup,SYMBOL_ONLY_START,THIRD_PARTY,PLAUSIBLE
538fed3f0fd60a6528a5e5b20990361ac4d274c58266a81e71c24f751612589d,9d27f4d0872e483ddbf460bda8a2e34b7180f153c6d7c1a74d692720476c9a7f,4,_TEXT,42,ProfSampRate,SYMBOL_ONLY_START,THIRD_PARTY,PLAUSIBLE
538fed3f0fd60a6528a5e5b20990361ac4d274c58266a81e71c24f751612589d,9d27f4d0872e483ddbf460bda8a2e34b7180f153c6d7c1a74d692720476c9a7f,4,_TEXT,60,PROFSTART,SYMBOL_ONLY_START,THIRD_PARTY,PLAUSIBLE
538fed3f0fd60a6528a5e5b20990361ac4d274c58266a81e71c24f751612589d,9d27f4d0872e483ddbf460bda8a2e34b7180f153c6d7c1a74d692720476c9a7f,4,_TEXT,66,PROFSTOP,SYMBOL_ONLY_START,THIRD_PARTY,PLAUSIBLE
538fed3f0fd60a6528a5e5b20990361ac4d274c58266a81e71c24f751612589d,9d27f4d0872e483ddbf460bda8a2e34b7180f153c6d7c1a74d692720476c9a7f,4,_TEXT,72,ProfClear,SYMBOL_ONLY_START,THIRD_PARTY,PLAUSIBLE
538fed3f0fd60a6528a5e5b20990361ac4d274c58266a81e71c24f751612589d,9d27f4d0872e483ddbf460bda8a2e34b7180f153c6d7c1a74d692720476c9a7f,4,_TEXT,78,ProfFlush,SYMBOL_ONLY_START,THIRD_PARTY,PLAUSIBLE
538fed3f0fd60a6528a5e5b20990361ac4d274c58266a81e71c24f751612589d,9d27f4d0872e483ddbf460bda8a2e34b7180f153c6d7c1a74d692720476c9a7f,4,_TEXT,84,ProfFinish,SYMBOL_ONLY_START,THIRD_PARTY,PLAUSIBLE
538fed3f0fd60a6528a5e5b20990361ac4d274c58266a81e71c24f751612589d,9d27f4d0872e483ddbf460bda8a2e34b7180f153c6d7c1a74d692720476c9a7f,4,_TEXT,97,__astart,SYMBOL_ONLY_START,WINDOWS_STARTUP,PROBABLE
538fed3f0fd60a6528a5e5b20990361ac4d274c58266a81e71c24f751612589d,9d27f4d0872e483ddbf460bda8a2e34b7180f153c6d7c1a74d692720476c9a7f,4,_TEXT,228,__cinit,SYMBOL_ONLY_START,MICROSOFT_CRT,PROBABLE
538fed3f0fd60a6528a5e5b20990361ac4d274c58266a81e71c24f751612589d,9d27f4d0872e483ddbf460bda8a2e34b7180f153c6d7c1a74d692720476c9a7f,4,_TEXT,431,_exit,SYMBOL_ONLY_START,MICROSOFT_CRT,PROBABLE
538fed3f0fd60a6528a5e5b20990361ac4d274c58266a81e71c24f751612589d,9d27f4d0872e483ddbf460bda8a2e34b7180f153c6d7c1a74d692720476c9a7f,4,_TEXT,445,__exit,SYMBOL_ONLY_START,MICROSOFT_CRT,PROBABLE
538fed3f0fd60a6528a5e5b20990361ac4d274c58266a81e71c24f751612589d,9d27f4d0872e483ddbf460bda8a2e34b7180f153c6d7c1a74d692720476c9a7f,4,_TEXT,460,__cexit,SYMBOL_ONLY_START,MICROSOFT_CRT,PROBABLE
538fed3f0fd60a6528a5e5b20990361ac4d274c58266a81e71c24f751612589d,9d27f4d0872e483ddbf460bda8a2e34b7180f153c6d7c1a74d692720476c9a7f,4,_TEXT,477,__c_exit,SYMBOL_ONLY_START,MICROSOFT_CRT,PROBABLE
538fed3f0fd60a6528a5e5b20990361ac4d274c58266a81e71c24f751612589d,9d27f4d0872e483ddbf460bda8a2e34b7180f153c6d7c1a74d692720476c9a7f,4,_TEXT,571,__ctermsub,SYMBOL_ONLY_START,MICROSOFT_CRT,PROBABLE
538fed3f0fd60a6528a5e5b20990361ac4d274c58266a81e71c24f751612589d,9d27f4d0872e483ddbf460bda8a2e34b7180f153c6d7c1a74d692720476c9a7f,4,_TEXT,636,_malloc,SYMBOL_ONLY_START,MICROSOFT_CRT,PROBABLE
538fed3f0fd60a6528a5e5b20990361ac4d274c58266a81e71c24f751612589d,9d27f4d0872e483ddbf460bda8a2e34b7180f153c6d7c1a74d692720476c9a7f,4,_TEXT,642,_free,SYMBOL_ONLY_START,MICROSOFT_CRT,PROBABLE
538fed3f0fd60a6528a5e5b20990361ac4d274c58266a81e71c24f751612589d,9d27f4d0872e483ddbf460bda8a2e34b7180f153c6d7c1a74d692720476c9a7f,4,_TEXT,648,_realloc,SYMBOL_ONLY_START,MICROSOFT_CRT,PROBABLE
538fed3f0fd60a6528a5e5b20990361ac4d274c58266a81e71c24f751612589d,9d27f4d0872e483ddbf460bda8a2e34b7180f153c6d7c1a74d692720476c9a7f,4,_TEXT,654,_calloc,SYMBOL_ONLY_START,MICROSOFT_CRT,PROBABLE
538fed3f0fd60a6528a5e5b20990361ac4d274c58266a81e71c24f751612589d,9d27f4d0872e483ddbf460bda8a2e34b7180f153c6d7c1a74d692720476c9a7f,4,_TEXT,674,__ncalloc,SYMBOL_ONLY_START,MICROSOFT_CRT,PROBABLE
538fed3f0fd60a6528a5e5b20990361ac4d274c58266a81e71c24f751612589d,9d27f4d0872e483ddbf460bda8a2e34b7180f153c6d7c1a74d692720476c9a7f,4,_TEXT,736,__fcalloc,SYMBOL_ONLY_START,FLOAT_RUNTIME,PLAUSIBLE
538fed3f0fd60a6528a5e5b20990361ac4d274c58266a81e71c24f751612589d,9d27f4d0872e483ddbf460bda8a2e34b7180f153c6d7c1a74d692720476c9a7f,4,_TEXT,782,__msize,SYMBOL_ONLY_START,MICROSOFT_CRT,PROBABLE
538fed3f0fd60a6528a5e5b20990361ac4d274c58266a81e71c24f751612589d,9d27f4d0872e483ddbf460bda8a2e34b7180f153c6d7c1a74d692720476c9a7f,4,_TEXT,802,__nmsize,SYMBOL_ONLY_START,MICROSOFT_CRT,PROBABLE
538fed3f0fd60a6528a5e5b20990361ac4d274c58266a81e71c24f751612589d,9d27f4d0872e483ddbf460bda8a2e34b7180f153c6d7c1a74d692720476c9a7f,4,_TEXT,820,__fmsize,SYMBOL_ONLY_START,FLOAT_RUNTIME,PLAUSIBLE
538fed3f0fd60a6528a5e5b20990361ac4d274c58266a81e71c24f751612589d,9d27f4d0872e483ddbf460bda8a2e34b7180f153c6d7c1a74d692720476c9a7f,4,_TEXT,838,__expand,SYMBOL_ONLY_START,MICROSOFT_CRT,PROBABLE
538fed3f0fd60a6528a5e5b20990361ac4d274c58266a81e71c24f751612589d,9d27f4d0872e483ddbf460bda8a2e34b7180f153c6d7c1a74d692720476c9a7f,4,_TEXT,862,__nexpand,SYMBOL_ONLY_START,MICROSOFT_CRT,PROBABLE
538fed3f0fd60a6528a5e5b20990361ac4d274c58266a81e71c24f751612589d,9d27f4d0872e483ddbf460bda8a2e34b7180f153c6d7c1a74d692720476c9a7f,4,_TEXT,926,__fexpand,SYMBOL_ONLY_START,FLOAT_RUNTIME,PLAUSIBLE
538fed3f0fd60a6528a5e5b20990361ac4d274c58266a81e71c24f751612589d,9d27f4d0872e483ddbf460bda8a2e34b7180f153c6d7c1a74d692720476c9a7f,4,_TEXT,974,__memavl,SYMBOL_ONLY_START,MICROSOFT_CRT,PROBABLE
538fed3f0fd60a6528a5e5b20990361ac4d274c58266a81e71c24f751612589d,9d27f4d0872e483ddbf460bda8a2e34b7180f153c6d7c1a74d692720476c9a7f,4,_TEXT,1018,__freect,SYMBOL_ONLY_START,FLOAT_RUNTIME,PLAUSIBLE
538fed3f0fd60a6528a5e5b20990361ac4d274c58266a81e71c24f751612589d,9d27f4d0872e483ddbf460bda8a2e34b7180f153c6d7c1a74d692720476c9a7f,4,_TEXT,1068,_strncpy,SYMBOL_ONLY_START,MICROSOFT_CRT,PROBABLE
538fed3f0fd60a6528a5e5b20990361ac4d274c58266a81e71c24f751612589d,9d27f4d0872e483ddbf460bda8a2e34b7180f153c6d7c1a74d692720476c9a7f,4,_TEXT,1110,_sprintf,SYMBOL_ONLY_START,MICROSOFT_CRT,PROBABLE
538fed3f0fd60a6528a5e5b20990361ac4d274c58266a81e71c24f751612589d,9d27f4d0872e483ddbf460bda8a2e34b7180f153c6d7c1a74d692720476c9a7f,4,_TEXT,1218,_movedata,SYMBOL_ONLY_START,MICROSOFT_CRT,PROBABLE
538fed3f0fd60a6528a5e5b20990361ac4d274c58266a81e71c24f751612589d,9d27f4d0872e483ddbf460bda8a2e34b7180f153c6d7c1a74d692720476c9a7f,4,_TEXT,1248,_strchr,SYMBOL_ONLY_START,MICROSOFT_CRT,PROBABLE
538fed3f0fd60a6528a5e5b20990361ac4d274c58266a81e71c24f751612589d,9d27f4d0872e483ddbf460bda8a2e34b7180f153c6d7c1a74d692720476c9a7f,4,_TEXT,1294,_stricmp,SYMBOL_ONLY_START,MICROSOFT_CRT,PROBABLE
538fed3f0fd60a6528a5e5b20990361ac4d274c58266a81e71c24f751612589d,9d27f4d0872e483ddbf460bda8a2e34b7180f153c6d7c1a74d692720476c9a7f,4,_TEXT,1294,_strcmpi,SYMBOL_ONLY_START,MICROSOFT_CRT,PROBABLE
538fed3f0fd60a6528a5e5b20990361ac4d274c58266a81e71c24f751612589d,9d27f4d0872e483ddbf460bda8a2e34b7180f153c6d7c1a74d692720476c9a7f,4,_TEXT,1364,_strrchr,SYMBOL_ONLY_START,MICROSOFT_CRT,PROBABLE
538fed3f0fd60a6528a5e5b20990361ac4d274c58266a81e71c24f751612589d,9d27f4d0872e483ddbf460bda8a2e34b7180f153c6d7c1a74d692720476c9a7f,4,_TEXT,1410,_strstr,SYMBOL_ONLY_START,MICROSOFT_CRT,PROBABLE
538fed3f0fd60a6528a5e5b20990361ac4d274c58266a81e71c24f751612589d,9d27f4d0872e483ddbf460bda8a2e34b7180f153c6d7c1a74d692720476c9a7f,4,_TEXT,1514,_memchr,SYMBOL_ONLY_START,MICROSOFT_CRT,PROBABLE
538fed3f0fd60a6528a5e5b20990361ac4d274c58266a81e71c24f751612589d,9d27f4d0872e483ddbf460bda8a2e34b7180f153c6d7c1a74d692720476c9a7f,4,_TEXT,1580,_memmove,SYMBOL_ONLY_START,MICROSOFT_CRT,PROBABLE
538fed3f0fd60a6528a5e5b20990361ac4d274c58266a81e71c24f751612589d,9d27f4d0872e483ddbf460bda8a2e34b7180f153c6d7c1a74d692720476c9a7f,4,_TEXT,1782,_srand,SYMBOL_ONLY_START,MICROSOFT_CRT,PROBABLE
538fed3f0fd60a6528a5e5b20990361ac4d274c58266a81e71c24f751612589d,9d27f4d0872e483ddbf460bda8a2e34b7180f153c6d7c1a74d692720476c9a7f,4,_TEXT,1802,_rand,SYMBOL_ONLY_START,MICROSOFT_CRT,PROBABLE
538fed3f0fd60a6528a5e5b20990361ac4d274c58266a81e71c24f751612589d,9d27f4d0872e483ddbf460bda8a2e34b7180f153c6d7c1a74d692720476c9a7f,4,_TEXT,1850,_access,SYMBOL_ONLY_START,MICROSOFT_CRT,PROBABLE
538fed3f0fd60a6528a5e5b20990361ac4d274c58266a81e71c24f751612589d,9d27f4d0872e483ddbf460bda8a2e34b7180f153c6d7c1a74d692720476c9a7f,4,_TEXT,1890,_getcwd,SYMBOL_ONLY_START,MICROSOFT_CRT,PROBABLE
538fed3f0fd60a6528a5e5b20990361ac4d274c58266a81e71c24f751612589d,9d27f4d0872e483ddbf460bda8a2e34b7180f153c6d7c1a74d692720476c9a7f,4,_TEXT,1916,__getdcwd,SYMBOL_ONLY_START,MICROSOFT_CRT,PROBABLE
538fed3f0fd60a6528a5e5b20990361ac4d274c58266a81e71c24f751612589d,9d27f4d0872e483ddbf460bda8a2e34b7180f153c6d7c1a74d692720476c9a7f,4,_TEXT,2178,_unlink,SYMBOL_ONLY_START,MICROSOFT_CRT,PROBABLE
538fed3f0fd60a6528a5e5b20990361ac4d274c58266a81e71c24f751612589d,9d27f4d0872e483ddbf460bda8a2e34b7180f153c6d7c1a74d692720476c9a7f,4,_TEXT,2178,_remove,SYMBOL_ONLY_START,MICROSOFT_CRT,PROBABLE
538fed3f0fd60a6528a5e5b20990361ac4d274c58266a81e71c24f751612589d,9d27f4d0872e483ddbf460bda8a2e34b7180f153c6d7c1a74d692720476c9a7f,4,_TEXT,2200,__dos_getdiskfree,SYMBOL_ONLY_START,MICROSOFT_CRT,PROBABLE
538fed3f0fd60a6528a5e5b20990361ac4d274c58266a81e71c24f751612589d,9d27f4d0872e483ddbf460bda8a2e34b7180f153c6d7c1a74d692720476c9a7f,4,_TEXT,2260,__aFldiv,SYMBOL_ONLY_START,FLOAT_RUNTIME,PLAUSIBLE
538fed3f0fd60a6528a5e5b20990361ac4d274c58266a81e71c24f751612589d,9d27f4d0872e483ddbf460bda8a2e34b7180f153c6d7c1a74d692720476c9a7f,4,_TEXT,2414,__aFulmul,SYMBOL_ONLY_START,FLOAT_RUNTIME,PLAUSIBLE
538fed3f0fd60a6528a5e5b20990361ac4d274c58266a81e71c24f751612589d,9d27f4d0872e483ddbf460bda8a2e34b7180f153c6d7c1a74d692720476c9a7f,4,_TEXT,2414,__aFlmul,SYMBOL_ONLY_START,FLOAT_RUNTIME,PLAUSIBLE
538fed3f0fd60a6528a5e5b20990361ac4d274c58266a81e71c24f751612589d,9d27f4d0872e483ddbf460bda8a2e34b7180f153c6d7c1a74d692720476c9a7f,4,_TEXT,2464,__aFlrem,SYMBOL_ONLY_START,FLOAT_RUNTIME,PLAUSIBLE
538fed3f0fd60a6528a5e5b20990361ac4d274c58266a81e71c24f751612589d,9d27f4d0872e483ddbf460bda8a2e34b7180f153c6d7c1a74d692720476c9a7f,4,_TEXT,2624,__aFNaulmul,SYMBOL_ONLY_START,FLOAT_RUNTIME,PLAUSIBLE
538fed3f0fd60a6528a5e5b20990361ac4d274c58266a81e71c24f751612589d,9d27f4d0872e483ddbf460bda8a2e34b7180f153c6d7c1a74d692720476c9a7f,4,_TEXT,2624,__aFNalmul,SYMBOL_ONLY_START,FLOAT_RUNTIME,PLAUSIBLE
538fed3f0fd60a6528a5e5b20990361ac4d274c58266a81e71c24f751612589d,9d27f4d0872e483ddbf460bda8a2e34b7180f153c6d7c1a74d692720476c9a7f,4,_TEXT,2656,__aFuldiv,SYMBOL_ONLY_START,FLOAT_RUNTIME,PLAUSIBLE
538fed3f0fd60a6528a5e5b20990361ac4d274c58266a81e71c24f751612589d,9d27f4d0872e483ddbf460bda8a2e34b7180f153c6d7c1a74d692720476c9a7f,4,_TEXT,2752,_sqrt,SYMBOL_ONLY_START,MICROSOFT_CRT,PROBABLE
538fed3f0fd60a6528a5e5b20990361ac4d274c58266a81e71c24f751612589d,9d27f4d0872e483ddbf460bda8a2e34b7180f153c6d7c1a74d692720476c9a7f,4,_TEXT,2758,__aFCIsqrt,SYMBOL_ONLY_START,FLOAT_RUNTIME,PLAUSIBLE
538fed3f0fd60a6528a5e5b20990361ac4d274c58266a81e71c24f751612589d,9d27f4d0872e483ddbf460bda8a2e34b7180f153c6d7c1a74d692720476c9a7f,4,_TEXT,2764,__ftol,SYMBOL_ONLY_START,FLOAT_RUNTIME,PLAUSIBLE
538fed3f0fd60a6528a5e5b20990361ac4d274c58266a81e71c24f751612589d,9d27f4d0872e483ddbf460bda8a2e34b7180f153c6d7c1a74d692720476c9a7f,4,_TEXT,2764,__aFftol,SYMBOL_ONLY_START,FLOAT_RUNTIME,PLAUSIBLE
538fed3f0fd60a6528a5e5b20990361ac4d274c58266a81e71c24f751612589d,9d27f4d0872e483ddbf460bda8a2e34b7180f153c6d7c1a74d692720476c9a7f,4,_TEXT,2846,__fptrap,SYMBOL_ONLY_START,FLOAT_RUNTIME,PLAUSIBLE
538fed3f0fd60a6528a5e5b20990361ac4d274c58266a81e71c24f751612589d,9d27f4d0872e483ddbf460bda8a2e34b7180f153c6d7c1a74d692720476c9a7f,4,_TEXT,2852,__setargv,SYMBOL_ONLY_START,MICROSOFT_CRT,PROBABLE
538fed3f0fd60a6528a5e5b20990361ac4d274c58266a81e71c24f751612589d,9d27f4d0872e483ddbf460bda8a2e34b7180f153c6d7c1a74d692720476c9a7f,4,_TEXT,3296,__setenvp,SYMBOL_ONLY_START,MICROSOFT_CRT,PROBABLE
538fed3f0fd60a6528a5e5b20990361ac4d274c58266a81e71c24f751612589d,9d27f4d0872e483ddbf460bda8a2e34b7180f153c6d7c1a74d692720476c9a7f,4,_TEXT,3476,__cintDIV,SYMBOL_ONLY_START,FLOAT_RUNTIME,PLAUSIBLE
538fed3f0fd60a6528a5e5b20990361ac4d274c58266a81e71c24f751612589d,9d27f4d0872e483ddbf460bda8a2e34b7180f153c6d7c1a74d692720476c9a7f,4,_TEXT,3486,__amsg_exit,SYMBOL_ONLY_START,MICROSOFT_CRT,PROBABLE
538fed3f0fd60a6528a5e5b20990361ac4d274c58266a81e71c24f751612589d,9d27f4d0872e483ddbf460bda8a2e34b7180f153c6d7c1a74d692720476c9a7f,4,_TEXT,3516,__dosret0,SYMBOL_ONLY_START,MICROSOFT_CRT,PROBABLE
538fed3f0fd60a6528a5e5b20990361ac4d274c58266a81e71c24f751612589d,9d27f4d0872e483ddbf460bda8a2e34b7180f153c6d7c1a74d692720476c9a7f,4,_TEXT,3529,__dosreturn,SYMBOL_ONLY_START,MICROSOFT_CRT,PROBABLE
538fed3f0fd60a6528a5e5b20990361ac4d274c58266a81e71c24f751612589d,9d27f4d0872e483ddbf460bda8a2e34b7180f153c6d7c1a74d692720476c9a7f,4,_TEXT,3547,__dosretax,SYMBOL_ONLY_START,MICROSOFT_CRT,PROBABLE
538fed3f0fd60a6528a5e5b20990361ac4d274c58266a81e71c24f751612589d,9d27f4d0872e483ddbf460bda8a2e34b7180f153c6d7c1a74d692720476c9a7f,4,_TEXT,3565,__maperror,SYMBOL_ONLY_START,MICROSOFT_CRT,PROBABLE
538fed3f0fd60a6528a5e5b20990361ac4d274c58266a81e71c24f751612589d,9d27f4d0872e483ddbf460bda8a2e34b7180f153c6d7c1a74d692720476c9a7f,4,_TEXT,3616,__GetDGROUP,SYMBOL_ONLY_START,MICROSOFT_CRT,PROBABLE
538fed3f0fd60a6528a5e5b20990361ac4d274c58266a81e71c24f751612589d,9d27f4d0872e483ddbf460bda8a2e34b7180f153c6d7c1a74d692720476c9a7f,4,_TEXT,3632,__flsbuf,SYMBOL_ONLY_START,FLOAT_RUNTIME,PLAUSIBLE
538fed3f0fd60a6528a5e5b20990361ac4d274c58266a81e71c24f751612589d,9d27f4d0872e483ddbf460bda8a2e34b7180f153c6d7c1a74d692720476c9a7f,4,_TEXT,3898,__output,SYMBOL_ONLY_START,MICROSOFT_CRT,PROBABLE
538fed3f0fd60a6528a5e5b20990361ac4d274c58266a81e71c24f751612589d,9d27f4d0872e483ddbf460bda8a2e34b7180f153c6d7c1a74d692720476c9a7f,4,_TEXT,5168,__nmalloc,SYMBOL_ONLY_START,MICROSOFT_CRT,PROBABLE
538fed3f0fd60a6528a5e5b20990361ac4d274c58266a81e71c24f751612589d,9d27f4d0872e483ddbf460bda8a2e34b7180f153c6d7c1a74d692720476c9a7f,4,_TEXT,5230,__nfree,SYMBOL_ONLY_START,MICROSOFT_CRT,PROBABLE
538fed3f0fd60a6528a5e5b20990361ac4d274c58266a81e71c24f751612589d,9d27f4d0872e483ddbf460bda8a2e34b7180f153c6d7c1a74d692720476c9a7f,4,_TEXT,5248,__fmalloc,SYMBOL_ONLY_START,FLOAT_RUNTIME,PLAUSIBLE
538fed3f0fd60a6528a5e5b20990361ac4d274c58266a81e71c24f751612589d,9d27f4d0872e483ddbf460bda8a2e34b7180f153c6d7c1a74d692720476c9a7f,4,_TEXT,5292,__ffree,SYMBOL_ONLY_START,FLOAT_RUNTIME,PLAUSIBLE
538fed3f0fd60a6528a5e5b20990361ac4d274c58266a81e71c24f751612589d,9d27f4d0872e483ddbf460bda8a2e34b7180f153c6d7c1a74d692720476c9a7f,4,_TEXT,5310,__nrealloc,SYMBOL_ONLY_START,MICROSOFT_CRT,PROBABLE
538fed3f0fd60a6528a5e5b20990361ac4d274c58266a81e71c24f751612589d,9d27f4d0872e483ddbf460bda8a2e34b7180f153c6d7c1a74d692720476c9a7f,4,_TEXT,5394,__frealloc,SYMBOL_ONLY_START,FLOAT_RUNTIME,PLAUSIBLE
538fed3f0fd60a6528a5e5b20990361ac4d274c58266a81e71c24f751612589d,9d27f4d0872e483ddbf460bda8a2e34b7180f153c6d7c1a74d692720476c9a7f,4,_TEXT,5462,_strcpy,SYMBOL_ONLY_START,MICROSOFT_CRT,PROBABLE
538fed3f0fd60a6528a5e5b20990361ac4d274c58266a81e71c24f751612589d,9d27f4d0872e483ddbf460bda8a2e34b7180f153c6d7c1a74d692720476c9a7f,4,_TEXT,5516,_strlen,SYMBOL_ONLY_START,MICROSOFT_CRT,PROBABLE
538fed3f0fd60a6528a5e5b20990361ac4d274c58266a81e71c24f751612589d,9d27f4d0872e483ddbf460bda8a2e34b7180f153c6d7c1a74d692720476c9a7f,4,_TEXT,5540,__aFahdiff,SYMBOL_ONLY_START,FLOAT_RUNTIME,PLAUSIBLE
538fed3f0fd60a6528a5e5b20990361ac4d274c58266a81e71c24f751612589d,9d27f4d0872e483ddbf460bda8a2e34b7180f153c6d7c1a74d692720476c9a7f,4,_TEXT,5572,_intdosx,SYMBOL_ONLY_START,MICROSOFT_CRT,PROBABLE
538fed3f0fd60a6528a5e5b20990361ac4d274c58266a81e71c24f751612589d,9d27f4d0872e483ddbf460bda8a2e34b7180f153c6d7c1a74d692720476c9a7f,4,_TEXT,5682,__getdrive,SYMBOL_ONLY_START,MICROSOFT_CRT,PROBABLE
538fed3f0fd60a6528a5e5b20990361ac4d274c58266a81e71c24f751612589d,9d27f4d0872e483ddbf460bda8a2e34b7180f153c6d7c1a74d692720476c9a7f,4,_TEXT,5708,__chdrive,SYMBOL_ONLY_START,MICROSOFT_CRT,PROBABLE
538fed3f0fd60a6528a5e5b20990361ac4d274c58266a81e71c24f751612589d,9d27f4d0872e483ddbf460bda8a2e34b7180f153c6d7c1a74d692720476c9a7f,4,_TEXT,5772,__forcdecpt,SYMBOL_ONLY_START,FLOAT_RUNTIME,PLAUSIBLE
538fed3f0fd60a6528a5e5b20990361ac4d274c58266a81e71c24f751612589d,9d27f4d0872e483ddbf460bda8a2e34b7180f153c6d7c1a74d692720476c9a7f,4,_TEXT,5894,__cropzeros,SYMBOL_ONLY_START,MICROSOFT_CRT,PROBABLE
538fed3f0fd60a6528a5e5b20990361ac4d274c58266a81e71c24f751612589d,9d27f4d0872e483ddbf460bda8a2e34b7180f153c6d7c1a74d692720476c9a7f,4,_TEXT,6032,__positive,SYMBOL_ONLY_START,MICROSOFT_CRT,PROBABLE
538fed3f0fd60a6528a5e5b20990361ac4d274c58266a81e71c24f751612589d,9d27f4d0872e483ddbf460bda8a2e34b7180f153c6d7c1a74d692720476c9a7f,4,_TEXT,6088,__fassign,SYMBOL_ONLY_START,FLOAT_RUNTIME,PLAUSIBLE
538fed3f0fd60a6528a5e5b20990361ac4d274c58266a81e71c24f751612589d,9d27f4d0872e483ddbf460bda8a2e34b7180f153c6d7c1a74d692720476c9a7f,4,_TEXT,6204,__cftoe,SYMBOL_ONLY_START,MICROSOFT_CRT,PROBABLE
538fed3f0fd60a6528a5e5b20990361ac4d274c58266a81e71c24f751612589d,9d27f4d0872e483ddbf460bda8a2e34b7180f153c6d7c1a74d692720476c9a7f,4,_TEXT,6662,__cftof,SYMBOL_ONLY_START,MICROSOFT_CRT,PROBABLE
538fed3f0fd60a6528a5e5b20990361ac4d274c58266a81e71c24f751612589d,9d27f4d0872e483ddbf460bda8a2e34b7180f153c6d7c1a74d692720476c9a7f,4,_TEXT,7064,__cftog,SYMBOL_ONLY_START,MICROSOFT_CRT,PROBABLE
538fed3f0fd60a6528a5e5b20990361ac4d274c58266a81e71c24f751612589d,9d27f4d0872e483ddbf460bda8a2e34b7180f153c6d7c1a74d692720476c9a7f,4,_TEXT,7286,__cfltcvt,SYMBOL_ONLY_START,MICROSOFT_CRT,PROBABLE
538fed3f0fd60a6528a5e5b20990361ac4d274c58266a81e71c24f751612589d,9d27f4d0872e483ddbf460bda8a2e34b7180f153c6d7c1a74d692720476c9a7f,4,_TEXT,7448,__cintrindisp2,SYMBOL_ONLY_START,FLOAT_RUNTIME,PLAUSIBLE
538fed3f0fd60a6528a5e5b20990361ac4d274c58266a81e71c24f751612589d,9d27f4d0872e483ddbf460bda8a2e34b7180f153c6d7c1a74d692720476c9a7f,4,_TEXT,7496,__cintrindisp1,SYMBOL_ONLY_START,FLOAT_RUNTIME,PLAUSIBLE
538fed3f0fd60a6528a5e5b20990361ac4d274c58266a81e71c24f751612589d,9d27f4d0872e483ddbf460bda8a2e34b7180f153c6d7c1a74d692720476c9a7f,4,_TEXT,7540,__ctrandisp2,SYMBOL_ONLY_START,MICROSOFT_CRT,PROBABLE
538fed3f0fd60a6528a5e5b20990361ac4d274c58266a81e71c24f751612589d,9d27f4d0872e483ddbf460bda8a2e34b7180f153c6d7c1a74d692720476c9a7f,4,_TEXT,7566,__ctrandisp1,SYMBOL_ONLY_START,MICROSOFT_CRT,PROBABLE
538fed3f0fd60a6528a5e5b20990361ac4d274c58266a81e71c24f751612589d,9d27f4d0872e483ddbf460bda8a2e34b7180f153c6d7c1a74d692720476c9a7f,4,_TEXT,7888,__fpsignal,SYMBOL_ONLY_START,FLOAT_RUNTIME,PLAUSIBLE
538fed3f0fd60a6528a5e5b20990361ac4d274c58266a81e71c24f751612589d,9d27f4d0872e483ddbf460bda8a2e34b7180f153c6d7c1a74d692720476c9a7f,4,_TEXT,7924,__cldtoe,SYMBOL_ONLY_START,MICROSOFT_CRT,PROBABLE
538fed3f0fd60a6528a5e5b20990361ac4d274c58266a81e71c24f751612589d,9d27f4d0872e483ddbf460bda8a2e34b7180f153c6d7c1a74d692720476c9a7f,4,_TEXT,8396,__cldtof,SYMBOL_ONLY_START,MICROSOFT_CRT,PROBABLE
538fed3f0fd60a6528a5e5b20990361ac4d274c58266a81e71c24f751612589d,9d27f4d0872e483ddbf460bda8a2e34b7180f153c6d7c1a74d692720476c9a7f,4,_TEXT,8780,__cldtog,SYMBOL_ONLY_START,MICROSOFT_CRT,PROBABLE
538fed3f0fd60a6528a5e5b20990361ac4d274c58266a81e71c24f751612589d,9d27f4d0872e483ddbf460bda8a2e34b7180f153c6d7c1a74d692720476c9a7f,4,_TEXT,8912,__cldcvt,SYMBOL_ONLY_START,MICROSOFT_CRT,PROBABLE
538fed3f0fd60a6528a5e5b20990361ac4d274c58266a81e71c24f751612589d,9d27f4d0872e483ddbf460bda8a2e34b7180f153c6d7c1a74d692720476c9a7f,4,_TEXT,9028,__aNchkstk,SYMBOL_ONLY_START,FLOAT_RUNTIME,PLAUSIBLE
538fed3f0fd60a6528a5e5b20990361ac4d274c58266a81e71c24f751612589d,9d27f4d0872e483ddbf460bda8a2e34b7180f153c6d7c1a74d692720476c9a7f,4,_TEXT,9060,__chkstk,SYMBOL_ONLY_START,MICROSOFT_CRT,PROBABLE
538fed3f0fd60a6528a5e5b20990361ac4d274c58266a81e71c24f751612589d,9d27f4d0872e483ddbf460bda8a2e34b7180f153c6d7c1a74d692720476c9a7f,4,_TEXT,9060,__aFchkstk,SYMBOL_ONLY_START,FLOAT_RUNTIME,PLAUSIBLE
538fed3f0fd60a6528a5e5b20990361ac4d274c58266a81e71c24f751612589d,9d27f4d0872e483ddbf460bda8a2e34b7180f153c6d7c1a74d692720476c9a7f,4,_TEXT,9112,__NMSG_TEXT,SYMBOL_ONLY_START,MICROSOFT_CRT,PROBABLE
538fed3f0fd60a6528a5e5b20990361ac4d274c58266a81e71c24f751612589d,9d27f4d0872e483ddbf460bda8a2e34b7180f153c6d7c1a74d692720476c9a7f,4,_TEXT,9167,__NMSG_WRITE,SYMBOL_ONLY_START,MICROSOFT_CRT,PROBABLE
538fed3f0fd60a6528a5e5b20990361ac4d274c58266a81e71c24f751612589d,9d27f4d0872e483ddbf460bda8a2e34b7180f153c6d7c1a74d692720476c9a7f,4,_TEXT,9220,__myalloc,SYMBOL_ONLY_START,MICROSOFT_CRT,PROBABLE
538fed3f0fd60a6528a5e5b20990361ac4d274c58266a81e71c24f751612589d,9d27f4d0872e483ddbf460bda8a2e34b7180f153c6d7c1a74d692720476c9a7f,4,_TEXT,9266,___ExportedStub,SYMBOL_ONLY_START,MICROSOFT_CRT,PROBABLE
538fed3f0fd60a6528a5e5b20990361ac4d274c58266a81e71c24f751612589d,9d27f4d0872e483ddbf460bda8a2e34b7180f153c6d7c1a74d692720476c9a7f,4,_TEXT,9286,__getbuf,SYMBOL_ONLY_START,MICROSOFT_CRT,PROBABLE
538fed3f0fd60a6528a5e5b20990361ac4d274c58266a81e71c24f751612589d,9d27f4d0872e483ddbf460bda8a2e34b7180f153c6d7c1a74d692720476c9a7f,4,_TEXT,9362,_lseek,SYMBOL_ONLY_START,MICROSOFT_CRT,PROBABLE
538fed3f0fd60a6528a5e5b20990361ac4d274c58266a81e71c24f751612589d,9d27f4d0872e483ddbf460bda8a2e34b7180f153c6d7c1a74d692720476c9a7f,4,_TEXT,9492,_write,SYMBOL_ONLY_START,MICROSOFT_CRT,PROBABLE
538fed3f0fd60a6528a5e5b20990361ac4d274c58266a81e71c24f751612589d,9d27f4d0872e483ddbf460bda8a2e34b7180f153c6d7c1a74d692720476c9a7f,4,_TEXT,9850,_atof,SYMBOL_ONLY_START,MICROSOFT_CRT,PROBABLE
538fed3f0fd60a6528a5e5b20990361ac4d274c58266a81e71c24f751612589d,9d27f4d0872e483ddbf460bda8a2e34b7180f153c6d7c1a74d692720476c9a7f,4,_TEXT,9940,__fptostr,SYMBOL_ONLY_START,FLOAT_RUNTIME,PLAUSIBLE
538fed3f0fd60a6528a5e5b20990361ac4d274c58266a81e71c24f751612589d,9d27f4d0872e483ddbf460bda8a2e34b7180f153c6d7c1a74d692720476c9a7f,4,_TEXT,10108,_memset,SYMBOL_ONLY_START,MICROSOFT_CRT,PROBABLE
538fed3f0fd60a6528a5e5b20990361ac4d274c58266a81e71c24f751612589d,9d27f4d0872e483ddbf460bda8a2e34b7180f153c6d7c1a74d692720476c9a7f,4,_TEXT,10180,__wrt2err,SYMBOL_ONLY_START,MICROSOFT_CRT,PROBABLE
538fed3f0fd60a6528a5e5b20990361ac4d274c58266a81e71c24f751612589d,9d27f4d0872e483ddbf460bda8a2e34b7180f153c6d7c1a74d692720476c9a7f,4,_TEXT,10208,__trandisp1,SYMBOL_ONLY_START,MICROSOFT_CRT,PROBABLE
538fed3f0fd60a6528a5e5b20990361ac4d274c58266a81e71c24f751612589d,9d27f4d0872e483ddbf460bda8a2e34b7180f153c6d7c1a74d692720476c9a7f,4,_TEXT,10274,__trandisp2,SYMBOL_ONLY_START,MICROSOFT_CRT,PROBABLE
538fed3f0fd60a6528a5e5b20990361ac4d274c58266a81e71c24f751612589d,9d27f4d0872e483ddbf460bda8a2e34b7180f153c6d7c1a74d692720476c9a7f,4,_TEXT,10373,__rttospopde,SYMBOL_ONLY_START,FLOAT_RUNTIME,PLAUSIBLE
538fed3f0fd60a6528a5e5b20990361ac4d274c58266a81e71c24f751612589d,9d27f4d0872e483ddbf460bda8a2e34b7180f153c6d7c1a74d692720476c9a7f,4,_TEXT,10376,__rttospop,SYMBOL_ONLY_START,FLOAT_RUNTIME,PLAUSIBLE
538fed3f0fd60a6528a5e5b20990361ac4d274c58266a81e71c24f751612589d,9d27f4d0872e483ddbf460bda8a2e34b7180f153c6d7c1a74d692720476c9a7f,4,_TEXT,10379,__rtnospop,SYMBOL_ONLY_START,FLOAT_RUNTIME,PLAUSIBLE
538fed3f0fd60a6528a5e5b20990361ac4d274c58266a81e71c24f751612589d,9d27f4d0872e483ddbf460bda8a2e34b7180f153c6d7c1a74d692720476c9a7f,4,_TEXT,10382,__rttosnpop,SYMBOL_ONLY_START,FLOAT_RUNTIME,PLAUSIBLE
538fed3f0fd60a6528a5e5b20990361ac4d274c58266a81e71c24f751612589d,9d27f4d0872e483ddbf460bda8a2e34b7180f153c6d7c1a74d692720476c9a7f,4,_TEXT,10383,__rtnospopde,SYMBOL_ONLY_START,FLOAT_RUNTIME,PLAUSIBLE
538fed3f0fd60a6528a5e5b20990361ac4d274c58266a81e71c24f751612589d,9d27f4d0872e483ddbf460bda8a2e34b7180f153c6d7c1a74d692720476c9a7f,4,_TEXT,10388,__rtzeropop,SYMBOL_ONLY_START,FLOAT_RUNTIME,PLAUSIBLE
538fed3f0fd60a6528a5e5b20990361ac4d274c58266a81e71c24f751612589d,9d27f4d0872e483ddbf460bda8a2e34b7180f153c6d7c1a74d692720476c9a7f,4,_TEXT,10391,__rtzeronpop,SYMBOL_ONLY_START,FLOAT_RUNTIME,PLAUSIBLE
538fed3f0fd60a6528a5e5b20990361ac4d274c58266a81e71c24f751612589d,9d27f4d0872e483ddbf460bda8a2e34b7180f153c6d7c1a74d692720476c9a7f,4,_TEXT,10398,__rtonepop,SYMBOL_ONLY_START,FLOAT_RUNTIME,PLAUSIBLE
538fed3f0fd60a6528a5e5b20990361ac4d274c58266a81e71c24f751612589d,9d27f4d0872e483ddbf460bda8a2e34b7180f153c6d7c1a74d692720476c9a7f,4,_TEXT,10401,__rtonenpop,SYMBOL_ONLY_START,FLOAT_RUNTIME,PLAUSIBLE
538fed3f0fd60a6528a5e5b20990361ac4d274c58266a81e71c24f751612589d,9d27f4d0872e483ddbf460bda8a2e34b7180f153c6d7c1a74d692720476c9a7f,4,_TEXT,10408,__rtbignan,SYMBOL_ONLY_START,FLOAT_RUNTIME,PLAUSIBLE
538fed3f0fd60a6528a5e5b20990361ac4d274c58266a81e71c24f751612589d,9d27f4d0872e483ddbf460bda8a2e34b7180f153c6d7c1a74d692720476c9a7f,4,_TEXT,10415,__rtifprojpop,SYMBOL_ONLY_START,FLOAT_RUNTIME,PLAUSIBLE
538fed3f0fd60a6528a5e5b20990361ac4d274c58266a81e71c24f751612589d,9d27f4d0872e483ddbf460bda8a2e34b7180f153c6d7c1a74d692720476c9a7f,4,_TEXT,10422,__rtindfpop,SYMBOL_ONLY_START,FLOAT_RUNTIME,PLAUSIBLE
538fed3f0fd60a6528a5e5b20990361ac4d274c58266a81e71c24f751612589d,9d27f4d0872e483ddbf460bda8a2e34b7180f153c6d7c1a74d692720476c9a7f,4,_TEXT,10425,__rtindfnpop,SYMBOL_ONLY_START,FLOAT_RUNTIME,PLAUSIBLE
538fed3f0fd60a6528a5e5b20990361ac4d274c58266a81e71c24f751612589d,9d27f4d0872e483ddbf460bda8a2e34b7180f153c6d7c1a74d692720476c9a7f,4,_TEXT,10439,__rttosnpopde,SYMBOL_ONLY_START,FLOAT_RUNTIME,PLAUSIBLE
538fed3f0fd60a6528a5e5b20990361ac4d274c58266a81e71c24f751612589d,9d27f4d0872e483ddbf460bda8a2e34b7180f153c6d7c1a74d692720476c9a7f,4,_TEXT,10446,__rtifprojnpop,SYMBOL_ONLY_START,FLOAT_RUNTIME,PLAUSIBLE
538fed3f0fd60a6528a5e5b20990361ac4d274c58266a81e71c24f751612589d,9d27f4d0872e483ddbf460bda8a2e34b7180f153c6d7c1a74d692720476c9a7f,4,_TEXT,10455,__rtchsifneg,SYMBOL_ONLY_START,FLOAT_RUNTIME,PLAUSIBLE
538fed3f0fd60a6528a5e5b20990361ac4d274c58266a81e71c24f751612589d,9d27f4d0872e483ddbf460bda8a2e34b7180f153c6d7c1a74d692720476c9a7f,4,_TEXT,10486,$I10_OUTPUT,SYMBOL_ONLY_START,MICROSOFT_CRT,PROBABLE
538fed3f0fd60a6528a5e5b20990361ac4d274c58266a81e71c24f751612589d,9d27f4d0872e483ddbf460bda8a2e34b7180f153c6d7c1a74d692720476c9a7f,4,_TEXT,11012,__fltout,SYMBOL_ONLY_START,FLOAT_RUNTIME,PLAUSIBLE
538fed3f0fd60a6528a5e5b20990361ac4d274c58266a81e71c24f751612589d,9d27f4d0872e483ddbf460bda8a2e34b7180f153c6d7c1a74d692720476c9a7f,4,_TEXT,11098,_matherr,SYMBOL_ONLY_START,MICROSOFT_CRT,PROBABLE
538fed3f0fd60a6528a5e5b20990361ac4d274c58266a81e71c24f751612589d,9d27f4d0872e483ddbf460bda8a2e34b7180f153c6d7c1a74d692720476c9a7f,4,_TEXT,11124,__atold,SYMBOL_ONLY_START,MICROSOFT_CRT,PROBABLE
538fed3f0fd60a6528a5e5b20990361ac4d274c58266a81e71c24f751612589d,9d27f4d0872e483ddbf460bda8a2e34b7180f153c6d7c1a74d692720476c9a7f,4,_TEXT,11172,_stackavail,SYMBOL_ONLY_START,MICROSOFT_CRT,PROBABLE
538fed3f0fd60a6528a5e5b20990361ac4d274c58266a81e71c24f751612589d,9d27f4d0872e483ddbf460bda8a2e34b7180f153c6d7c1a74d692720476c9a7f,4,_TEXT,11270,$i8_output,SYMBOL_ONLY_START,MICROSOFT_CRT,PROBABLE
538fed3f0fd60a6528a5e5b20990361ac4d274c58266a81e71c24f751612589d,9d27f4d0872e483ddbf460bda8a2e34b7180f153c6d7c1a74d692720476c9a7f,4,_TEXT,12292,__LD12MULTTENPOWER,SYMBOL_ONLY_START,MICROSOFT_CRT,PROBABLE
538fed3f0fd60a6528a5e5b20990361ac4d274c58266a81e71c24f751612589d,9d27f4d0872e483ddbf460bda8a2e34b7180f153c6d7c1a74d692720476c9a7f,4,_TEXT,12505,__LD12MULT,SYMBOL_ONLY_START,MICROSOFT_CRT,PROBABLE
538fed3f0fd60a6528a5e5b20990361ac4d274c58266a81e71c24f751612589d,9d27f4d0872e483ddbf460bda8a2e34b7180f153c6d7c1a74d692720476c9a7f,4,_TEXT,12894,__STRINGTOLD,SYMBOL_ONLY_START,MICROSOFT_CRT,PROBABLE
538fed3f0fd60a6528a5e5b20990361ac4d274c58266a81e71c24f751612589d,9d27f4d0872e483ddbf460bda8a2e34b7180f153c6d7c1a74d692720476c9a7f,4,_TEXT,13510,__fltin,SYMBOL_ONLY_START,FLOAT_RUNTIME,PLAUSIBLE
538fed3f0fd60a6528a5e5b20990361ac4d274c58266a81e71c24f751612589d,9d27f4d0872e483ddbf460bda8a2e34b7180f153c6d7c1a74d692720476c9a7f,4,_TEXT,13610,_fflush,SYMBOL_ONLY_START,MICROSOFT_CRT,PROBABLE
538fed3f0fd60a6528a5e5b20990361ac4d274c58266a81e71c24f751612589d,9d27f4d0872e483ddbf460bda8a2e34b7180f153c6d7c1a74d692720476c9a7f,4,_TEXT,13740,_flushall,SYMBOL_ONLY_START,MICROSOFT_CRT,PROBABLE
538fed3f0fd60a6528a5e5b20990361ac4d274c58266a81e71c24f751612589d,9d27f4d0872e483ddbf460bda8a2e34b7180f153c6d7c1a74d692720476c9a7f,4,_TEXT,14212,$i8_tpwr10,SYMBOL_ONLY_START,MICROSOFT_CRT,PROBABLE
538fed3f0fd60a6528a5e5b20990361ac4d274c58266a81e71c24f751612589d,9d27f4d0872e483ddbf460bda8a2e34b7180f153c6d7c1a74d692720476c9a7f,4,_TEXT,14274,__MANTOLD12,SYMBOL_ONLY_START,MICROSOFT_CRT,PROBABLE
538fed3f0fd60a6528a5e5b20990361ac4d274c58266a81e71c24f751612589d,9d27f4d0872e483ddbf460bda8a2e34b7180f153c6d7c1a74d692720476c9a7f,4,_TEXT,14460,__STRINGTOD,SYMBOL_ONLY_START,MICROSOFT_CRT,PROBABLE
538fed3f0fd60a6528a5e5b20990361ac4d274c58266a81e71c24f751612589d,9d27f4d0872e483ddbf460bda8a2e34b7180f153c6d7c1a74d692720476c9a7f,4,_TEXT,14564,_fclose,SYMBOL_ONLY_START,MICROSOFT_CRT,PROBABLE
538fed3f0fd60a6528a5e5b20990361ac4d274c58266a81e71c24f751612589d,9d27f4d0872e483ddbf460bda8a2e34b7180f153c6d7c1a74d692720476c9a7f,4,_TEXT,14766,__fsopen,SYMBOL_ONLY_START,FLOAT_RUNTIME,PLAUSIBLE
538fed3f0fd60a6528a5e5b20990361ac4d274c58266a81e71c24f751612589d,9d27f4d0872e483ddbf460bda8a2e34b7180f153c6d7c1a74d692720476c9a7f,4,_TEXT,14820,_fopen,SYMBOL_ONLY_START,MICROSOFT_CRT,PROBABLE
538fed3f0fd60a6528a5e5b20990361ac4d274c58266a81e71c24f751612589d,9d27f4d0872e483ddbf460bda8a2e34b7180f153c6d7c1a74d692720476c9a7f,4,_TEXT,14850,_fread,SYMBOL_ONLY_START,MICROSOFT_CRT,PROBABLE
538fed3f0fd60a6528a5e5b20990361ac4d274c58266a81e71c24f751612589d,9d27f4d0872e483ddbf460bda8a2e34b7180f153c6d7c1a74d692720476c9a7f,4,_TEXT,15232,_close,SYMBOL_ONLY_START,MICROSOFT_CRT,PROBABLE
538fed3f0fd60a6528a5e5b20990361ac4d274c58266a81e71c24f751612589d,9d27f4d0872e483ddbf460bda8a2e34b7180f153c6d7c1a74d692720476c9a7f,4,_TEXT,15272,_sopen,SYMBOL_ONLY_START,MICROSOFT_CRT,PROBABLE
538fed3f0fd60a6528a5e5b20990361ac4d274c58266a81e71c24f751612589d,9d27f4d0872e483ddbf460bda8a2e34b7180f153c6d7c1a74d692720476c9a7f,4,_TEXT,15305,_open,SYMBOL_ONLY_START,MICROSOFT_CRT,PROBABLE
538fed3f0fd60a6528a5e5b20990361ac4d274c58266a81e71c24f751612589d,9d27f4d0872e483ddbf460bda8a2e34b7180f153c6d7c1a74d692720476c9a7f,4,_TEXT,15734,__cXENIXtoDOSmode,SYMBOL_ONLY_START,MICROSOFT_CRT,PROBABLE
538fed3f0fd60a6528a5e5b20990361ac4d274c58266a81e71c24f751612589d,9d27f4d0872e483ddbf460bda8a2e34b7180f153c6d7c1a74d692720476c9a7f,4,_TEXT,15752,_read,SYMBOL_ONLY_START,MICROSOFT_CRT,PROBABLE
538fed3f0fd60a6528a5e5b20990361ac4d274c58266a81e71c24f751612589d,9d27f4d0872e483ddbf460bda8a2e34b7180f153c6d7c1a74d692720476c9a7f,4,_TEXT,16014,_atoi,SYMBOL_ONLY_START,MICROSOFT_CRT,PROBABLE
538fed3f0fd60a6528a5e5b20990361ac4d274c58266a81e71c24f751612589d,9d27f4d0872e483ddbf460bda8a2e34b7180f153c6d7c1a74d692720476c9a7f,4,_TEXT,16018,_getenv,SYMBOL_ONLY_START,MICROSOFT_CRT,PROBABLE
538fed3f0fd60a6528a5e5b20990361ac4d274c58266a81e71c24f751612589d,9d27f4d0872e483ddbf460bda8a2e34b7180f153c6d7c1a74d692720476c9a7f,4,_TEXT,16162,_vsprintf,SYMBOL_ONLY_START,MICROSOFT_CRT,PROBABLE
538fed3f0fd60a6528a5e5b20990361ac4d274c58266a81e71c24f751612589d,9d27f4d0872e483ddbf460bda8a2e34b7180f153c6d7c1a74d692720476c9a7f,4,_TEXT,16268,_isalpha,SYMBOL_ONLY_START,MICROSOFT_CRT,PROBABLE
538fed3f0fd60a6528a5e5b20990361ac4d274c58266a81e71c24f751612589d,9d27f4d0872e483ddbf460bda8a2e34b7180f153c6d7c1a74d692720476c9a7f,4,_TEXT,16273,_isupper,SYMBOL_ONLY_START,MICROSOFT_CRT,PROBABLE
538fed3f0fd60a6528a5e5b20990361ac4d274c58266a81e71c24f751612589d,9d27f4d0872e483ddbf460bda8a2e34b7180f153c6d7c1a74d692720476c9a7f,4,_TEXT,16278,_islower,SYMBOL_ONLY_START,MICROSOFT_CRT,PROBABLE
538fed3f0fd60a6528a5e5b20990361ac4d274c58266a81e71c24f751612589d,9d27f4d0872e483ddbf460bda8a2e34b7180f153c6d7c1a74d692720476c9a7f,4,_TEXT,16283,_isdigit,SYMBOL_ONLY_START,MICROSOFT_CRT,PROBABLE
538fed3f0fd60a6528a5e5b20990361ac4d274c58266a81e71c24f751612589d,9d27f4d0872e483ddbf460bda8a2e34b7180f153c6d7c1a74d692720476c9a7f,4,_TEXT,16288,_isxdigit,SYMBOL_ONLY_START,MICROSOFT_CRT,PROBABLE
538fed3f0fd60a6528a5e5b20990361ac4d274c58266a81e71c24f751612589d,9d27f4d0872e483ddbf460bda8a2e34b7180f153c6d7c1a74d692720476c9a7f,4,_TEXT,16293,_isspace,SYMBOL_ONLY_START,MICROSOFT_CRT,PROBABLE
538fed3f0fd60a6528a5e5b20990361ac4d274c58266a81e71c24f751612589d,9d27f4d0872e483ddbf460bda8a2e34b7180f153c6d7c1a74d692720476c9a7f,4,_TEXT,16298,_ispunct,SYMBOL_ONLY_START,MICROSOFT_CRT,PROBABLE
538fed3f0fd60a6528a5e5b20990361ac4d274c58266a81e71c24f751612589d,9d27f4d0872e483ddbf460bda8a2e34b7180f153c6d7c1a74d692720476c9a7f,4,_TEXT,16303,_isalnum,SYMBOL_ONLY_START,MICROSOFT_CRT,PROBABLE
538fed3f0fd60a6528a5e5b20990361ac4d274c58266a81e71c24f751612589d,9d27f4d0872e483ddbf460bda8a2e34b7180f153c6d7c1a74d692720476c9a7f,4,_TEXT,16308,_isprint,SYMBOL_ONLY_START,MICROSOFT_CRT,PROBABLE
538fed3f0fd60a6528a5e5b20990361ac4d274c58266a81e71c24f751612589d,9d27f4d0872e483ddbf460bda8a2e34b7180f153c6d7c1a74d692720476c9a7f,4,_TEXT,16313,_isgraph,SYMBOL_ONLY_START,MICROSOFT_CRT,PROBABLE
538fed3f0fd60a6528a5e5b20990361ac4d274c58266a81e71c24f751612589d,9d27f4d0872e483ddbf460bda8a2e34b7180f153c6d7c1a74d692720476c9a7f,4,_TEXT,16318,_iscntrl,SYMBOL_ONLY_START,MICROSOFT_CRT,PROBABLE
538fed3f0fd60a6528a5e5b20990361ac4d274c58266a81e71c24f751612589d,9d27f4d0872e483ddbf460bda8a2e34b7180f153c6d7c1a74d692720476c9a7f,4,_TEXT,16334,_rename,SYMBOL_ONLY_START,MICROSOFT_CRT,PROBABLE
538fed3f0fd60a6528a5e5b20990361ac4d274c58266a81e71c24f751612589d,9d27f4d0872e483ddbf460bda8a2e34b7180f153c6d7c1a74d692720476c9a7f,4,_TEXT,16362,__fmemcpy,SYMBOL_ONLY_START,FLOAT_RUNTIME,PLAUSIBLE
538fed3f0fd60a6528a5e5b20990361ac4d274c58266a81e71c24f751612589d,9d27f4d0872e483ddbf460bda8a2e34b7180f153c6d7c1a74d692720476c9a7f,4,_TEXT,16456,__filbuf,SYMBOL_ONLY_START,FLOAT_RUNTIME,PLAUSIBLE
538fed3f0fd60a6528a5e5b20990361ac4d274c58266a81e71c24f751612589d,9d27f4d0872e483ddbf460bda8a2e34b7180f153c6d7c1a74d692720476c9a7f,4,_TEXT,16626,__freebuf,SYMBOL_ONLY_START,FLOAT_RUNTIME,PLAUSIBLE
538fed3f0fd60a6528a5e5b20990361ac4d274c58266a81e71c24f751612589d,9d27f4d0872e483ddbf460bda8a2e34b7180f153c6d7c1a74d692720476c9a7f,4,_TEXT,16682,__openfile,SYMBOL_ONLY_START,MICROSOFT_CRT,PROBABLE
538fed3f0fd60a6528a5e5b20990361ac4d274c58266a81e71c24f751612589d,9d27f4d0872e483ddbf460bda8a2e34b7180f153c6d7c1a74d692720476c9a7f,4,_TEXT,16932,__getstream,SYMBOL_ONLY_START,MICROSOFT_CRT,PROBABLE
538fed3f0fd60a6528a5e5b20990361ac4d274c58266a81e71c24f751612589d,9d27f4d0872e483ddbf460bda8a2e34b7180f153c6d7c1a74d692720476c9a7f,4,_TEXT,17014,_strcat,SYMBOL_ONLY_START,MICROSOFT_CRT,PROBABLE
538fed3f0fd60a6528a5e5b20990361ac4d274c58266a81e71c24f751612589d,9d27f4d0872e483ddbf460bda8a2e34b7180f153c6d7c1a74d692720476c9a7f,4,_TEXT,17084,_strncmp,SYMBOL_ONLY_START,MICROSOFT_CRT,PROBABLE
538fed3f0fd60a6528a5e5b20990361ac4d274c58266a81e71c24f751612589d,9d27f4d0872e483ddbf460bda8a2e34b7180f153c6d7c1a74d692720476c9a7f,4,_TEXT,17144,__catox,SYMBOL_ONLY_START,MICROSOFT_CRT,PROBABLE
538fed3f0fd60a6528a5e5b20990361ac4d274c58266a81e71c24f751612589d,9d27f4d0872e483ddbf460bda8a2e34b7180f153c6d7c1a74d692720476c9a7f,4,_TEXT,17230,_itoa,SYMBOL_ONLY_START,MICROSOFT_CRT,PROBABLE
538fed3f0fd60a6528a5e5b20990361ac4d274c58266a81e71c24f751612589d,9d27f4d0872e483ddbf460bda8a2e34b7180f153c6d7c1a74d692720476c9a7f,4,_TEXT,17258,_memcpy,SYMBOL_ONLY_START,MICROSOFT_CRT,PROBABLE
538fed3f0fd60a6528a5e5b20990361ac4d274c58266a81e71c24f751612589d,9d27f4d0872e483ddbf460bda8a2e34b7180f153c6d7c1a74d692720476c9a7f,4,_TEXT,17352,__cltoasub,SYMBOL_ONLY_START,MICROSOFT_CRT,PROBABLE
538fed3f0fd60a6528a5e5b20990361ac4d274c58266a81e71c24f751612589d,9d27f4d0872e483ddbf460bda8a2e34b7180f153c6d7c1a74d692720476c9a7f,4,_TEXT,17365,__cxtoa,SYMBOL_ONLY_START,MICROSOFT_CRT,PROBABLE
538fed3f0fd60a6528a5e5b20990361ac4d274c58266a81e71c24f751612589d,9d27f4d0872e483ddbf460bda8a2e34b7180f153c6d7c1a74d692720476c9a7f,4,_TEXT,17452,_WindowsMono_MakeTable4x4a,SYMBOL_ONLY_START,UNKNOWN,UNKNOWN
538fed3f0fd60a6528a5e5b20990361ac4d274c58266a81e71c24f751612589d,9d27f4d0872e483ddbf460bda8a2e34b7180f153c6d7c1a74d692720476c9a7f,4,_TEXT,17593,_WindowsMono_MakeTable4x4b,SYMBOL_ONLY_START,UNKNOWN,UNKNOWN
538fed3f0fd60a6528a5e5b20990361ac4d274c58266a81e71c24f751612589d,9d27f4d0872e483ddbf460bda8a2e34b7180f153c6d7c1a74d692720476c9a7f,4,_TEXT,17730,_WindowsMono_MakeTable2x2a,SYMBOL_ONLY_START,UNKNOWN,UNKNOWN
538fed3f0fd60a6528a5e5b20990361ac4d274c58266a81e71c24f751612589d,9d27f4d0872e483ddbf460bda8a2e34b7180f153c6d7c1a74d692720476c9a7f,4,_TEXT,17883,_WindowsMono_MakeTable2x2b,SYMBOL_ONLY_START,UNKNOWN,UNKNOWN
538fed3f0fd60a6528a5e5b20990361ac4d274c58266a81e71c24f751612589d,9d27f4d0872e483ddbf460bda8a2e34b7180f153c6d7c1a74d692720476c9a7f,4,_TEXT,18036,_Windows_MakeTable4x4,SYMBOL_ONLY_START,UNKNOWN,UNKNOWN
538fed3f0fd60a6528a5e5b20990361ac4d274c58266a81e71c24f751612589d,9d27f4d0872e483ddbf460bda8a2e34b7180f153c6d7c1a74d692720476c9a7f,4,_TEXT,18107,_Windows_MakeTable1x1,SYMBOL_ONLY_START,UNKNOWN,UNKNOWN
538fed3f0fd60a6528a5e5b20990361ac4d274c58266a81e71c24f751612589d,9d27f4d0872e483ddbf460bda8a2e34b7180f153c6d7c1a74d692720476c9a7f,4,_TEXT,18153,_GenOverMap,SYMBOL_ONLY_START,UNKNOWN,UNKNOWN
538fed3f0fd60a6528a5e5b20990361ac4d274c58266a81e71c24f751612589d,9d27f4d0872e483ddbf460bda8a2e34b7180f153c6d7c1a74d692720476c9a7f,4,_TEXT,18260,_GenNestMap,SYMBOL_ONLY_START,UNKNOWN,UNKNOWN
538fed3f0fd60a6528a5e5b20990361ac4d274c58266a81e71c24f751612589d,9d27f4d0872e483ddbf460bda8a2e34b7180f153c6d7c1a74d692720476c9a7f,4,_TEXT,18397,_XferTileColor,SYMBOL_ONLY_START,UNKNOWN,UNKNOWN
538fed3f0fd60a6528a5e5b20990361ac4d274c58266a81e71c24f751612589d,9d27f4d0872e483ddbf460bda8a2e34b7180f153c6d7c1a74d692720476c9a7f,4,_TEXT,18540,_XferTileMono,SYMBOL_ONLY_START,UNKNOWN,UNKNOWN
538fed3f0fd60a6528a5e5b20990361ac4d274c58266a81e71c24f751612589d,9d27f4d0872e483ddbf460bda8a2e34b7180f153c6d7c1a74d692720476c9a7f,4,_TEXT,18682,_XferLifeTileColor,SYMBOL_ONLY_START,UNKNOWN,UNKNOWN
538fed3f0fd60a6528a5e5b20990361ac4d274c58266a81e71c24f751612589d,9d27f4d0872e483ddbf460bda8a2e34b7180f153c6d7c1a74d692720476c9a7f,4,_TEXT,18871,_XferLifeTileMono,SYMBOL_ONLY_START,UNKNOWN,UNKNOWN
538fed3f0fd60a6528a5e5b20990361ac4d274c58266a81e71c24f751612589d,9d27f4d0872e483ddbf460bda8a2e34b7180f153c6d7c1a74d692720476c9a7f,4,_TEXT,19051,_DoCalcTile,SYMBOL_ONLY_START,UNKNOWN,UNKNOWN
538fed3f0fd60a6528a5e5b20990361ac4d274c58266a81e71c24f751612589d,9d27f4d0872e483ddbf460bda8a2e34b7180f153c6d7c1a74d692720476c9a7f,4,_TEXT,19552,_EditScrollRightColor,SYMBOL_ONLY_START,UNKNOWN,UNKNOWN
538fed3f0fd60a6528a5e5b20990361ac4d274c58266a81e71c24f751612589d,9d27f4d0872e483ddbf460bda8a2e34b7180f153c6d7c1a74d692720476c9a7f,4,_TEXT,19749,_EditScrollLeftColor,SYMBOL_ONLY_START,UNKNOWN,UNKNOWN
538fed3f0fd60a6528a5e5b20990361ac4d274c58266a81e71c24f751612589d,9d27f4d0872e483ddbf460bda8a2e34b7180f153c6d7c1a74d692720476c9a7f,4,_TEXT,19994,_EditScrollDownColor,SYMBOL_ONLY_START,UNKNOWN,UNKNOWN
538fed3f0fd60a6528a5e5b20990361ac4d274c58266a81e71c24f751612589d,9d27f4d0872e483ddbf460bda8a2e34b7180f153c6d7c1a74d692720476c9a7f,4,_TEXT,20240,_EditScrollUpColor,SYMBOL_ONLY_START,UNKNOWN,UNKNOWN
538fed3f0fd60a6528a5e5b20990361ac4d274c58266a81e71c24f751612589d,9d27f4d0872e483ddbf460bda8a2e34b7180f153c6d7c1a74d692720476c9a7f,4,_TEXT,20438,_EditScrollRightAsm,SYMBOL_ONLY_START,UNKNOWN,UNKNOWN
538fed3f0fd60a6528a5e5b20990361ac4d274c58266a81e71c24f751612589d,9d27f4d0872e483ddbf460bda8a2e34b7180f153c6d7c1a74d692720476c9a7f,4,_TEXT,20511,_EditScrollLeftAsm,SYMBOL_ONLY_START,UNKNOWN,UNKNOWN
538fed3f0fd60a6528a5e5b20990361ac4d274c58266a81e71c24f751612589d,9d27f4d0872e483ddbf460bda8a2e34b7180f153c6d7c1a74d692720476c9a7f,4,_TEXT,20591,_EditScrollDownAsm,SYMBOL_ONLY_START,UNKNOWN,UNKNOWN
538fed3f0fd60a6528a5e5b20990361ac4d274c58266a81e71c24f751612589d,9d27f4d0872e483ddbf460bda8a2e34b7180f153c6d7c1a74d692720476c9a7f,4,_TEXT,20661,_EditScrollUpAsm,SYMBOL_ONLY_START,UNKNOWN,UNKNOWN
538fed3f0fd60a6528a5e5b20990361ac4d274c58266a81e71c24f751612589d,9d27f4d0872e483ddbf460bda8a2e34b7180f153c6d7c1a74d692720476c9a7f,4,_TEXT,20748,_EditMultipleScrollUpAsm,SYMBOL_ONLY_START,UNKNOWN,UNKNOWN
538fed3f0fd60a6528a5e5b20990361ac4d274c58266a81e71c24f751612589d,9d27f4d0872e483ddbf460bda8a2e34b7180f153c6d7c1a74d692720476c9a7f,4,_TEXT,20979,_EditMultipleScrollDownAsm,SYMBOL_ONLY_START,UNKNOWN,UNKNOWN
538fed3f0fd60a6528a5e5b20990361ac4d274c58266a81e71c24f751612589d,9d27f4d0872e483ddbf460bda8a2e34b7180f153c6d7c1a74d692720476c9a7f,4,_TEXT,21208,_XFlipLong,SYMBOL_ONLY_START,UNKNOWN,UNKNOWN
538fed3f0fd60a6528a5e5b20990361ac4d274c58266a81e71c24f751612589d,9d27f4d0872e483ddbf460bda8a2e34b7180f153c6d7c1a74d692720476c9a7f,4,_TEXT,21230,_FlipWords,SYMBOL_ONLY_START,UNKNOWN,UNKNOWN
538fed3f0fd60a6528a5e5b20990361ac4d274c58266a81e71c24f751612589d,9d27f4d0872e483ddbf460bda8a2e34b7180f153c6d7c1a74d692720476c9a7f,4,_TEXT,21326,_win_DrawInfoWindow,SYMBOL_ONLY_START,UNKNOWN,UNKNOWN
538fed3f0fd60a6528a5e5b20990361ac4d274c58266a81e71c24f751612589d,9d27f4d0872e483ddbf460bda8a2e34b7180f153c6d7c1a74d692720476c9a7f,4,_TEXT,21352,_win_PrintStyleTextInRect,SYMBOL_ONLY_START,UNKNOWN,UNKNOWN
538fed3f0fd60a6528a5e5b20990361ac4d274c58266a81e71c24f751612589d,9d27f4d0872e483ddbf460bda8a2e34b7180f153c6d7c1a74d692720476c9a7f,4,_TEXT,22576,_win_GetStyleTextHeight,SYMBOL_ONLY_START,UNKNOWN,UNKNOWN
538fed3f0fd60a6528a5e5b20990361ac4d274c58266a81e71c24f751612589d,9d27f4d0872e483ddbf460bda8a2e34b7180f153c6d7c1a74d692720476c9a7f,4,_TEXT,23068,_DisplayCard,SYMBOL_ONLY_START,UNKNOWN,UNKNOWN
538fed3f0fd60a6528a5e5b20990361ac4d274c58266a81e71c24f751612589d,9d27f4d0872e483ddbf460bda8a2e34b7180f153c6d7c1a74d692720476c9a7f,4,_TEXT,24794,_OpenInfoWindow,SYMBOL_ONLY_START,UNKNOWN,UNKNOWN
538fed3f0fd60a6528a5e5b20990361ac4d274c58266a81e71c24f751612589d,9d27f4d0872e483ddbf460bda8a2e34b7180f153c6d7c1a74d692720476c9a7f,4,_TEXT,24844,_PopUpInfoWindow,SYMBOL_ONLY_START,UNKNOWN,UNKNOWN
538fed3f0fd60a6528a5e5b20990361ac4d274c58266a81e71c24f751612589d,9d27f4d0872e483ddbf460bda8a2e34b7180f153c6d7c1a74d692720476c9a7f,4,_TEXT,26076,_ProcInfoEvent,SYMBOL_ONLY_START,UNKNOWN,UNKNOWN
538fed3f0fd60a6528a5e5b20990361ac4d274c58266a81e71c24f751612589d,9d27f4d0872e483ddbf460bda8a2e34b7180f153c6d7c1a74d692720476c9a7f,4,_TEXT,26590,_CheatKeys,SYMBOL_ONLY_START,UNKNOWN,UNKNOWN
538fed3f0fd60a6528a5e5b20990361ac4d274c58266a81e71c24f751612589d,9d27f4d0872e483ddbf460bda8a2e34b7180f153c6d7c1a74d692720476c9a7f,4,_TEXT,27746,_CopyChar,SYMBOL_ONLY_START,UNKNOWN,UNKNOWN
538fed3f0fd60a6528a5e5b20990361ac4d274c58266a81e71c24f751612589d,9d27f4d0872e483ddbf460bda8a2e34b7180f153c6d7c1a74d692720476c9a7f,4,_TEXT,27818,_CopyCharRep,SYMBOL_ONLY_START,UNKNOWN,UNKNOWN
538fed3f0fd60a6528a5e5b20990361ac4d274c58266a81e71c24f751612589d,9d27f4d0872e483ddbf460bda8a2e34b7180f153c6d7c1a74d692720476c9a7f,4,_TEXT,27896,_MoveTextToBalloon,SYMBOL_ONLY_START,UNKNOWN,UNKNOWN
538fed3f0fd60a6528a5e5b20990361ac4d274c58266a81e71c24f751612589d,9d27f4d0872e483ddbf460bda8a2e34b7180f153c6d7c1a74d692720476c9a7f,4,_TEXT,27991,_MaskMono2Tandy,SYMBOL_ONLY_START,UNKNOWN,UNKNOWN
538fed3f0fd60a6528a5e5b20990361ac4d274c58266a81e71c24f751612589d,9d27f4d0872e483ddbf460bda8a2e34b7180f153c6d7c1a74d692720476c9a7f,4,_TEXT,28165,_exchange,SYMBOL_ONLY_START,UNKNOWN,UNKNOWN
538fed3f0fd60a6528a5e5b20990361ac4d274c58266a81e71c24f751612589d,9d27f4d0872e483ddbf460bda8a2e34b7180f153c6d7c1a74d692720476c9a7f,4,_TEXT,28196,_os_ClipLine,SYMBOL_ONLY_START,UNKNOWN,UNKNOWN
538fed3f0fd60a6528a5e5b20990361ac4d274c58266a81e71c24f751612589d,9d27f4d0872e483ddbf460bda8a2e34b7180f153c6d7c1a74d692720476c9a7f,4,_TEXT,28606,_PlotLine,SYMBOL_ONLY_START,UNKNOWN,UNKNOWN
538fed3f0fd60a6528a5e5b20990361ac4d274c58266a81e71c24f751612589d,9d27f4d0872e483ddbf460bda8a2e34b7180f153c6d7c1a74d692720476c9a7f,4,_TEXT,29095,_PlotMonoLine,SYMBOL_ONLY_START,UNKNOWN,UNKNOWN
538fed3f0fd60a6528a5e5b20990361ac4d274c58266a81e71c24f751612589d,9d27f4d0872e483ddbf460bda8a2e34b7180f153c6d7c1a74d692720476c9a7f,4,_TEXT,29526,_FlipWord,SYMBOL_ONLY_START,UNKNOWN,UNKNOWN
538fed3f0fd60a6528a5e5b20990361ac4d274c58266a81e71c24f751612589d,9d27f4d0872e483ddbf460bda8a2e34b7180f153c6d7c1a74d692720476c9a7f,4,_TEXT,29536,_FlipLong,SYMBOL_ONLY_START,UNKNOWN,UNKNOWN
538fed3f0fd60a6528a5e5b20990361ac4d274c58266a81e71c24f751612589d,9d27f4d0872e483ddbf460bda8a2e34b7180f153c6d7c1a74d692720476c9a7f,4,_TEXT,29552,_NbFinalStatus,SYMBOL_ONLY_START,UNKNOWN,UNKNOWN
538fed3f0fd60a6528a5e5b20990361ac4d274c58266a81e71c24f751612589d,9d27f4d0872e483ddbf460bda8a2e34b7180f153c6d7c1a74d692720476c9a7f,4,_TEXT,29652,_NbImmediateStatus,SYMBOL_ONLY_START,UNKNOWN,UNKNOWN
538fed3f0fd60a6528a5e5b20990361ac4d274c58266a81e71c24f751612589d,9d27f4d0872e483ddbf460bda8a2e34b7180f153c6d7c1a74d692720476c9a7f,4,_TEXT,29752,_CopyName,SYMBOL_ONLY_START,UNKNOWN,UNKNOWN
538fed3f0fd60a6528a5e5b20990361ac4d274c58266a81e71c24f751612589d,9d27f4d0872e483ddbf460bda8a2e34b7180f153c6d7c1a74d692720476c9a7f,4,_TEXT,29830,_NbCall,SYMBOL_ONLY_START,UNKNOWN,UNKNOWN
538fed3f0fd60a6528a5e5b20990361ac4d274c58266a81e71c24f751612589d,9d27f4d0872e483ddbf460bda8a2e34b7180f153c6d7c1a74d692720476c9a7f,4,_TEXT,30128,_NbAddName,SYMBOL_ONLY_START,UNKNOWN,UNKNOWN
538fed3f0fd60a6528a5e5b20990361ac4d274c58266a81e71c24f751612589d,9d27f4d0872e483ddbf460bda8a2e34b7180f153c6d7c1a74d692720476c9a7f,4,_TEXT,30334,_NbReset,SYMBOL_ONLY_START,UNKNOWN,UNKNOWN
538fed3f0fd60a6528a5e5b20990361ac4d274c58266a81e71c24f751612589d,9d27f4d0872e483ddbf460bda8a2e34b7180f153c6d7c1a74d692720476c9a7f,4,_TEXT,30470,_NbSend,SYMBOL_ONLY_START,UNKNOWN,UNKNOWN
538fed3f0fd60a6528a5e5b20990361ac4d274c58266a81e71c24f751612589d,9d27f4d0872e483ddbf460bda8a2e34b7180f153c6d7c1a74d692720476c9a7f,4,_TEXT,30630,_NbListen,SYMBOL_ONLY_START,UNKNOWN,UNKNOWN
538fed3f0fd60a6528a5e5b20990361ac4d274c58266a81e71c24f751612589d,9d27f4d0872e483ddbf460bda8a2e34b7180f153c6d7c1a74d692720476c9a7f,4,_TEXT,30968,_NbPostListen,SYMBOL_ONLY_START,UNKNOWN,UNKNOWN
538fed3f0fd60a6528a5e5b20990361ac4d274c58266a81e71c24f751612589d,9d27f4d0872e483ddbf460bda8a2e34b7180f153c6d7c1a74d692720476c9a7f,4,_TEXT,31288,_NbDeleteName,SYMBOL_ONLY_START,UNKNOWN,UNKNOWN
538fed3f0fd60a6528a5e5b20990361ac4d274c58266a81e71c24f751612589d,9d27f4d0872e483ddbf460bda8a2e34b7180f153c6d7c1a74d692720476c9a7f,4,_TEXT,31494,_NbReceive,SYMBOL_ONLY_START,UNKNOWN,UNKNOWN
538fed3f0fd60a6528a5e5b20990361ac4d274c58266a81e71c24f751612589d,9d27f4d0872e483ddbf460bda8a2e34b7180f153c6d7c1a74d692720476c9a7f,4,_TEXT,31674,_NbPostReceiveAny,SYMBOL_ONLY_START,UNKNOWN,UNKNOWN
538fed3f0fd60a6528a5e5b20990361ac4d274c58266a81e71c24f751612589d,9d27f4d0872e483ddbf460bda8a2e34b7180f153c6d7c1a74d692720476c9a7f,4,_TEXT,31856,_NbHangUp,SYMBOL_ONLY_START,UNKNOWN,UNKNOWN
538fed3f0fd60a6528a5e5b20990361ac4d274c58266a81e71c24f751612589d,9d27f4d0872e483ddbf460bda8a2e34b7180f153c6d7c1a74d692720476c9a7f,4,_TEXT,31998,_NbCheck,SYMBOL_ONLY_START,UNKNOWN,UNKNOWN
538fed3f0fd60a6528a5e5b20990361ac4d274c58266a81e71c24f751612589d,9d27f4d0872e483ddbf460bda8a2e34b7180f153c6d7c1a74d692720476c9a7f,4,_TEXT,32062,GTCLIENTWNDPROC,SYMBOL_ONLY_START,UNKNOWN,UNKNOWN
538fed3f0fd60a6528a5e5b20990361ac4d274c58266a81e71c24f751612589d,9d27f4d0872e483ddbf460bda8a2e34b7180f153c6d7c1a74d692720476c9a7f,4,_TEXT,32200,_GtRegisterClass,SYMBOL_ONLY_START,UNKNOWN,UNKNOWN
538fed3f0fd60a6528a5e5b20990361ac4d274c58266a81e71c24f751612589d,9d27f4d0872e483ddbf460bda8a2e34b7180f153c6d7c1a74d692720476c9a7f,4,_TEXT,32294,_GtInitiateDDE,SYMBOL_ONLY_START,UNKNOWN,UNKNOWN
538fed3f0fd60a6528a5e5b20990361ac4d274c58266a81e71c24f751612589d,9d27f4d0872e483ddbf460bda8a2e34b7180f153c6d7c1a74d692720476c9a7f,4,_TEXT,32490,_GtAppToGateway,SYMBOL_ONLY_START,UNKNOWN,UNKNOWN
538fed3f0fd60a6528a5e5b20990361ac4d274c58266a81e71c24f751612589d,9d27f4d0872e483ddbf460bda8a2e34b7180f153c6d7c1a74d692720476c9a7f,4,_TEXT,33208,_MaAlloc,SYMBOL_ONLY_START,UNKNOWN,UNKNOWN
538fed3f0fd60a6528a5e5b20990361ac4d274c58266a81e71c24f751612589d,9d27f4d0872e483ddbf460bda8a2e34b7180f153c6d7c1a74d692720476c9a7f,4,_TEXT,33224,_MaFree,SYMBOL_ONLY_START,UNKNOWN,UNKNOWN
538fed3f0fd60a6528a5e5b20990361ac4d274c58266a81e71c24f751612589d,9d27f4d0872e483ddbf460bda8a2e34b7180f153c6d7c1a74d692720476c9a7f,4,_TEXT,33240,_MaReAlloc,SYMBOL_ONLY_START,UNKNOWN,UNKNOWN
538fed3f0fd60a6528a5e5b20990361ac4d274c58266a81e71c24f751612589d,9d27f4d0872e483ddbf460bda8a2e34b7180f153c6d7c1a74d692720476c9a7f,4,_TEXT,33260,_MaAllocHandle,SYMBOL_ONLY_START,UNKNOWN,UNKNOWN
538fed3f0fd60a6528a5e5b20990361ac4d274c58266a81e71c24f751612589d,9d27f4d0872e483ddbf460bda8a2e34b7180f153c6d7c1a74d692720476c9a7f,4,_TEXT,33326,_MaReAllocHandle,SYMBOL_ONLY_START,UNKNOWN,UNKNOWN
538fed3f0fd60a6528a5e5b20990361ac4d274c58266a81e71c24f751612589d,9d27f4d0872e483ddbf460bda8a2e34b7180f153c6d7c1a74d692720476c9a7f,4,_TEXT,33348,_MaFreeHandle,SYMBOL_ONLY_START,UNKNOWN,UNKNOWN
538fed3f0fd60a6528a5e5b20990361ac4d274c58266a81e71c24f751612589d,9d27f4d0872e483ddbf460bda8a2e34b7180f153c6d7c1a74d692720476c9a7f,4,_TEXT,33362,_MaLock,SYMBOL_ONLY_START,UNKNOWN,UNKNOWN
538fed3f0fd60a6528a5e5b20990361ac4d274c58266a81e71c24f751612589d,9d27f4d0872e483ddbf460bda8a2e34b7180f153c6d7c1a74d692720476c9a7f,4,_TEXT,33386,_MaUnlock,SYMBOL_ONLY_START,UNKNOWN,UNKNOWN
538fed3f0fd60a6528a5e5b20990361ac4d274c58266a81e71c24f751612589d,9d27f4d0872e483ddbf460bda8a2e34b7180f153c6d7c1a74d692720476c9a7f,4,_TEXT,33404,_MaMemCpy,SYMBOL_ONLY_START,UNKNOWN,UNKNOWN
538fed3f0fd60a6528a5e5b20990361ac4d274c58266a81e71c24f751612589d,9d27f4d0872e483ddbf460bda8a2e34b7180f153c6d7c1a74d692720476c9a7f,4,_TEXT,33462,_MaMemMove,SYMBOL_ONLY_START,UNKNOWN,UNKNOWN
538fed3f0fd60a6528a5e5b20990361ac4d274c58266a81e71c24f751612589d,9d27f4d0872e483ddbf460bda8a2e34b7180f153c6d7c1a74d692720476c9a7f,4,_TEXT,33664,_NetBios,SYMBOL_ONLY_START,UNKNOWN,UNKNOWN
538fed3f0fd60a6528a5e5b20990361ac4d274c58266a81e71c24f751612589d,9d27f4d0872e483ddbf460bda8a2e34b7180f153c6d7c1a74d692720476c9a7f,5,SIMONE_MODULE,0,_initStuff,SYMBOL_ONLY_START,GAME,PROBABLE
538fed3f0fd60a6528a5e5b20990361ac4d274c58266a81e71c24f751612589d,9d27f4d0872e483ddbf460bda8a2e34b7180f153c6d7c1a74d692720476c9a7f,5,SIMONE_MODULE,576,_SimAllocate,SYMBOL_ONLY_START,GAME,PROBABLE
538fed3f0fd60a6528a5e5b20990361ac4d274c58266a81e71c24f751612589d,9d27f4d0872e483ddbf460bda8a2e34b7180f153c6d7c1a74d692720476c9a7f,5,SIMONE_MODULE,578,_PrepareStrings,SYMBOL_ONLY_START,GAME,PROBABLE
538fed3f0fd60a6528a5e5b20990361ac4d274c58266a81e71c24f751612589d,9d27f4d0872e483ddbf460bda8a2e34b7180f153c6d7c1a74d692720476c9a7f,5,SIMONE_MODULE,1012,_LoadStringAnt,SYMBOL_ONLY_START,GAME,PROBABLE
538fed3f0fd60a6528a5e5b20990361ac4d274c58266a81e71c24f751612589d,9d27f4d0872e483ddbf460bda8a2e34b7180f153c6d7c1a74d692720476c9a7f,5,SIMONE_MODULE,1244,_CreateSimPats,SYMBOL_ONLY_START,GAME,PROBABLE
538fed3f0fd60a6528a5e5b20990361ac4d274c58266a81e71c24f751612589d,9d27f4d0872e483ddbf460bda8a2e34b7180f153c6d7c1a74d692720476c9a7f,5,SIMONE_MODULE,1246,_CountAnts,SYMBOL_ONLY_START,GAME,PROBABLE
538fed3f0fd60a6528a5e5b20990361ac4d274c58266a81e71c24f751612589d,9d27f4d0872e483ddbf460bda8a2e34b7180f153c6d7c1a74d692720476c9a7f,5,SIMONE_MODULE,1972,_FullCount,SYMBOL_ONLY_START,GAME,PROBABLE
538fed3f0fd60a6528a5e5b20990361ac4d274c58266a81e71c24f751612589d,9d27f4d0872e483ddbf460bda8a2e34b7180f153c6d7c1a74d692720476c9a7f,5,SIMONE_MODULE,1984,_CountUpdate,SYMBOL_ONLY_START,GAME,PROBABLE
538fed3f0fd60a6528a5e5b20990361ac4d274c58266a81e71c24f751612589d,9d27f4d0872e483ddbf460bda8a2e34b7180f153c6d7c1a74d692720476c9a7f,5,SIMONE_MODULE,1990,_DoWater,SYMBOL_ONLY_START,GAME,PROBABLE
538fed3f0fd60a6528a5e5b20990361ac4d274c58266a81e71c24f751612589d,9d27f4d0872e483ddbf460bda8a2e34b7180f153c6d7c1a74d692720476c9a7f,5,SIMONE_MODULE,2764,_PlaceDrop,SYMBOL_ONLY_START,GAME,PROBABLE
538fed3f0fd60a6528a5e5b20990361ac4d274c58266a81e71c24f751612589d,9d27f4d0872e483ddbf460bda8a2e34b7180f153c6d7c1a74d692720476c9a7f,5,SIMONE_MODULE,2934,_InitWater,SYMBOL_ONLY_START,GAME,PROBABLE
538fed3f0fd60a6528a5e5b20990361ac4d274c58266a81e71c24f751612589d,9d27f4d0872e483ddbf460bda8a2e34b7180f153c6d7c1a74d692720476c9a7f,5,SIMONE_MODULE,2954,_AddWater,SYMBOL_ONLY_START,GAME,PROBABLE
538fed3f0fd60a6528a5e5b20990361ac4d274c58266a81e71c24f751612589d,9d27f4d0872e483ddbf460bda8a2e34b7180f153c6d7c1a74d692720476c9a7f,5,SIMONE_MODULE,3156,_DropWater,SYMBOL_ONLY_START,GAME,PROBABLE
538fed3f0fd60a6528a5e5b20990361ac4d274c58266a81e71c24f751612589d,9d27f4d0872e483ddbf460bda8a2e34b7180f153c6d7c1a74d692720476c9a7f,5,SIMONE_MODULE,3352,_PickupFoodA,SYMBOL_ONLY_START,GAME,PROBABLE
538fed3f0fd60a6528a5e5b20990361ac4d274c58266a81e71c24f751612589d,9d27f4d0872e483ddbf460bda8a2e34b7180f153c6d7c1a74d692720476c9a7f,5,SIMONE_MODULE,3462,_DropFoodA,SYMBOL_ONLY_START,GAME,PROBABLE
538fed3f0fd60a6528a5e5b20990361ac4d274c58266a81e71c24f751612589d,9d27f4d0872e483ddbf460bda8a2e34b7180f153c6d7c1a74d692720476c9a7f,5,SIMONE_MODULE,3754,_FoodFall,SYMBOL_ONLY_START,GAME,PROBABLE
538fed3f0fd60a6528a5e5b20990361ac4d274c58266a81e71c24f751612589d,9d27f4d0872e483ddbf460bda8a2e34b7180f153c6d7c1a74d692720476c9a7f,5,SIMONE_MODULE,3904,_PickupFoodB,SYMBOL_ONLY_START,GAME,PROBABLE
538fed3f0fd60a6528a5e5b20990361ac4d274c58266a81e71c24f751612589d,9d27f4d0872e483ddbf460bda8a2e34b7180f153c6d7c1a74d692720476c9a7f,5,SIMONE_MODULE,4002,_PickupFoodR,SYMBOL_ONLY_START,GAME,PROBABLE
538fed3f0fd60a6528a5e5b20990361ac4d274c58266a81e71c24f751612589d,9d27f4d0872e483ddbf460bda8a2e34b7180f153c6d7c1a74d692720476c9a7f,5,SIMONE_MODULE,4100,_PlaceEggB,SYMBOL_ONLY_START,GAME,PROBABLE
538fed3f0fd60a6528a5e5b20990361ac4d274c58266a81e71c24f751612589d,9d27f4d0872e483ddbf460bda8a2e34b7180f153c6d7c1a74d692720476c9a7f,5,SIMONE_MODULE,4200,_PlaceEggR,SYMBOL_ONLY_START,GAME,PROBABLE
538fed3f0fd60a6528a5e5b20990361ac4d274c58266a81e71c24f751612589d,9d27f4d0872e483ddbf460bda8a2e34b7180f153c6d7c1a74d692720476c9a7f,5,SIMONE_MODULE,4300,_GetDir,SYMBOL_ONLY_START,GAME,PROBABLE
538fed3f0fd60a6528a5e5b20990361ac4d274c58266a81e71c24f751612589d,9d27f4d0872e483ddbf460bda8a2e34b7180f153c6d7c1a74d692720476c9a7f,5,SIMONE_MODULE,4386,_GetDis,SYMBOL_ONLY_START,GAME,PROBABLE
538fed3f0fd60a6528a5e5b20990361ac4d274c58266a81e71c24f751612589d,9d27f4d0872e483ddbf460bda8a2e34b7180f153c6d7c1a74d692720476c9a7f,5,SIMONE_MODULE,4444,_InNestBounds,SYMBOL_ONLY_START,GAME,PROBABLE
538fed3f0fd60a6528a5e5b20990361ac4d274c58266a81e71c24f751612589d,9d27f4d0872e483ddbf460bda8a2e34b7180f153c6d7c1a74d692720476c9a7f,5,SIMONE_MODULE,4482,_IsItDirt,SYMBOL_ONLY_START,GAME,PROBABLE
538fed3f0fd60a6528a5e5b20990361ac4d274c58266a81e71c24f751612589d,9d27f4d0872e483ddbf460bda8a2e34b7180f153c6d7c1a74d692720476c9a7f,5,SIMONE_MODULE,4508,_GetExitDirB,SYMBOL_ONLY_START,GAME,PROBABLE
538fed3f0fd60a6528a5e5b20990361ac4d274c58266a81e71c24f751612589d,9d27f4d0872e483ddbf460bda8a2e34b7180f153c6d7c1a74d692720476c9a7f,5,SIMONE_MODULE,4672,_GetExitDirR,SYMBOL_ONLY_START,GAME,PROBABLE
538fed3f0fd60a6528a5e5b20990361ac4d274c58266a81e71c24f751612589d,9d27f4d0872e483ddbf460bda8a2e34b7180f153c6d7c1a74d692720476c9a7f,5,SIMONE_MODULE,4836,_GetEnterDirB,SYMBOL_ONLY_START,GAME,PROBABLE
538fed3f0fd60a6528a5e5b20990361ac4d274c58266a81e71c24f751612589d,9d27f4d0872e483ddbf460bda8a2e34b7180f153c6d7c1a74d692720476c9a7f,5,SIMONE_MODULE,4988,_GetEnterDirR,SYMBOL_ONLY_START,GAME,PROBABLE
538fed3f0fd60a6528a5e5b20990361ac4d274c58266a81e71c24f751612589d,9d27f4d0872e483ddbf460bda8a2e34b7180f153c6d7c1a74d692720476c9a7f,5,SIMONE_MODULE,5140,_TryAntTheme,SYMBOL_ONLY_START,GAME,PROBABLE
538fed3f0fd60a6528a5e5b20990361ac4d274c58266a81e71c24f751612589d,9d27f4d0872e483ddbf460bda8a2e34b7180f153c6d7c1a74d692720476c9a7f,5,SIMONE_MODULE,5244,_SGIRand,SYMBOL_ONLY_START,GAME,PROBABLE
538fed3f0fd60a6528a5e5b20990361ac4d274c58266a81e71c24f751612589d,9d27f4d0872e483ddbf460bda8a2e34b7180f153c6d7c1a74d692720476c9a7f,5,SIMONE_MODULE,5284,_SGRand,SYMBOL_ONLY_START,GAME,PROBABLE
538fed3f0fd60a6528a5e5b20990361ac4d274c58266a81e71c24f751612589d,9d27f4d0872e483ddbf460bda8a2e34b7180f153c6d7c1a74d692720476c9a7f,5,SIMONE_MODULE,5324,_SGSRand,SYMBOL_ONLY_START,GAME,PROBABLE
538fed3f0fd60a6528a5e5b20990361ac4d274c58266a81e71c24f751612589d,9d27f4d0872e483ddbf460bda8a2e34b7180f153c6d7c1a74d692720476c9a7f,5,SIMONE_MODULE,5382,_SetSRandSeed,SYMBOL_ONLY_START,GAME,PROBABLE
538fed3f0fd60a6528a5e5b20990361ac4d274c58266a81e71c24f751612589d,9d27f4d0872e483ddbf460bda8a2e34b7180f153c6d7c1a74d692720476c9a7f,5,SIMONE_MODULE,5394,_GetSRandSeed,SYMBOL_ONLY_START,GAME,PROBABLE
538fed3f0fd60a6528a5e5b20990361ac4d274c58266a81e71c24f751612589d,9d27f4d0872e483ddbf460bda8a2e34b7180f153c6d7c1a74d692720476c9a7f,5,SIMONE_MODULE,5400,_SetRRandSeed,SYMBOL_ONLY_START,GAME,PROBABLE
538fed3f0fd60a6528a5e5b20990361ac4d274c58266a81e71c24f751612589d,9d27f4d0872e483ddbf460bda8a2e34b7180f153c6d7c1a74d692720476c9a7f,5,SIMONE_MODULE,5402,_GetRRandSeed,SYMBOL_ONLY_START,GAME,PROBABLE
538fed3f0fd60a6528a5e5b20990361ac4d274c58266a81e71c24f751612589d,9d27f4d0872e483ddbf460bda8a2e34b7180f153c6d7c1a74d692720476c9a7f,5,SIMONE_MODULE,5418,_SeedSRand,SYMBOL_ONLY_START,GAME,PROBABLE
538fed3f0fd60a6528a5e5b20990361ac4d274c58266a81e71c24f751612589d,9d27f4d0872e483ddbf460bda8a2e34b7180f153c6d7c1a74d692720476c9a7f,5,SIMONE_MODULE,5430,_SeedRRand,SYMBOL_ONLY_START,GAME,PROBABLE
538fed3f0fd60a6528a5e5b20990361ac4d274c58266a81e71c24f751612589d,9d27f4d0872e483ddbf460bda8a2e34b7180f153c6d7c1a74d692720476c9a7f,5,SIMONE_MODULE,5486,_RRand,SYMBOL_ONLY_START,GAME,PROBABLE
538fed3f0fd60a6528a5e5b20990361ac4d274c58266a81e71c24f751612589d,9d27f4d0872e483ddbf460bda8a2e34b7180f153c6d7c1a74d692720476c9a7f,5,SIMONE_MODULE,5514,_SRand1,SYMBOL_ONLY_START,GAME,PROBABLE
538fed3f0fd60a6528a5e5b20990361ac4d274c58266a81e71c24f751612589d,9d27f4d0872e483ddbf460bda8a2e34b7180f153c6d7c1a74d692720476c9a7f,5,SIMONE_MODULE,5550,_SRand2,SYMBOL_ONLY_START,GAME,PROBABLE
538fed3f0fd60a6528a5e5b20990361ac4d274c58266a81e71c24f751612589d,9d27f4d0872e483ddbf460bda8a2e34b7180f153c6d7c1a74d692720476c9a7f,5,SIMONE_MODULE,5582,_SRand4,SYMBOL_ONLY_START,GAME,PROBABLE
538fed3f0fd60a6528a5e5b20990361ac4d274c58266a81e71c24f751612589d,9d27f4d0872e483ddbf460bda8a2e34b7180f153c6d7c1a74d692720476c9a7f,5,SIMONE_MODULE,5614,_SRand8,SYMBOL_ONLY_START,GAME,PROBABLE
538fed3f0fd60a6528a5e5b20990361ac4d274c58266a81e71c24f751612589d,9d27f4d0872e483ddbf460bda8a2e34b7180f153c6d7c1a74d692720476c9a7f,5,SIMONE_MODULE,5646,_SRand16,SYMBOL_ONLY_START,GAME,PROBABLE
538fed3f0fd60a6528a5e5b20990361ac4d274c58266a81e71c24f751612589d,9d27f4d0872e483ddbf460bda8a2e34b7180f153c6d7c1a74d692720476c9a7f,5,SIMONE_MODULE,5678,_SRand32,SYMBOL_ONLY_START,GAME,PROBABLE
538fed3f0fd60a6528a5e5b20990361ac4d274c58266a81e71c24f751612589d,9d27f4d0872e483ddbf460bda8a2e34b7180f153c6d7c1a74d692720476c9a7f,5,SIMONE_MODULE,5710,_SRand64,SYMBOL_ONLY_START,GAME,PROBABLE
538fed3f0fd60a6528a5e5b20990361ac4d274c58266a81e71c24f751612589d,9d27f4d0872e483ddbf460bda8a2e34b7180f153c6d7c1a74d692720476c9a7f,5,SIMONE_MODULE,5742,_SRand128,SYMBOL_ONLY_START,GAME,PROBABLE
538fed3f0fd60a6528a5e5b20990361ac4d274c58266a81e71c24f751612589d,9d27f4d0872e483ddbf460bda8a2e34b7180f153c6d7c1a74d692720476c9a7f,5,SIMONE_MODULE,5774,_SRand256,SYMBOL_ONLY_START,GAME,PROBABLE
538fed3f0fd60a6528a5e5b20990361ac4d274c58266a81e71c24f751612589d,9d27f4d0872e483ddbf460bda8a2e34b7180f153c6d7c1a74d692720476c9a7f,5,SIMONE_MODULE,5806,_DigMyNewHole,SYMBOL_ONLY_START,GAME,PROBABLE
538fed3f0fd60a6528a5e5b20990361ac4d274c58266a81e71c24f751612589d,9d27f4d0872e483ddbf460bda8a2e34b7180f153c6d7c1a74d692720476c9a7f,5,SIMONE_MODULE,5914,_CreateNewHole,SYMBOL_ONLY_START,GAME,PROBABLE
538fed3f0fd60a6528a5e5b20990361ac4d274c58266a81e71c24f751612589d,9d27f4d0872e483ddbf460bda8a2e34b7180f153c6d7c1a74d692720476c9a7f,5,SIMONE_MODULE,6420,_DigMyTile,SYMBOL_ONLY_START,GAME,PROBABLE
538fed3f0fd60a6528a5e5b20990361ac4d274c58266a81e71c24f751612589d,9d27f4d0872e483ddbf460bda8a2e34b7180f153c6d7c1a74d692720476c9a7f,5,SIMONE_MODULE,6918,_MakeNewHoleB,SYMBOL_ONLY_START,GAME,PROBABLE
538fed3f0fd60a6528a5e5b20990361ac4d274c58266a81e71c24f751612589d,9d27f4d0872e483ddbf460bda8a2e34b7180f153c6d7c1a74d692720476c9a7f,5,SIMONE_MODULE,7354,_CanBeHouseHole,SYMBOL_ONLY_START,GAME,PROBABLE
538fed3f0fd60a6528a5e5b20990361ac4d274c58266a81e71c24f751612589d,9d27f4d0872e483ddbf460bda8a2e34b7180f153c6d7c1a74d692720476c9a7f,5,SIMONE_MODULE,7426,_MakeNewHoleR,SYMBOL_ONLY_START,GAME,PROBABLE
538fed3f0fd60a6528a5e5b20990361ac4d274c58266a81e71c24f751612589d,9d27f4d0872e483ddbf460bda8a2e34b7180f153c6d7c1a74d692720476c9a7f,5,SIMONE_MODULE,8078,_HoleBorder,SYMBOL_ONLY_START,GAME,PROBABLE
538fed3f0fd60a6528a5e5b20990361ac4d274c58266a81e71c24f751612589d,9d27f4d0872e483ddbf460bda8a2e34b7180f153c6d7c1a74d692720476c9a7f,5,SIMONE_MODULE,8164,_DigTileB,SYMBOL_ONLY_START,GAME,PROBABLE
538fed3f0fd60a6528a5e5b20990361ac4d274c58266a81e71c24f751612589d,9d27f4d0872e483ddbf460bda8a2e34b7180f153c6d7c1a74d692720476c9a7f,5,SIMONE_MODULE,8670,_DigTileR,SYMBOL_ONLY_START,GAME,PROBABLE
538fed3f0fd60a6528a5e5b20990361ac4d274c58266a81e71c24f751612589d,9d27f4d0872e483ddbf460bda8a2e34b7180f153c6d7c1a74d692720476c9a7f,5,SIMONE_MODULE,8916,_DigTileThemB,SYMBOL_ONLY_START,GAME,PROBABLE
538fed3f0fd60a6528a5e5b20990361ac4d274c58266a81e71c24f751612589d,9d27f4d0872e483ddbf460bda8a2e34b7180f153c6d7c1a74d692720476c9a7f,5,SIMONE_MODULE,9244,_DigTileThemR,SYMBOL_ONLY_START,GAME,PROBABLE
538fed3f0fd60a6528a5e5b20990361ac4d274c58266a81e71c24f751612589d,9d27f4d0872e483ddbf460bda8a2e34b7180f153c6d7c1a74d692720476c9a7f,5,SIMONE_MODULE,9562,_SmoothEdgesB,SYMBOL_ONLY_START,GAME,PROBABLE
538fed3f0fd60a6528a5e5b20990361ac4d274c58266a81e71c24f751612589d,9d27f4d0872e483ddbf460bda8a2e34b7180f153c6d7c1a74d692720476c9a7f,5,SIMONE_MODULE,9924,_RIsItDirt,SYMBOL_ONLY_START,GAME,PROBABLE
538fed3f0fd60a6528a5e5b20990361ac4d274c58266a81e71c24f751612589d,9d27f4d0872e483ddbf460bda8a2e34b7180f153c6d7c1a74d692720476c9a7f,5,SIMONE_MODULE,9956,_SmoothEdgesR,SYMBOL_ONLY_START,GAME,PROBABLE
538fed3f0fd60a6528a5e5b20990361ac4d274c58266a81e71c24f751612589d,9d27f4d0872e483ddbf460bda8a2e34b7180f153c6d7c1a74d692720476c9a7f,5,SIMONE_MODULE,10318,_FixExitMapB,SYMBOL_ONLY_START,GAME,PROBABLE
538fed3f0fd60a6528a5e5b20990361ac4d274c58266a81e71c24f751612589d,9d27f4d0872e483ddbf460bda8a2e34b7180f153c6d7c1a74d692720476c9a7f,5,SIMONE_MODULE,10516,_FixExitMapR,SYMBOL_ONLY_START,GAME,PROBABLE
538fed3f0fd60a6528a5e5b20990361ac4d274c58266a81e71c24f751612589d,9d27f4d0872e483ddbf460bda8a2e34b7180f153c6d7c1a74d692720476c9a7f,5,SIMONE_MODULE,10714,_FloodNestB,SYMBOL_ONLY_START,GAME,PROBABLE
538fed3f0fd60a6528a5e5b20990361ac4d274c58266a81e71c24f751612589d,9d27f4d0872e483ddbf460bda8a2e34b7180f153c6d7c1a74d692720476c9a7f,5,SIMONE_MODULE,10774,_CompactListA,SYMBOL_ONLY_START,GAME,PROBABLE
538fed3f0fd60a6528a5e5b20990361ac4d274c58266a81e71c24f751612589d,9d27f4d0872e483ddbf460bda8a2e34b7180f153c6d7c1a74d692720476c9a7f,5,SIMONE_MODULE,10874,_CompactListB,SYMBOL_ONLY_START,GAME,PROBABLE
538fed3f0fd60a6528a5e5b20990361ac4d274c58266a81e71c24f751612589d,9d27f4d0872e483ddbf460bda8a2e34b7180f153c6d7c1a74d692720476c9a7f,5,SIMONE_MODULE,10974,_CompactListR,SYMBOL_ONLY_START,GAME,PROBABLE
538fed3f0fd60a6528a5e5b20990361ac4d274c58266a81e71c24f751612589d,9d27f4d0872e483ddbf460bda8a2e34b7180f153c6d7c1a74d692720476c9a7f,5,SIMONE_MODULE,11074,_RemoveFromAList,SYMBOL_ONLY_START,GAME,PROBABLE
538fed3f0fd60a6528a5e5b20990361ac4d274c58266a81e71c24f751612589d,9d27f4d0872e483ddbf460bda8a2e34b7180f153c6d7c1a74d692720476c9a7f,5,SIMONE_MODULE,11330,_FindInAList,SYMBOL_ONLY_START,GAME,PROBABLE
538fed3f0fd60a6528a5e5b20990361ac4d274c58266a81e71c24f751612589d,9d27f4d0872e483ddbf460bda8a2e34b7180f153c6d7c1a74d692720476c9a7f,5,SIMONE_MODULE,11398,_FindInBList,SYMBOL_ONLY_START,GAME,PROBABLE
538fed3f0fd60a6528a5e5b20990361ac4d274c58266a81e71c24f751612589d,9d27f4d0872e483ddbf460bda8a2e34b7180f153c6d7c1a74d692720476c9a7f,5,SIMONE_MODULE,11470,_FindInRList,SYMBOL_ONLY_START,GAME,PROBABLE
538fed3f0fd60a6528a5e5b20990361ac4d274c58266a81e71c24f751612589d,9d27f4d0872e483ddbf460bda8a2e34b7180f153c6d7c1a74d692720476c9a7f,5,SIMONE_MODULE,11542,_DrownBList,SYMBOL_ONLY_START,GAME,PROBABLE
538fed3f0fd60a6528a5e5b20990361ac4d274c58266a81e71c24f751612589d,9d27f4d0872e483ddbf460bda8a2e34b7180f153c6d7c1a74d692720476c9a7f,5,SIMONE_MODULE,11622,_DrownRList,SYMBOL_ONLY_START,GAME,PROBABLE
538fed3f0fd60a6528a5e5b20990361ac4d274c58266a81e71c24f751612589d,9d27f4d0872e483ddbf460bda8a2e34b7180f153c6d7c1a74d692720476c9a7f,5,SIMONE_MODULE,11702,_ExitHole,SYMBOL_ONLY_START,GAME,PROBABLE
538fed3f0fd60a6528a5e5b20990361ac4d274c58266a81e71c24f751612589d,9d27f4d0872e483ddbf460bda8a2e34b7180f153c6d7c1a74d692720476c9a7f,5,SIMONE_MODULE,12016,_AddAntToAList,SYMBOL_ONLY_START,GAME,PROBABLE
538fed3f0fd60a6528a5e5b20990361ac4d274c58266a81e71c24f751612589d,9d27f4d0872e483ddbf460bda8a2e34b7180f153c6d7c1a74d692720476c9a7f,5,SIMONE_MODULE,12106,_AddAntToBList,SYMBOL_ONLY_START,GAME,PROBABLE
538fed3f0fd60a6528a5e5b20990361ac4d274c58266a81e71c24f751612589d,9d27f4d0872e483ddbf460bda8a2e34b7180f153c6d7c1a74d692720476c9a7f,5,SIMONE_MODULE,12196,_AddAntToRList,SYMBOL_ONLY_START,GAME,PROBABLE
538fed3f0fd60a6528a5e5b20990361ac4d274c58266a81e71c24f751612589d,9d27f4d0872e483ddbf460bda8a2e34b7180f153c6d7c1a74d692720476c9a7f,5,SIMONE_MODULE,12286,_GetFromAlist,SYMBOL_ONLY_START,GAME,PROBABLE
538fed3f0fd60a6528a5e5b20990361ac4d274c58266a81e71c24f751612589d,9d27f4d0872e483ddbf460bda8a2e34b7180f153c6d7c1a74d692720476c9a7f,5,SIMONE_MODULE,12358,_BuildAntListA,SYMBOL_ONLY_START,GAME,PROBABLE
538fed3f0fd60a6528a5e5b20990361ac4d274c58266a81e71c24f751612589d,9d27f4d0872e483ddbf460bda8a2e34b7180f153c6d7c1a74d692720476c9a7f,5,SIMONE_MODULE,12520,_ClearListB,SYMBOL_ONLY_START,GAME,PROBABLE
538fed3f0fd60a6528a5e5b20990361ac4d274c58266a81e71c24f751612589d,9d27f4d0872e483ddbf460bda8a2e34b7180f153c6d7c1a74d692720476c9a7f,5,SIMONE_MODULE,12532,_ClearListR,SYMBOL_ONLY_START,GAME,PROBABLE
538fed3f0fd60a6528a5e5b20990361ac4d274c58266a81e71c24f751612589d,9d27f4d0872e483ddbf460bda8a2e34b7180f153c6d7c1a74d692720476c9a7f,5,SIMONE_MODULE,12544,_MakeMap,SYMBOL_ONLY_START,GAME,PROBABLE
538fed3f0fd60a6528a5e5b20990361ac4d274c58266a81e71c24f751612589d,9d27f4d0872e483ddbf460bda8a2e34b7180f153c6d7c1a74d692720476c9a7f,5,SIMONE_MODULE,12576,_MakeHousePatch,SYMBOL_ONLY_START,GAME,PROBABLE
538fed3f0fd60a6528a5e5b20990361ac4d274c58266a81e71c24f751612589d,9d27f4d0872e483ddbf460bda8a2e34b7180f153c6d7c1a74d692720476c9a7f,5,SIMONE_MODULE,13318,_FloorTiles,SYMBOL_ONLY_START,GAME,PROBABLE
538fed3f0fd60a6528a5e5b20990361ac4d274c58266a81e71c24f751612589d,9d27f4d0872e483ddbf460bda8a2e34b7180f153c6d7c1a74d692720476c9a7f,5,SIMONE_MODULE,13506,_CarpetFloorL,SYMBOL_ONLY_START,GAME,PROBABLE
538fed3f0fd60a6528a5e5b20990361ac4d274c58266a81e71c24f751612589d,9d27f4d0872e483ddbf460bda8a2e34b7180f153c6d7c1a74d692720476c9a7f,5,SIMONE_MODULE,13688,_MakeLint2,SYMBOL_ONLY_START,GAME,PROBABLE
538fed3f0fd60a6528a5e5b20990361ac4d274c58266a81e71c24f751612589d,9d27f4d0872e483ddbf460bda8a2e34b7180f153c6d7c1a74d692720476c9a7f,5,SIMONE_MODULE,13794,_CarpetFloorR,SYMBOL_ONLY_START,GAME,PROBABLE
538fed3f0fd60a6528a5e5b20990361ac4d274c58266a81e71c24f751612589d,9d27f4d0872e483ddbf460bda8a2e34b7180f153c6d7c1a74d692720476c9a7f,5,SIMONE_MODULE,13976,_MakeKitchenWall,SYMBOL_ONLY_START,GAME,PROBABLE
538fed3f0fd60a6528a5e5b20990361ac4d274c58266a81e71c24f751612589d,9d27f4d0872e483ddbf460bda8a2e34b7180f153c6d7c1a74d692720476c9a7f,5,SIMONE_MODULE,14172,_MakeSink,SYMBOL_ONLY_START,GAME,PROBABLE
538fed3f0fd60a6528a5e5b20990361ac4d274c58266a81e71c24f751612589d,9d27f4d0872e483ddbf460bda8a2e34b7180f153c6d7c1a74d692720476c9a7f,5,SIMONE_MODULE,14660,_TileFrame1,SYMBOL_ONLY_START,GAME,PROBABLE
538fed3f0fd60a6528a5e5b20990361ac4d274c58266a81e71c24f751612589d,9d27f4d0872e483ddbf460bda8a2e34b7180f153c6d7c1a74d692720476c9a7f,5,SIMONE_MODULE,15010,_TileFrame2,SYMBOL_ONLY_START,GAME,PROBABLE
538fed3f0fd60a6528a5e5b20990361ac4d274c58266a81e71c24f751612589d,9d27f4d0872e483ddbf460bda8a2e34b7180f153c6d7c1a74d692720476c9a7f,5,SIMONE_MODULE,15360,_MakeOutletV,SYMBOL_ONLY_START,GAME,PROBABLE
538fed3f0fd60a6528a5e5b20990361ac4d274c58266a81e71c24f751612589d,9d27f4d0872e483ddbf460bda8a2e34b7180f153c6d7c1a74d692720476c9a7f,5,SIMONE_MODULE,15618,_MakePlugV,SYMBOL_ONLY_START,GAME,PROBABLE
538fed3f0fd60a6528a5e5b20990361ac4d274c58266a81e71c24f751612589d,9d27f4d0872e483ddbf460bda8a2e34b7180f153c6d7c1a74d692720476c9a7f,5,SIMONE_MODULE,15684,_MakeOutletH,SYMBOL_ONLY_START,GAME,PROBABLE
538fed3f0fd60a6528a5e5b20990361ac4d274c58266a81e71c24f751612589d,9d27f4d0872e483ddbf460bda8a2e34b7180f153c6d7c1a74d692720476c9a7f,5,SIMONE_MODULE,15942,_MakePlugH,SYMBOL_ONLY_START,GAME,PROBABLE
538fed3f0fd60a6528a5e5b20990361ac4d274c58266a81e71c24f751612589d,9d27f4d0872e483ddbf460bda8a2e34b7180f153c6d7c1a74d692720476c9a7f,5,SIMONE_MODULE,16008,_MakeKnob,SYMBOL_ONLY_START,GAME,PROBABLE
538fed3f0fd60a6528a5e5b20990361ac4d274c58266a81e71c24f751612589d,9d27f4d0872e483ddbf460bda8a2e34b7180f153c6d7c1a74d692720476c9a7f,5,SIMONE_MODULE,16074,_MakePenny,SYMBOL_ONLY_START,GAME,PROBABLE
538fed3f0fd60a6528a5e5b20990361ac4d274c58266a81e71c24f751612589d,9d27f4d0872e483ddbf460bda8a2e34b7180f153c6d7c1a74d692720476c9a7f,5,SIMONE_MODULE,16140,_MakeClip,SYMBOL_ONLY_START,GAME,PROBABLE
538fed3f0fd60a6528a5e5b20990361ac4d274c58266a81e71c24f751612589d,9d27f4d0872e483ddbf460bda8a2e34b7180f153c6d7c1a74d692720476c9a7f,5,SIMONE_MODULE,16212,_FillMap,SYMBOL_ONLY_START,GAME,PROBABLE
538fed3f0fd60a6528a5e5b20990361ac4d274c58266a81e71c24f751612589d,9d27f4d0872e483ddbf460bda8a2e34b7180f153c6d7c1a74d692720476c9a7f,5,SIMONE_MODULE,16298,_FillMapLegs,SYMBOL_ONLY_START,GAME,PROBABLE
538fed3f0fd60a6528a5e5b20990361ac4d274c58266a81e71c24f751612589d,9d27f4d0872e483ddbf460bda8a2e34b7180f153c6d7c1a74d692720476c9a7f,5,SIMONE_MODULE,16802,_MakeYardPatch,SYMBOL_ONLY_START,GAME,PROBABLE
538fed3f0fd60a6528a5e5b20990361ac4d274c58266a81e71c24f751612589d,9d27f4d0872e483ddbf460bda8a2e34b7180f153c6d7c1a74d692720476c9a7f,5,SIMONE_MODULE,17204,_AddRocks,SYMBOL_ONLY_START,GAME,PROBABLE
538fed3f0fd60a6528a5e5b20990361ac4d274c58266a81e71c24f751612589d,9d27f4d0872e483ddbf460bda8a2e34b7180f153c6d7c1a74d692720476c9a7f,5,SIMONE_MODULE,17644,_AddRock5,SYMBOL_ONLY_START,GAME,PROBABLE
538fed3f0fd60a6528a5e5b20990361ac4d274c58266a81e71c24f751612589d,9d27f4d0872e483ddbf460bda8a2e34b7180f153c6d7c1a74d692720476c9a7f,5,SIMONE_MODULE,17836,_AddRock3,SYMBOL_ONLY_START,GAME,PROBABLE
538fed3f0fd60a6528a5e5b20990361ac4d274c58266a81e71c24f751612589d,9d27f4d0872e483ddbf460bda8a2e34b7180f153c6d7c1a74d692720476c9a7f,5,SIMONE_MODULE,18024,_InitSpider,SYMBOL_ONLY_START,GAME,PROBABLE
538fed3f0fd60a6528a5e5b20990361ac4d274c58266a81e71c24f751612589d,9d27f4d0872e483ddbf460bda8a2e34b7180f153c6d7c1a74d692720476c9a7f,5,SIMONE_MODULE,18180,_MoveSpider,SYMBOL_ONLY_START,GAME,PROBABLE
538fed3f0fd60a6528a5e5b20990361ac4d274c58266a81e71c24f751612589d,9d27f4d0872e483ddbf460bda8a2e34b7180f153c6d7c1a74d692720476c9a7f,5,SIMONE_MODULE,21346,_ScanForAnts,SYMBOL_ONLY_START,GAME,PROBABLE
538fed3f0fd60a6528a5e5b20990361ac4d274c58266a81e71c24f751612589d,9d27f4d0872e483ddbf460bda8a2e34b7180f153c6d7c1a74d692720476c9a7f,5,SIMONE_MODULE,21460,_KillSpider,SYMBOL_ONLY_START,GAME,PROBABLE
538fed3f0fd60a6528a5e5b20990361ac4d274c58266a81e71c24f751612589d,9d27f4d0872e483ddbf460bda8a2e34b7180f153c6d7c1a74d692720476c9a7f,5,SIMONE_MODULE,21494,_SFoundAnt,SYMBOL_ONLY_START,GAME,PROBABLE
538fed3f0fd60a6528a5e5b20990361ac4d274c58266a81e71c24f751612589d,9d27f4d0872e483ddbf460bda8a2e34b7180f153c6d7c1a74d692720476c9a7f,5,SIMONE_MODULE,21814,_SpiderScan,SYMBOL_ONLY_START,GAME,PROBABLE
538fed3f0fd60a6528a5e5b20990361ac4d274c58266a81e71c24f751612589d,9d27f4d0872e483ddbf460bda8a2e34b7180f153c6d7c1a74d692720476c9a7f,5,SIMONE_MODULE,22202,_SGetDis,SYMBOL_ONLY_START,GAME,PROBABLE
538fed3f0fd60a6528a5e5b20990361ac4d274c58266a81e71c24f751612589d,9d27f4d0872e483ddbf460bda8a2e34b7180f153c6d7c1a74d692720476c9a7f,5,SIMONE_MODULE,22234,_IsValidLocation,SYMBOL_ONLY_START,GAME,PROBABLE
538fed3f0fd60a6528a5e5b20990361ac4d274c58266a81e71c24f751612589d,9d27f4d0872e483ddbf460bda8a2e34b7180f153c6d7c1a74d692720476c9a7f,5,SIMONE_MODULE,22304,_IsYellowAnt,SYMBOL_ONLY_START,GAME,PROBABLE
538fed3f0fd60a6528a5e5b20990361ac4d274c58266a81e71c24f751612589d,9d27f4d0872e483ddbf460bda8a2e34b7180f153c6d7c1a74d692720476c9a7f,5,SIMONE_MODULE,22332,_GetAntIndex,SYMBOL_ONLY_START,GAME,PROBABLE
538fed3f0fd60a6528a5e5b20990361ac4d274c58266a81e71c24f751612589d,9d27f4d0872e483ddbf460bda8a2e34b7180f153c6d7c1a74d692720476c9a7f,5,SIMONE_MODULE,22602,_SetAntIndex,SYMBOL_ONLY_START,GAME,PROBABLE
538fed3f0fd60a6528a5e5b20990361ac4d274c58266a81e71c24f751612589d,9d27f4d0872e483ddbf460bda8a2e34b7180f153c6d7c1a74d692720476c9a7f,5,SIMONE_MODULE,22818,_FindLifeIndex,SYMBOL_ONLY_START,GAME,PROBABLE
538fed3f0fd60a6528a5e5b20990361ac4d274c58266a81e71c24f751612589d,9d27f4d0872e483ddbf460bda8a2e34b7180f153c6d7c1a74d692720476c9a7f,5,SIMONE_MODULE,23036,_FindAntIndex,SYMBOL_ONLY_START,GAME,PROBABLE
538fed3f0fd60a6528a5e5b20990361ac4d274c58266a81e71c24f751612589d,9d27f4d0872e483ddbf460bda8a2e34b7180f153c6d7c1a74d692720476c9a7f,5,SIMONE_MODULE,23250,_IsClear3x3,SYMBOL_ONLY_START,GAME,PROBABLE
538fed3f0fd60a6528a5e5b20990361ac4d274c58266a81e71c24f751612589d,9d27f4d0872e483ddbf460bda8a2e34b7180f153c6d7c1a74d692720476c9a7f,5,SIMONE_MODULE,23340,_IsClearTile,SYMBOL_ONLY_START,GAME,PROBABLE
538fed3f0fd60a6528a5e5b20990361ac4d274c58266a81e71c24f751612589d,9d27f4d0872e483ddbf460bda8a2e34b7180f153c6d7c1a74d692720476c9a7f,5,SIMONE_MODULE,23672,_AddAntToList,SYMBOL_ONLY_START,GAME,PROBABLE
538fed3f0fd60a6528a5e5b20990361ac4d274c58266a81e71c24f751612589d,9d27f4d0872e483ddbf460bda8a2e34b7180f153c6d7c1a74d692720476c9a7f,5,SIMONE_MODULE,23832,_SetLife,SYMBOL_ONLY_START,GAME,PROBABLE
538fed3f0fd60a6528a5e5b20990361ac4d274c58266a81e71c24f751612589d,9d27f4d0872e483ddbf460bda8a2e34b7180f153c6d7c1a74d692720476c9a7f,5,SIMONE_MODULE,24264,_IsThisEgg,SYMBOL_ONLY_START,GAME,PROBABLE
538fed3f0fd60a6528a5e5b20990361ac4d274c58266a81e71c24f751612589d,9d27f4d0872e483ddbf460bda8a2e34b7180f153c6d7c1a74d692720476c9a7f,5,SIMONE_MODULE,24292,_IsThisGrass,SYMBOL_ONLY_START,GAME,PROBABLE
538fed3f0fd60a6528a5e5b20990361ac4d274c58266a81e71c24f751612589d,9d27f4d0872e483ddbf460bda8a2e34b7180f153c6d7c1a74d692720476c9a7f,5,SIMONE_MODULE,24324,_IsThisFood,SYMBOL_ONLY_START,GAME,PROBABLE
538fed3f0fd60a6528a5e5b20990361ac4d274c58266a81e71c24f751612589d,9d27f4d0872e483ddbf460bda8a2e34b7180f153c6d7c1a74d692720476c9a7f,5,SIMONE_MODULE,24370,_IsThisPebble,SYMBOL_ONLY_START,GAME,PROBABLE
538fed3f0fd60a6528a5e5b20990361ac4d274c58266a81e71c24f751612589d,9d27f4d0872e483ddbf460bda8a2e34b7180f153c6d7c1a74d692720476c9a7f,5,SIMONE_MODULE,24420,_IsItNFood,SYMBOL_ONLY_START,GAME,PROBABLE
538fed3f0fd60a6528a5e5b20990361ac4d274c58266a81e71c24f751612589d,9d27f4d0872e483ddbf460bda8a2e34b7180f153c6d7c1a74d692720476c9a7f,5,SIMONE_MODULE,24446,_IsItFoodAt,SYMBOL_ONLY_START,GAME,PROBABLE
538fed3f0fd60a6528a5e5b20990361ac4d274c58266a81e71c24f751612589d,9d27f4d0872e483ddbf460bda8a2e34b7180f153c6d7c1a74d692720476c9a7f,5,SIMONE_MODULE,24640,_GetLife,SYMBOL_ONLY_START,GAME,PROBABLE
538fed3f0fd60a6528a5e5b20990361ac4d274c58266a81e71c24f751612589d,9d27f4d0872e483ddbf460bda8a2e34b7180f153c6d7c1a74d692720476c9a7f,5,SIMONE_MODULE,24802,_GetMap,SYMBOL_ONLY_START,GAME,PROBABLE
538fed3f0fd60a6528a5e5b20990361ac4d274c58266a81e71c24f751612589d,9d27f4d0872e483ddbf460bda8a2e34b7180f153c6d7c1a74d692720476c9a7f,5,SIMONE_MODULE,24954,_SetMap,SYMBOL_ONLY_START,GAME,PROBABLE
538fed3f0fd60a6528a5e5b20990361ac4d274c58266a81e71c24f751612589d,9d27f4d0872e483ddbf460bda8a2e34b7180f153c6d7c1a74d692720476c9a7f,5,SIMONE_MODULE,25116,_ClearLife,SYMBOL_ONLY_START,GAME,PROBABLE
538fed3f0fd60a6528a5e5b20990361ac4d274c58266a81e71c24f751612589d,9d27f4d0872e483ddbf460bda8a2e34b7180f153c6d7c1a74d692720476c9a7f,5,SIMONE_MODULE,25374,_ClearMyLife,SYMBOL_ONLY_START,GAME,PROBABLE
538fed3f0fd60a6528a5e5b20990361ac4d274c58266a81e71c24f751612589d,9d27f4d0872e483ddbf460bda8a2e34b7180f153c6d7c1a74d692720476c9a7f,5,SIMONE_MODULE,25840,_SetQueenTail,SYMBOL_ONLY_START,GAME,PROBABLE
538fed3f0fd60a6528a5e5b20990361ac4d274c58266a81e71c24f751612589d,9d27f4d0872e483ddbf460bda8a2e34b7180f153c6d7c1a74d692720476c9a7f,5,SIMONE_MODULE,25910,_SetMyLife,SYMBOL_ONLY_START,GAME,PROBABLE
538fed3f0fd60a6528a5e5b20990361ac4d274c58266a81e71c24f751612589d,9d27f4d0872e483ddbf460bda8a2e34b7180f153c6d7c1a74d692720476c9a7f,5,SIMONE_MODULE,26106,_MoveMyLife,SYMBOL_ONLY_START,GAME,PROBABLE
538fed3f0fd60a6528a5e5b20990361ac4d274c58266a81e71c24f751612589d,9d27f4d0872e483ddbf460bda8a2e34b7180f153c6d7c1a74d692720476c9a7f,5,SIMONE_MODULE,26324,_DoMapUpdateDraw,SYMBOL_ONLY_START,GAME,PROBABLE
538fed3f0fd60a6528a5e5b20990361ac4d274c58266a81e71c24f751612589d,9d27f4d0872e483ddbf460bda8a2e34b7180f153c6d7c1a74d692720476c9a7f,5,SIMONE_MODULE,26326,_DoEditAndMapUpdateDraw,SYMBOL_ONLY_START,GAME,PROBABLE
538fed3f0fd60a6528a5e5b20990361ac4d274c58266a81e71c24f751612589d,9d27f4d0872e483ddbf460bda8a2e34b7180f153c6d7c1a74d692720476c9a7f,5,SIMONE_MODULE,26332,_TargetAnt,SYMBOL_ONLY_START,GAME,PROBABLE
538fed3f0fd60a6528a5e5b20990361ac4d274c58266a81e71c24f751612589d,9d27f4d0872e483ddbf460bda8a2e34b7180f153c6d7c1a74d692720476c9a7f,5,SIMONE_MODULE,26406,_EndTargetMode,SYMBOL_ONLY_START,GAME,PROBABLE
538fed3f0fd60a6528a5e5b20990361ac4d274c58266a81e71c24f751612589d,9d27f4d0872e483ddbf460bda8a2e34b7180f153c6d7c1a74d692720476c9a7f,5,SIMONE_MODULE,26436,_StartLifeTransfer,SYMBOL_ONLY_START,GAME,PROBABLE
538fed3f0fd60a6528a5e5b20990361ac4d274c58266a81e71c24f751612589d,9d27f4d0872e483ddbf460bda8a2e34b7180f153c6d7c1a74d692720476c9a7f,5,SIMONE_MODULE,26510,_EndLifeTransferMode,SYMBOL_ONLY_START,GAME,PROBABLE
538fed3f0fd60a6528a5e5b20990361ac4d274c58266a81e71c24f751612589d,9d27f4d0872e483ddbf460bda8a2e34b7180f153c6d7c1a74d692720476c9a7f,5,SIMONE_MODULE,26540,_ExchangeLives,SYMBOL_ONLY_START,GAME,PROBABLE
538fed3f0fd60a6528a5e5b20990361ac4d274c58266a81e71c24f751612589d,9d27f4d0872e483ddbf460bda8a2e34b7180f153c6d7c1a74d692720476c9a7f,5,SIMONE_MODULE,26690,_DoLifeExchange,SYMBOL_ONLY_START,GAME,PROBABLE
538fed3f0fd60a6528a5e5b20990361ac4d274c58266a81e71c24f751612589d,9d27f4d0872e483ddbf460bda8a2e34b7180f153c6d7c1a74d692720476c9a7f,5,SIMONE_MODULE,30070,_DropMyFood,SYMBOL_ONLY_START,GAME,PROBABLE
538fed3f0fd60a6528a5e5b20990361ac4d274c58266a81e71c24f751612589d,9d27f4d0872e483ddbf460bda8a2e34b7180f153c6d7c1a74d692720476c9a7f,5,SIMONE_MODULE,31164,_DropPebble,SYMBOL_ONLY_START,GAME,PROBABLE
538fed3f0fd60a6528a5e5b20990361ac4d274c58266a81e71c24f751612589d,9d27f4d0872e483ddbf460bda8a2e34b7180f153c6d7c1a74d692720476c9a7f,5,SIMONE_MODULE,31826,_DropMyRock,SYMBOL_ONLY_START,GAME,PROBABLE
538fed3f0fd60a6528a5e5b20990361ac4d274c58266a81e71c24f751612589d,9d27f4d0872e483ddbf460bda8a2e34b7180f153c6d7c1a74d692720476c9a7f,5,SIMONE_MODULE,33160,_DropMyEgg,SYMBOL_ONLY_START,GAME,PROBABLE
538fed3f0fd60a6528a5e5b20990361ac4d274c58266a81e71c24f751612589d,9d27f4d0872e483ddbf460bda8a2e34b7180f153c6d7c1a74d692720476c9a7f,5,SIMONE_MODULE,34286,_PickupMyRock,SYMBOL_ONLY_START,GAME,PROBABLE
538fed3f0fd60a6528a5e5b20990361ac4d274c58266a81e71c24f751612589d,9d27f4d0872e483ddbf460bda8a2e34b7180f153c6d7c1a74d692720476c9a7f,5,SIMONE_MODULE,34978,_FindEggAt,SYMBOL_ONLY_START,GAME,PROBABLE
538fed3f0fd60a6528a5e5b20990361ac4d274c58266a81e71c24f751612589d,9d27f4d0872e483ddbf460bda8a2e34b7180f153c6d7c1a74d692720476c9a7f,5,SIMONE_MODULE,35478,_FindLifeAt,SYMBOL_ONLY_START,GAME,PROBABLE
538fed3f0fd60a6528a5e5b20990361ac4d274c58266a81e71c24f751612589d,9d27f4d0872e483ddbf460bda8a2e34b7180f153c6d7c1a74d692720476c9a7f,5,SIMONE_MODULE,35952,_SetMyHealth,SYMBOL_ONLY_START,GAME,PROBABLE
538fed3f0fd60a6528a5e5b20990361ac4d274c58266a81e71c24f751612589d,9d27f4d0872e483ddbf460bda8a2e34b7180f153c6d7c1a74d692720476c9a7f,5,SIMONE_MODULE,36058,_EatMyFood,SYMBOL_ONLY_START,GAME,PROBABLE
538fed3f0fd60a6528a5e5b20990361ac4d274c58266a81e71c24f751612589d,9d27f4d0872e483ddbf460bda8a2e34b7180f153c6d7c1a74d692720476c9a7f,5,SIMONE_MODULE,36502,_PickupMyEgg,SYMBOL_ONLY_START,GAME,PROBABLE
538fed3f0fd60a6528a5e5b20990361ac4d274c58266a81e71c24f751612589d,9d27f4d0872e483ddbf460bda8a2e34b7180f153c6d7c1a74d692720476c9a7f,5,SIMONE_MODULE,36684,_PickupMyFood,SYMBOL_ONLY_START,GAME,PROBABLE
538fed3f0fd60a6528a5e5b20990361ac4d274c58266a81e71c24f751612589d,9d27f4d0872e483ddbf460bda8a2e34b7180f153c6d7c1a74d692720476c9a7f,5,SIMONE_MODULE,37356,_DropMyObject,SYMBOL_ONLY_START,GAME,PROBABLE
538fed3f0fd60a6528a5e5b20990361ac4d274c58266a81e71c24f751612589d,9d27f4d0872e483ddbf460bda8a2e34b7180f153c6d7c1a74d692720476c9a7f,5,SIMONE_MODULE,37456,_PickupMyObject,SYMBOL_ONLY_START,GAME,PROBABLE
538fed3f0fd60a6528a5e5b20990361ac4d274c58266a81e71c24f751612589d,9d27f4d0872e483ddbf460bda8a2e34b7180f153c6d7c1a74d692720476c9a7f,5,SIMONE_MODULE,37698,_TileCanBeMovedOn,SYMBOL_ONLY_START,GAME,PROBABLE
538fed3f0fd60a6528a5e5b20990361ac4d274c58266a81e71c24f751612589d,9d27f4d0872e483ddbf460bda8a2e34b7180f153c6d7c1a74d692720476c9a7f,5,SIMONE_MODULE,38048,_IsNotBarrier,SYMBOL_ONLY_START,GAME,PROBABLE
538fed3f0fd60a6528a5e5b20990361ac4d274c58266a81e71c24f751612589d,9d27f4d0872e483ddbf460bda8a2e34b7180f153c6d7c1a74d692720476c9a7f,5,SIMONE_MODULE,38086,_IsNotObstacle,SYMBOL_ONLY_START,GAME,PROBABLE
538fed3f0fd60a6528a5e5b20990361ac4d274c58266a81e71c24f751612589d,9d27f4d0872e483ddbf460bda8a2e34b7180f153c6d7c1a74d692720476c9a7f,5,SIMONE_MODULE,38342,_IsItDigable,SYMBOL_ONLY_START,GAME,PROBABLE
538fed3f0fd60a6528a5e5b20990361ac4d274c58266a81e71c24f751612589d,9d27f4d0872e483ddbf460bda8a2e34b7180f153c6d7c1a74d692720476c9a7f,5,SIMONE_MODULE,38582,_IsItYellow,SYMBOL_ONLY_START,GAME,PROBABLE
538fed3f0fd60a6528a5e5b20990361ac4d274c58266a81e71c24f751612589d,9d27f4d0872e483ddbf460bda8a2e34b7180f153c6d7c1a74d692720476c9a7f,5,SIMONE_MODULE,38788,_IsLessThanHole,SYMBOL_ONLY_START,GAME,PROBABLE
538fed3f0fd60a6528a5e5b20990361ac4d274c58266a81e71c24f751612589d,9d27f4d0872e483ddbf460bda8a2e34b7180f153c6d7c1a74d692720476c9a7f,5,SIMONE_MODULE,38826,_IsSamePlane,SYMBOL_ONLY_START,GAME,PROBABLE
538fed3f0fd60a6528a5e5b20990361ac4d274c58266a81e71c24f751612589d,9d27f4d0872e483ddbf460bda8a2e34b7180f153c6d7c1a74d692720476c9a7f,5,SIMONE_MODULE,38858,_IsLiftable,SYMBOL_ONLY_START,GAME,PROBABLE
538fed3f0fd60a6528a5e5b20990361ac4d274c58266a81e71c24f751612589d,9d27f4d0872e483ddbf460bda8a2e34b7180f153c6d7c1a74d692720476c9a7f,5,SIMONE_MODULE,39134,_TryMyDropOrLift,SYMBOL_ONLY_START,GAME,PROBABLE
538fed3f0fd60a6528a5e5b20990361ac4d274c58266a81e71c24f751612589d,9d27f4d0872e483ddbf460bda8a2e34b7180f153c6d7c1a74d692720476c9a7f,5,SIMONE_MODULE,39754,_IsItAHole,SYMBOL_ONLY_START,GAME,PROBABLE
538fed3f0fd60a6528a5e5b20990361ac4d274c58266a81e71c24f751612589d,9d27f4d0872e483ddbf460bda8a2e34b7180f153c6d7c1a74d692720476c9a7f,5,SIMONE_MODULE,39938,_IsValidA,SYMBOL_ONLY_START,GAME,PROBABLE
538fed3f0fd60a6528a5e5b20990361ac4d274c58266a81e71c24f751612589d,9d27f4d0872e483ddbf460bda8a2e34b7180f153c6d7c1a74d692720476c9a7f,5,SIMONE_MODULE,39974,_IsValidB,SYMBOL_ONLY_START,GAME,PROBABLE
538fed3f0fd60a6528a5e5b20990361ac4d274c58266a81e71c24f751612589d,9d27f4d0872e483ddbf460bda8a2e34b7180f153c6d7c1a74d692720476c9a7f,6,SIMANT1_MODULE,0,_DoAntSim,SYMBOL_ONLY_START,GAME,PROBABLE
538fed3f0fd60a6528a5e5b20990361ac4d274c58266a81e71c24f751612589d,9d27f4d0872e483ddbf460bda8a2e34b7180f153c6d7c1a74d692720476c9a7f,6,SIMANT1_MODULE,762,_DoSmells,SYMBOL_ONLY_START,GAME,PROBABLE
538fed3f0fd60a6528a5e5b20990361ac4d274c58266a81e71c24f751612589d,9d27f4d0872e483ddbf460bda8a2e34b7180f153c6d7c1a74d692720476c9a7f,6,SIMANT1_MODULE,842,_ClrModePop,SYMBOL_ONLY_START,GAME,PROBABLE
538fed3f0fd60a6528a5e5b20990361ac4d274c58266a81e71c24f751612589d,9d27f4d0872e483ddbf460bda8a2e34b7180f153c6d7c1a74d692720476c9a7f,6,SIMANT1_MODULE,910,_TallyModePop,SYMBOL_ONLY_START,GAME,PROBABLE
538fed3f0fd60a6528a5e5b20990361ac4d274c58266a81e71c24f751612589d,9d27f4d0872e483ddbf460bda8a2e34b7180f153c6d7c1a74d692720476c9a7f,6,SIMANT1_MODULE,1140,_FeedAnts,SYMBOL_ONLY_START,GAME,PROBABLE
538fed3f0fd60a6528a5e5b20990361ac4d274c58266a81e71c24f751612589d,9d27f4d0872e483ddbf460bda8a2e34b7180f153c6d7c1a74d692720476c9a7f,6,SIMANT1_MODULE,1240,_DoAntSimA,SYMBOL_ONLY_START,GAME,PROBABLE
538fed3f0fd60a6528a5e5b20990361ac4d274c58266a81e71c24f751612589d,9d27f4d0872e483ddbf460bda8a2e34b7180f153c6d7c1a74d692720476c9a7f,6,SIMANT1_MODULE,2588,_SimEggA,SYMBOL_ONLY_START,GAME,PROBABLE
538fed3f0fd60a6528a5e5b20990361ac4d274c58266a81e71c24f751612589d,9d27f4d0872e483ddbf460bda8a2e34b7180f153c6d7c1a74d692720476c9a7f,6,SIMANT1_MODULE,2676,_SimQueenA,SYMBOL_ONLY_START,GAME,PROBABLE
538fed3f0fd60a6528a5e5b20990361ac4d274c58266a81e71c24f751612589d,9d27f4d0872e483ddbf460bda8a2e34b7180f153c6d7c1a74d692720476c9a7f,6,SIMANT1_MODULE,2846,_LostHeadA,SYMBOL_ONLY_START,GAME,PROBABLE
538fed3f0fd60a6528a5e5b20990361ac4d274c58266a81e71c24f751612589d,9d27f4d0872e483ddbf460bda8a2e34b7180f153c6d7c1a74d692720476c9a7f,6,SIMANT1_MODULE,2934,_DoRestAnt,SYMBOL_ONLY_START,GAME,PROBABLE
538fed3f0fd60a6528a5e5b20990361ac4d274c58266a81e71c24f751612589d,9d27f4d0872e483ddbf460bda8a2e34b7180f153c6d7c1a74d692720476c9a7f,6,SIMANT1_MODULE,3102,_DoRepoLoit,SYMBOL_ONLY_START,GAME,PROBABLE
538fed3f0fd60a6528a5e5b20990361ac4d274c58266a81e71c24f751612589d,9d27f4d0872e483ddbf460bda8a2e34b7180f153c6d7c1a74d692720476c9a7f,6,SIMANT1_MODULE,3194,_DoRepoExit,SYMBOL_ONLY_START,GAME,PROBABLE
538fed3f0fd60a6528a5e5b20990361ac4d274c58266a81e71c24f751612589d,9d27f4d0872e483ddbf460bda8a2e34b7180f153c6d7c1a74d692720476c9a7f,6,SIMANT1_MODULE,3402,_DoRepoFly,SYMBOL_ONLY_START,GAME,PROBABLE
538fed3f0fd60a6528a5e5b20990361ac4d274c58266a81e71c24f751612589d,9d27f4d0872e483ddbf460bda8a2e34b7180f153c6d7c1a74d692720476c9a7f,6,SIMANT1_MODULE,3574,_DoDefendNest,SYMBOL_ONLY_START,GAME,PROBABLE
538fed3f0fd60a6528a5e5b20990361ac4d274c58266a81e71c24f751612589d,9d27f4d0872e483ddbf460bda8a2e34b7180f153c6d7c1a74d692720476c9a7f,6,SIMANT1_MODULE,3686,_DoRandAntA,SYMBOL_ONLY_START,GAME,PROBABLE
538fed3f0fd60a6528a5e5b20990361ac4d274c58266a81e71c24f751612589d,9d27f4d0872e483ddbf460bda8a2e34b7180f153c6d7c1a74d692720476c9a7f,6,SIMANT1_MODULE,4660,_DoRandAntAA,SYMBOL_ONLY_START,GAME,PROBABLE
538fed3f0fd60a6528a5e5b20990361ac4d274c58266a81e71c24f751612589d,9d27f4d0872e483ddbf460bda8a2e34b7180f153c6d7c1a74d692720476c9a7f,6,SIMANT1_MODULE,5248,_DoDigOutAntA,SYMBOL_ONLY_START,GAME,PROBABLE
538fed3f0fd60a6528a5e5b20990361ac4d274c58266a81e71c24f751612589d,9d27f4d0872e483ddbf460bda8a2e34b7180f153c6d7c1a74d692720476c9a7f,6,SIMANT1_MODULE,5750,_DoToNestAnt,SYMBOL_ONLY_START,GAME,PROBABLE
538fed3f0fd60a6528a5e5b20990361ac4d274c58266a81e71c24f751612589d,9d27f4d0872e483ddbf460bda8a2e34b7180f153c6d7c1a74d692720476c9a7f,6,SIMANT1_MODULE,6666,_DoToAlarm,SYMBOL_ONLY_START,GAME,PROBABLE
538fed3f0fd60a6528a5e5b20990361ac4d274c58266a81e71c24f751612589d,9d27f4d0872e483ddbf460bda8a2e34b7180f153c6d7c1a74d692720476c9a7f,6,SIMANT1_MODULE,7348,_DoReturnFoodAnt,SYMBOL_ONLY_START,GAME,PROBABLE
538fed3f0fd60a6528a5e5b20990361ac4d274c58266a81e71c24f751612589d,9d27f4d0872e483ddbf460bda8a2e34b7180f153c6d7c1a74d692720476c9a7f,6,SIMANT1_MODULE,7746,_DoForageAnt,SYMBOL_ONLY_START,GAME,PROBABLE
538fed3f0fd60a6528a5e5b20990361ac4d274c58266a81e71c24f751612589d,9d27f4d0872e483ddbf460bda8a2e34b7180f153c6d7c1a74d692720476c9a7f,6,SIMANT1_MODULE,8872,_DoRecruitAnt,SYMBOL_ONLY_START,GAME,PROBABLE
538fed3f0fd60a6528a5e5b20990361ac4d274c58266a81e71c24f751612589d,9d27f4d0872e483ddbf460bda8a2e34b7180f153c6d7c1a74d692720476c9a7f,6,SIMANT1_MODULE,9594,_GoInNest,SYMBOL_ONLY_START,GAME,PROBABLE
538fed3f0fd60a6528a5e5b20990361ac4d274c58266a81e71c24f751612589d,9d27f4d0872e483ddbf460bda8a2e34b7180f153c6d7c1a74d692720476c9a7f,6,SIMANT1_MODULE,9834,_StartFightA,SYMBOL_ONLY_START,GAME,PROBABLE
538fed3f0fd60a6528a5e5b20990361ac4d274c58266a81e71c24f751612589d,9d27f4d0872e483ddbf460bda8a2e34b7180f153c6d7c1a74d692720476c9a7f,6,SIMANT1_MODULE,9972,_GetWinner,SYMBOL_ONLY_START,GAME,PROBABLE
538fed3f0fd60a6528a5e5b20990361ac4d274c58266a81e71c24f751612589d,9d27f4d0872e483ddbf460bda8a2e34b7180f153c6d7c1a74d692720476c9a7f,6,SIMANT1_MODULE,10214,_DoFightA,SYMBOL_ONLY_START,GAME,PROBABLE
538fed3f0fd60a6528a5e5b20990361ac4d274c58266a81e71c24f751612589d,9d27f4d0872e483ddbf460bda8a2e34b7180f153c6d7c1a74d692720476c9a7f,6,SIMANT1_MODULE,10432,_DeadAntHere,SYMBOL_ONLY_START,GAME,PROBABLE
538fed3f0fd60a6528a5e5b20990361ac4d274c58266a81e71c24f751612589d,9d27f4d0872e483ddbf460bda8a2e34b7180f153c6d7c1a74d692720476c9a7f,6,SIMANT1_MODULE,10786,_RandTurn,SYMBOL_ONLY_START,GAME,PROBABLE
538fed3f0fd60a6528a5e5b20990361ac4d274c58266a81e71c24f751612589d,9d27f4d0872e483ddbf460bda8a2e34b7180f153c6d7c1a74d692720476c9a7f,6,SIMANT1_MODULE,10816,_DoAttackAnt,SYMBOL_ONLY_START,GAME,PROBABLE
538fed3f0fd60a6528a5e5b20990361ac4d274c58266a81e71c24f751612589d,9d27f4d0872e483ddbf460bda8a2e34b7180f153c6d7c1a74d692720476c9a7f,6,SIMANT1_MODULE,11456,_IsItHole,SYMBOL_ONLY_START,GAME,PROBABLE
538fed3f0fd60a6528a5e5b20990361ac4d274c58266a81e71c24f751612589d,9d27f4d0872e483ddbf460bda8a2e34b7180f153c6d7c1a74d692720476c9a7f,6,SIMANT1_MODULE,11546,_IsItFood,SYMBOL_ONLY_START,GAME,PROBABLE
538fed3f0fd60a6528a5e5b20990361ac4d274c58266a81e71c24f751612589d,9d27f4d0872e483ddbf460bda8a2e34b7180f153c6d7c1a74d692720476c9a7f,6,SIMANT1_MODULE,11598,_DoAntSimB,SYMBOL_ONLY_START,GAME,PROBABLE
538fed3f0fd60a6528a5e5b20990361ac4d274c58266a81e71c24f751612589d,9d27f4d0872e483ddbf460bda8a2e34b7180f153c6d7c1a74d692720476c9a7f,6,SIMANT1_MODULE,11694,_DoNestAntB,SYMBOL_ONLY_START,GAME,PROBABLE
538fed3f0fd60a6528a5e5b20990361ac4d274c58266a81e71c24f751612589d,9d27f4d0872e483ddbf460bda8a2e34b7180f153c6d7c1a74d692720476c9a7f,6,SIMANT1_MODULE,13604,_RaidInB,SYMBOL_ONLY_START,GAME,PROBABLE
538fed3f0fd60a6528a5e5b20990361ac4d274c58266a81e71c24f751612589d,9d27f4d0872e483ddbf460bda8a2e34b7180f153c6d7c1a74d692720476c9a7f,6,SIMANT1_MODULE,13840,_RaidOutB,SYMBOL_ONLY_START,GAME,PROBABLE
538fed3f0fd60a6528a5e5b20990361ac4d274c58266a81e71c24f751612589d,9d27f4d0872e483ddbf460bda8a2e34b7180f153c6d7c1a74d692720476c9a7f,6,SIMANT1_MODULE,13950,_DoRestB,SYMBOL_ONLY_START,GAME,PROBABLE
538fed3f0fd60a6528a5e5b20990361ac4d274c58266a81e71c24f751612589d,9d27f4d0872e483ddbf460bda8a2e34b7180f153c6d7c1a74d692720476c9a7f,6,SIMANT1_MODULE,14244,_DoDrownB,SYMBOL_ONLY_START,GAME,PROBABLE
538fed3f0fd60a6528a5e5b20990361ac4d274c58266a81e71c24f751612589d,9d27f4d0872e483ddbf460bda8a2e34b7180f153c6d7c1a74d692720476c9a7f,6,SIMANT1_MODULE,14454,_DoRandB,SYMBOL_ONLY_START,GAME,PROBABLE
538fed3f0fd60a6528a5e5b20990361ac4d274c58266a81e71c24f751612589d,9d27f4d0872e483ddbf460bda8a2e34b7180f153c6d7c1a74d692720476c9a7f,6,SIMANT1_MODULE,14700,_DoRecruitN,SYMBOL_ONLY_START,GAME,PROBABLE
538fed3f0fd60a6528a5e5b20990361ac4d274c58266a81e71c24f751612589d,9d27f4d0872e483ddbf460bda8a2e34b7180f153c6d7c1a74d692720476c9a7f,6,SIMANT1_MODULE,14932,_DoNestFightB,SYMBOL_ONLY_START,GAME,PROBABLE
538fed3f0fd60a6528a5e5b20990361ac4d274c58266a81e71c24f751612589d,9d27f4d0872e483ddbf460bda8a2e34b7180f153c6d7c1a74d692720476c9a7f,6,SIMANT1_MODULE,15266,_CheckNestFightB,SYMBOL_ONLY_START,GAME,PROBABLE
538fed3f0fd60a6528a5e5b20990361ac4d274c58266a81e71c24f751612589d,9d27f4d0872e483ddbf460bda8a2e34b7180f153c6d7c1a74d692720476c9a7f,6,SIMANT1_MODULE,15420,_DropFoodB,SYMBOL_ONLY_START,GAME,PROBABLE
538fed3f0fd60a6528a5e5b20990361ac4d274c58266a81e71c24f751612589d,9d27f4d0872e483ddbf460bda8a2e34b7180f153c6d7c1a74d692720476c9a7f,6,SIMANT1_MODULE,15520,_SimEggB,SYMBOL_ONLY_START,GAME,PROBABLE
538fed3f0fd60a6528a5e5b20990361ac4d274c58266a81e71c24f751612589d,9d27f4d0872e483ddbf460bda8a2e34b7180f153c6d7c1a74d692720476c9a7f,6,SIMANT1_MODULE,15810,_SimQueenB,SYMBOL_ONLY_START,GAME,PROBABLE
538fed3f0fd60a6528a5e5b20990361ac4d274c58266a81e71c24f751612589d,9d27f4d0872e483ddbf460bda8a2e34b7180f153c6d7c1a74d692720476c9a7f,6,SIMANT1_MODULE,16478,_GetBestDir,SYMBOL_ONLY_START,GAME,PROBABLE
538fed3f0fd60a6528a5e5b20990361ac4d274c58266a81e71c24f751612589d,9d27f4d0872e483ddbf460bda8a2e34b7180f153c6d7c1a74d692720476c9a7f,6,SIMANT1_MODULE,16724,_QueenMoveB,SYMBOL_ONLY_START,GAME,PROBABLE
538fed3f0fd60a6528a5e5b20990361ac4d274c58266a81e71c24f751612589d,9d27f4d0872e483ddbf460bda8a2e34b7180f153c6d7c1a74d692720476c9a7f,6,SIMANT1_MODULE,16970,_MakeNewTailB,SYMBOL_ONLY_START,GAME,PROBABLE
538fed3f0fd60a6528a5e5b20990361ac4d274c58266a81e71c24f751612589d,9d27f4d0872e483ddbf460bda8a2e34b7180f153c6d7c1a74d692720476c9a7f,6,SIMANT1_MODULE,17072,_KillTailB,SYMBOL_ONLY_START,GAME,PROBABLE
538fed3f0fd60a6528a5e5b20990361ac4d274c58266a81e71c24f751612589d,9d27f4d0872e483ddbf460bda8a2e34b7180f153c6d7c1a74d692720476c9a7f,6,SIMANT1_MODULE,17118,_LostHeadB,SYMBOL_ONLY_START,GAME,PROBABLE
538fed3f0fd60a6528a5e5b20990361ac4d274c58266a81e71c24f751612589d,9d27f4d0872e483ddbf460bda8a2e34b7180f153c6d7c1a74d692720476c9a7f,6,SIMANT1_MODULE,17212,_LostTailB,SYMBOL_ONLY_START,GAME,PROBABLE
538fed3f0fd60a6528a5e5b20990361ac4d274c58266a81e71c24f751612589d,9d27f4d0872e483ddbf460bda8a2e34b7180f153c6d7c1a74d692720476c9a7f,6,SIMANT1_MODULE,17310,_TryMoveDirB,SYMBOL_ONLY_START,GAME,PROBABLE
538fed3f0fd60a6528a5e5b20990361ac4d274c58266a81e71c24f751612589d,9d27f4d0872e483ddbf460bda8a2e34b7180f153c6d7c1a74d692720476c9a7f,6,SIMANT1_MODULE,17576,_DoNestingB,SYMBOL_ONLY_START,GAME,PROBABLE
538fed3f0fd60a6528a5e5b20990361ac4d274c58266a81e71c24f751612589d,9d27f4d0872e483ddbf460bda8a2e34b7180f153c6d7c1a74d692720476c9a7f,6,SIMANT1_MODULE,18374,_TryEatFoodB,SYMBOL_ONLY_START,GAME,PROBABLE
538fed3f0fd60a6528a5e5b20990361ac4d274c58266a81e71c24f751612589d,9d27f4d0872e483ddbf460bda8a2e34b7180f153c6d7c1a74d692720476c9a7f,6,SIMANT1_MODULE,18500,_EatFoodB,SYMBOL_ONLY_START,GAME,PROBABLE
538fed3f0fd60a6528a5e5b20990361ac4d274c58266a81e71c24f751612589d,9d27f4d0872e483ddbf460bda8a2e34b7180f153c6d7c1a74d692720476c9a7f,6,SIMANT1_MODULE,18612,_StealFoodB,SYMBOL_ONLY_START,GAME,PROBABLE
538fed3f0fd60a6528a5e5b20990361ac4d274c58266a81e71c24f751612589d,9d27f4d0872e483ddbf460bda8a2e34b7180f153c6d7c1a74d692720476c9a7f,6,SIMANT1_MODULE,18680,_DecEatB,SYMBOL_ONLY_START,GAME,PROBABLE
538fed3f0fd60a6528a5e5b20990361ac4d274c58266a81e71c24f751612589d,9d27f4d0872e483ddbf460bda8a2e34b7180f153c6d7c1a74d692720476c9a7f,6,SIMANT1_MODULE,18730,_DoFoodInB,SYMBOL_ONLY_START,GAME,PROBABLE
538fed3f0fd60a6528a5e5b20990361ac4d274c58266a81e71c24f751612589d,9d27f4d0872e483ddbf460bda8a2e34b7180f153c6d7c1a74d692720476c9a7f,6,SIMANT1_MODULE,19408,_DoDigInB,SYMBOL_ONLY_START,GAME,PROBABLE
538fed3f0fd60a6528a5e5b20990361ac4d274c58266a81e71c24f751612589d,9d27f4d0872e483ddbf460bda8a2e34b7180f153c6d7c1a74d692720476c9a7f,6,SIMANT1_MODULE,20144,_DoDigOutB,SYMBOL_ONLY_START,GAME,PROBABLE
538fed3f0fd60a6528a5e5b20990361ac4d274c58266a81e71c24f751612589d,9d27f4d0872e483ddbf460bda8a2e34b7180f153c6d7c1a74d692720476c9a7f,6,SIMANT1_MODULE,20830,_LeaveNestB,SYMBOL_ONLY_START,GAME,PROBABLE
538fed3f0fd60a6528a5e5b20990361ac4d274c58266a81e71c24f751612589d,9d27f4d0872e483ddbf460bda8a2e34b7180f153c6d7c1a74d692720476c9a7f,6,SIMANT1_MODULE,21002,_GetOutB,SYMBOL_ONLY_START,GAME,PROBABLE
538fed3f0fd60a6528a5e5b20990361ac4d274c58266a81e71c24f751612589d,9d27f4d0872e483ddbf460bda8a2e34b7180f153c6d7c1a74d692720476c9a7f,6,SIMANT1_MODULE,21316,_DoAntSimR,SYMBOL_ONLY_START,GAME,PROBABLE
538fed3f0fd60a6528a5e5b20990361ac4d274c58266a81e71c24f751612589d,9d27f4d0872e483ddbf460bda8a2e34b7180f153c6d7c1a74d692720476c9a7f,6,SIMANT1_MODULE,21412,_DoNestAntR,SYMBOL_ONLY_START,GAME,PROBABLE
538fed3f0fd60a6528a5e5b20990361ac4d274c58266a81e71c24f751612589d,9d27f4d0872e483ddbf460bda8a2e34b7180f153c6d7c1a74d692720476c9a7f,6,SIMANT1_MODULE,23338,_RaidInR,SYMBOL_ONLY_START,GAME,PROBABLE
538fed3f0fd60a6528a5e5b20990361ac4d274c58266a81e71c24f751612589d,9d27f4d0872e483ddbf460bda8a2e34b7180f153c6d7c1a74d692720476c9a7f,6,SIMANT1_MODULE,23574,_StayInR,SYMBOL_ONLY_START,GAME,PROBABLE
538fed3f0fd60a6528a5e5b20990361ac4d274c58266a81e71c24f751612589d,9d27f4d0872e483ddbf460bda8a2e34b7180f153c6d7c1a74d692720476c9a7f,6,SIMANT1_MODULE,23824,_RaidOutR,SYMBOL_ONLY_START,GAME,PROBABLE
538fed3f0fd60a6528a5e5b20990361ac4d274c58266a81e71c24f751612589d,9d27f4d0872e483ddbf460bda8a2e34b7180f153c6d7c1a74d692720476c9a7f,6,SIMANT1_MODULE,23934,_DoRestR,SYMBOL_ONLY_START,GAME,PROBABLE
538fed3f0fd60a6528a5e5b20990361ac4d274c58266a81e71c24f751612589d,9d27f4d0872e483ddbf460bda8a2e34b7180f153c6d7c1a74d692720476c9a7f,6,SIMANT1_MODULE,24232,_DoDrownR,SYMBOL_ONLY_START,GAME,PROBABLE
538fed3f0fd60a6528a5e5b20990361ac4d274c58266a81e71c24f751612589d,9d27f4d0872e483ddbf460bda8a2e34b7180f153c6d7c1a74d692720476c9a7f,6,SIMANT1_MODULE,24442,_DoRandR,SYMBOL_ONLY_START,GAME,PROBABLE
538fed3f0fd60a6528a5e5b20990361ac4d274c58266a81e71c24f751612589d,9d27f4d0872e483ddbf460bda8a2e34b7180f153c6d7c1a74d692720476c9a7f,6,SIMANT1_MODULE,24690,_DoNestFightR,SYMBOL_ONLY_START,GAME,PROBABLE
538fed3f0fd60a6528a5e5b20990361ac4d274c58266a81e71c24f751612589d,9d27f4d0872e483ddbf460bda8a2e34b7180f153c6d7c1a74d692720476c9a7f,6,SIMANT1_MODULE,24994,_CheckNestFightR,SYMBOL_ONLY_START,GAME,PROBABLE
538fed3f0fd60a6528a5e5b20990361ac4d274c58266a81e71c24f751612589d,9d27f4d0872e483ddbf460bda8a2e34b7180f153c6d7c1a74d692720476c9a7f,6,SIMANT1_MODULE,25154,_DropFoodR,SYMBOL_ONLY_START,GAME,PROBABLE
538fed3f0fd60a6528a5e5b20990361ac4d274c58266a81e71c24f751612589d,9d27f4d0872e483ddbf460bda8a2e34b7180f153c6d7c1a74d692720476c9a7f,6,SIMANT1_MODULE,25254,_SimEggR,SYMBOL_ONLY_START,GAME,PROBABLE
538fed3f0fd60a6528a5e5b20990361ac4d274c58266a81e71c24f751612589d,9d27f4d0872e483ddbf460bda8a2e34b7180f153c6d7c1a74d692720476c9a7f,6,SIMANT1_MODULE,25478,_SimQueenR,SYMBOL_ONLY_START,GAME,PROBABLE
538fed3f0fd60a6528a5e5b20990361ac4d274c58266a81e71c24f751612589d,9d27f4d0872e483ddbf460bda8a2e34b7180f153c6d7c1a74d692720476c9a7f,6,SIMANT1_MODULE,26118,_QueenMoveR,SYMBOL_ONLY_START,GAME,PROBABLE
538fed3f0fd60a6528a5e5b20990361ac4d274c58266a81e71c24f751612589d,9d27f4d0872e483ddbf460bda8a2e34b7180f153c6d7c1a74d692720476c9a7f,6,SIMANT1_MODULE,26364,_MakeNewTailR,SYMBOL_ONLY_START,GAME,PROBABLE
538fed3f0fd60a6528a5e5b20990361ac4d274c58266a81e71c24f751612589d,9d27f4d0872e483ddbf460bda8a2e34b7180f153c6d7c1a74d692720476c9a7f,6,SIMANT1_MODULE,26466,_KillTailR,SYMBOL_ONLY_START,GAME,PROBABLE
538fed3f0fd60a6528a5e5b20990361ac4d274c58266a81e71c24f751612589d,9d27f4d0872e483ddbf460bda8a2e34b7180f153c6d7c1a74d692720476c9a7f,6,SIMANT1_MODULE,26512,_LostHeadR,SYMBOL_ONLY_START,GAME,PROBABLE
538fed3f0fd60a6528a5e5b20990361ac4d274c58266a81e71c24f751612589d,9d27f4d0872e483ddbf460bda8a2e34b7180f153c6d7c1a74d692720476c9a7f,6,SIMANT1_MODULE,26606,_LostTailR,SYMBOL_ONLY_START,GAME,PROBABLE
538fed3f0fd60a6528a5e5b20990361ac4d274c58266a81e71c24f751612589d,9d27f4d0872e483ddbf460bda8a2e34b7180f153c6d7c1a74d692720476c9a7f,6,SIMANT1_MODULE,26704,_TryMoveDirR,SYMBOL_ONLY_START,GAME,PROBABLE
538fed3f0fd60a6528a5e5b20990361ac4d274c58266a81e71c24f751612589d,9d27f4d0872e483ddbf460bda8a2e34b7180f153c6d7c1a74d692720476c9a7f,6,SIMANT1_MODULE,26890,_DoNestingR,SYMBOL_ONLY_START,GAME,PROBABLE
538fed3f0fd60a6528a5e5b20990361ac4d274c58266a81e71c24f751612589d,9d27f4d0872e483ddbf460bda8a2e34b7180f153c6d7c1a74d692720476c9a7f,6,SIMANT1_MODULE,27448,_TryEatFoodR,SYMBOL_ONLY_START,GAME,PROBABLE
538fed3f0fd60a6528a5e5b20990361ac4d274c58266a81e71c24f751612589d,9d27f4d0872e483ddbf460bda8a2e34b7180f153c6d7c1a74d692720476c9a7f,6,SIMANT1_MODULE,27574,_EatFoodR,SYMBOL_ONLY_START,GAME,PROBABLE
538fed3f0fd60a6528a5e5b20990361ac4d274c58266a81e71c24f751612589d,9d27f4d0872e483ddbf460bda8a2e34b7180f153c6d7c1a74d692720476c9a7f,6,SIMANT1_MODULE,27686,_StealFoodR,SYMBOL_ONLY_START,GAME,PROBABLE
538fed3f0fd60a6528a5e5b20990361ac4d274c58266a81e71c24f751612589d,9d27f4d0872e483ddbf460bda8a2e34b7180f153c6d7c1a74d692720476c9a7f,6,SIMANT1_MODULE,27754,_DecEatR,SYMBOL_ONLY_START,GAME,PROBABLE
538fed3f0fd60a6528a5e5b20990361ac4d274c58266a81e71c24f751612589d,9d27f4d0872e483ddbf460bda8a2e34b7180f153c6d7c1a74d692720476c9a7f,6,SIMANT1_MODULE,27788,_DoFoodInR,SYMBOL_ONLY_START,GAME,PROBABLE
538fed3f0fd60a6528a5e5b20990361ac4d274c58266a81e71c24f751612589d,9d27f4d0872e483ddbf460bda8a2e34b7180f153c6d7c1a74d692720476c9a7f,6,SIMANT1_MODULE,28428,_DoDigInR,SYMBOL_ONLY_START,GAME,PROBABLE
538fed3f0fd60a6528a5e5b20990361ac4d274c58266a81e71c24f751612589d,9d27f4d0872e483ddbf460bda8a2e34b7180f153c6d7c1a74d692720476c9a7f,6,SIMANT1_MODULE,29226,_DoDigOutR,SYMBOL_ONLY_START,GAME,PROBABLE
538fed3f0fd60a6528a5e5b20990361ac4d274c58266a81e71c24f751612589d,9d27f4d0872e483ddbf460bda8a2e34b7180f153c6d7c1a74d692720476c9a7f,6,SIMANT1_MODULE,29882,_GetOutR,SYMBOL_ONLY_START,GAME,PROBABLE
538fed3f0fd60a6528a5e5b20990361ac4d274c58266a81e71c24f751612589d,9d27f4d0872e483ddbf460bda8a2e34b7180f153c6d7c1a74d692720476c9a7f,6,SIMANT1_MODULE,30196,_DoAntMoveY,SYMBOL_ONLY_START,GAME,PROBABLE
538fed3f0fd60a6528a5e5b20990361ac4d274c58266a81e71c24f751612589d,9d27f4d0872e483ddbf460bda8a2e34b7180f153c6d7c1a74d692720476c9a7f,6,SIMANT1_MODULE,31990,_DoAntSimY,SYMBOL_ONLY_START,GAME,PROBABLE
538fed3f0fd60a6528a5e5b20990361ac4d274c58266a81e71c24f751612589d,9d27f4d0872e483ddbf460bda8a2e34b7180f153c6d7c1a74d692720476c9a7f,6,SIMANT1_MODULE,32342,_AnimYellowFight,SYMBOL_ONLY_START,GAME,PROBABLE
538fed3f0fd60a6528a5e5b20990361ac4d274c58266a81e71c24f751612589d,9d27f4d0872e483ddbf460bda8a2e34b7180f153c6d7c1a74d692720476c9a7f,6,SIMANT1_MODULE,32888,_AnimYellowInsane,SYMBOL_ONLY_START,GAME,PROBABLE
538fed3f0fd60a6528a5e5b20990361ac4d274c58266a81e71c24f751612589d,9d27f4d0872e483ddbf460bda8a2e34b7180f153c6d7c1a74d692720476c9a7f,6,SIMANT1_MODULE,33342,_YellowFight,SYMBOL_ONLY_START,GAME,PROBABLE
538fed3f0fd60a6528a5e5b20990361ac4d274c58266a81e71c24f751612589d,9d27f4d0872e483ddbf460bda8a2e34b7180f153c6d7c1a74d692720476c9a7f,6,SIMANT1_MODULE,33800,_EnterNest,SYMBOL_ONLY_START,GAME,PROBABLE
538fed3f0fd60a6528a5e5b20990361ac4d274c58266a81e71c24f751612589d,9d27f4d0872e483ddbf460bda8a2e34b7180f153c6d7c1a74d692720476c9a7f,6,SIMANT1_MODULE,33956,_ExitNest,SYMBOL_ONLY_START,GAME,PROBABLE
538fed3f0fd60a6528a5e5b20990361ac4d274c58266a81e71c24f751612589d,9d27f4d0872e483ddbf460bda8a2e34b7180f153c6d7c1a74d692720476c9a7f,6,SIMANT1_MODULE,34434,_GetMyDis,SYMBOL_ONLY_START,GAME,PROBABLE
538fed3f0fd60a6528a5e5b20990361ac4d274c58266a81e71c24f751612589d,9d27f4d0872e483ddbf460bda8a2e34b7180f153c6d7c1a74d692720476c9a7f,6,SIMANT1_MODULE,34856,_GetMyBestDirs,SYMBOL_ONLY_START,GAME,PROBABLE
538fed3f0fd60a6528a5e5b20990361ac4d274c58266a81e71c24f751612589d,9d27f4d0872e483ddbf460bda8a2e34b7180f153c6d7c1a74d692720476c9a7f,6,SIMANT1_MODULE,35112,_GetMyRandDirs,SYMBOL_ONLY_START,GAME,PROBABLE
538fed3f0fd60a6528a5e5b20990361ac4d274c58266a81e71c24f751612589d,9d27f4d0872e483ddbf460bda8a2e34b7180f153c6d7c1a74d692720476c9a7f,6,SIMANT1_MODULE,35648,_CheckMyBestDirs,SYMBOL_ONLY_START,GAME,PROBABLE
538fed3f0fd60a6528a5e5b20990361ac4d274c58266a81e71c24f751612589d,9d27f4d0872e483ddbf460bda8a2e34b7180f153c6d7c1a74d692720476c9a7f,6,SIMANT1_MODULE,35818,_GetMyNextRandDirs,SYMBOL_ONLY_START,GAME,PROBABLE
538fed3f0fd60a6528a5e5b20990361ac4d274c58266a81e71c24f751612589d,9d27f4d0872e483ddbf460bda8a2e34b7180f153c6d7c1a74d692720476c9a7f,6,SIMANT1_MODULE,36062,_GetMyInitialRandDir,SYMBOL_ONLY_START,GAME,PROBABLE
538fed3f0fd60a6528a5e5b20990361ac4d274c58266a81e71c24f751612589d,9d27f4d0872e483ddbf460bda8a2e34b7180f153c6d7c1a74d692720476c9a7f,6,SIMANT1_MODULE,36154,_GetMyBestDir,SYMBOL_ONLY_START,GAME,PROBABLE
538fed3f0fd60a6528a5e5b20990361ac4d274c58266a81e71c24f751612589d,9d27f4d0872e483ddbf460bda8a2e34b7180f153c6d7c1a74d692720476c9a7f,6,SIMANT1_MODULE,36554,_GetMyDir,SYMBOL_ONLY_START,GAME,PROBABLE
538fed3f0fd60a6528a5e5b20990361ac4d274c58266a81e71c24f751612589d,9d27f4d0872e483ddbf460bda8a2e34b7180f153c6d7c1a74d692720476c9a7f,6,SIMANT1_MODULE,37342,_FillHolesBN,SYMBOL_ONLY_START,GAME,PROBABLE
538fed3f0fd60a6528a5e5b20990361ac4d274c58266a81e71c24f751612589d,9d27f4d0872e483ddbf460bda8a2e34b7180f153c6d7c1a74d692720476c9a7f,6,SIMANT1_MODULE,37444,_FillHolesRN,SYMBOL_ONLY_START,GAME,PROBABLE
538fed3f0fd60a6528a5e5b20990361ac4d274c58266a81e71c24f751612589d,9d27f4d0872e483ddbf460bda8a2e34b7180f153c6d7c1a74d692720476c9a7f,6,SIMANT1_MODULE,37546,_ColonySmellBN,SYMBOL_ONLY_START,GAME,PROBABLE
538fed3f0fd60a6528a5e5b20990361ac4d274c58266a81e71c24f751612589d,9d27f4d0872e483ddbf460bda8a2e34b7180f153c6d7c1a74d692720476c9a7f,6,SIMANT1_MODULE,37592,_ColonySmellRN,SYMBOL_ONLY_START,GAME,PROBABLE
538fed3f0fd60a6528a5e5b20990361ac4d274c58266a81e71c24f751612589d,9d27f4d0872e483ddbf460bda8a2e34b7180f153c6d7c1a74d692720476c9a7f,6,SIMANT1_MODULE,37638,_ColonySmellBT,SYMBOL_ONLY_START,GAME,PROBABLE
538fed3f0fd60a6528a5e5b20990361ac4d274c58266a81e71c24f751612589d,9d27f4d0872e483ddbf460bda8a2e34b7180f153c6d7c1a74d692720476c9a7f,6,SIMANT1_MODULE,37700,_ColonySmellRT,SYMBOL_ONLY_START,GAME,PROBABLE
538fed3f0fd60a6528a5e5b20990361ac4d274c58266a81e71c24f751612589d,9d27f4d0872e483ddbf460bda8a2e34b7180f153c6d7c1a74d692720476c9a7f,6,SIMANT1_MODULE,37760,_SmoothAlarm,SYMBOL_ONLY_START,GAME,PROBABLE
538fed3f0fd60a6528a5e5b20990361ac4d274c58266a81e71c24f751612589d,9d27f4d0872e483ddbf460bda8a2e34b7180f153c6d7c1a74d692720476c9a7f,6,SIMANT1_MODULE,37948,_AlarmHere,SYMBOL_ONLY_START,GAME,PROBABLE
538fed3f0fd60a6528a5e5b20990361ac4d274c58266a81e71c24f751612589d,9d27f4d0872e483ddbf460bda8a2e34b7180f153c6d7c1a74d692720476c9a7f,6,SIMANT1_MODULE,38014,_AlarmHere2,SYMBOL_ONLY_START,GAME,PROBABLE
538fed3f0fd60a6528a5e5b20990361ac4d274c58266a81e71c24f751612589d,9d27f4d0872e483ddbf460bda8a2e34b7180f153c6d7c1a74d692720476c9a7f,6,SIMANT1_MODULE,38070,_JamScentBN,SYMBOL_ONLY_START,GAME,PROBABLE
538fed3f0fd60a6528a5e5b20990361ac4d274c58266a81e71c24f751612589d,9d27f4d0872e483ddbf460bda8a2e34b7180f153c6d7c1a74d692720476c9a7f,6,SIMANT1_MODULE,38134,_JamScentRN,SYMBOL_ONLY_START,GAME,PROBABLE
538fed3f0fd60a6528a5e5b20990361ac4d274c58266a81e71c24f751612589d,9d27f4d0872e483ddbf460bda8a2e34b7180f153c6d7c1a74d692720476c9a7f,6,SIMANT1_MODULE,38198,_JamScentBT,SYMBOL_ONLY_START,GAME,PROBABLE
538fed3f0fd60a6528a5e5b20990361ac4d274c58266a81e71c24f751612589d,9d27f4d0872e483ddbf460bda8a2e34b7180f153c6d7c1a74d692720476c9a7f,6,SIMANT1_MODULE,38262,_JamScentRT,SYMBOL_ONLY_START,GAME,PROBABLE
538fed3f0fd60a6528a5e5b20990361ac4d274c58266a81e71c24f751612589d,9d27f4d0872e483ddbf460bda8a2e34b7180f153c6d7c1a74d692720476c9a7f,6,SIMANT1_MODULE,38326,_DecTSmell,SYMBOL_ONLY_START,GAME,PROBABLE
538fed3f0fd60a6528a5e5b20990361ac4d274c58266a81e71c24f751612589d,9d27f4d0872e483ddbf460bda8a2e34b7180f153c6d7c1a74d692720476c9a7f,6,SIMANT1_MODULE,38418,_GetSmellT,SYMBOL_ONLY_START,GAME,PROBABLE
538fed3f0fd60a6528a5e5b20990361ac4d274c58266a81e71c24f751612589d,9d27f4d0872e483ddbf460bda8a2e34b7180f153c6d7c1a74d692720476c9a7f,6,SIMANT1_MODULE,38524,_MakeRedInitiator,SYMBOL_ONLY_START,GAME,PROBABLE
538fed3f0fd60a6528a5e5b20990361ac4d274c58266a81e71c24f751612589d,9d27f4d0872e483ddbf460bda8a2e34b7180f153c6d7c1a74d692720476c9a7f,6,SIMANT1_MODULE,38612,_DoRedInitiator,SYMBOL_ONLY_START,GAME,PROBABLE
538fed3f0fd60a6528a5e5b20990361ac4d274c58266a81e71c24f751612589d,9d27f4d0872e483ddbf460bda8a2e34b7180f153c6d7c1a74d692720476c9a7f,6,SIMANT1_MODULE,39232,_GetNewRedTask,SYMBOL_ONLY_START,GAME,PROBABLE
538fed3f0fd60a6528a5e5b20990361ac4d274c58266a81e71c24f751612589d,9d27f4d0872e483ddbf460bda8a2e34b7180f153c6d7c1a74d692720476c9a7f,6,SIMANT1_MODULE,39448,_GetRedBestDirs,SYMBOL_ONLY_START,GAME,PROBABLE
538fed3f0fd60a6528a5e5b20990361ac4d274c58266a81e71c24f751612589d,9d27f4d0872e483ddbf460bda8a2e34b7180f153c6d7c1a74d692720476c9a7f,7,SIMTWO_MODULE,0,_GetStrategy,SYMBOL_ONLY_START,GAME,PROBABLE
538fed3f0fd60a6528a5e5b20990361ac4d274c58266a81e71c24f751612589d,9d27f4d0872e483ddbf460bda8a2e34b7180f153c6d7c1a74d692720476c9a7f,7,SIMTWO_MODULE,460,_GstrB,SYMBOL_ONLY_START,GAME,PROBABLE
538fed3f0fd60a6528a5e5b20990361ac4d274c58266a81e71c24f751612589d,9d27f4d0872e483ddbf460bda8a2e34b7180f153c6d7c1a74d692720476c9a7f,7,SIMTWO_MODULE,622,_SetCasteProd,SYMBOL_ONLY_START,GAME,PROBABLE
538fed3f0fd60a6528a5e5b20990361ac4d274c58266a81e71c24f751612589d,9d27f4d0872e483ddbf460bda8a2e34b7180f153c6d7c1a74d692720476c9a7f,7,SIMTWO_MODULE,806,_SetModeProd,SYMBOL_ONLY_START,GAME,PROBABLE
538fed3f0fd60a6528a5e5b20990361ac4d274c58266a81e71c24f751612589d,9d27f4d0872e483ddbf460bda8a2e34b7180f153c6d7c1a74d692720476c9a7f,7,SIMTWO_MODULE,962,_GstrR,SYMBOL_ONLY_START,GAME,PROBABLE
538fed3f0fd60a6528a5e5b20990361ac4d274c58266a81e71c24f751612589d,9d27f4d0872e483ddbf460bda8a2e34b7180f153c6d7c1a74d692720476c9a7f,7,SIMTWO_MODULE,1294,_StartAttack,SYMBOL_ONLY_START,GAME,PROBABLE
538fed3f0fd60a6528a5e5b20990361ac4d274c58266a81e71c24f751612589d,9d27f4d0872e483ddbf460bda8a2e34b7180f153c6d7c1a74d692720476c9a7f,7,SIMTWO_MODULE,1360,_ForceModeA,SYMBOL_ONLY_START,GAME,PROBABLE
538fed3f0fd60a6528a5e5b20990361ac4d274c58266a81e71c24f751612589d,9d27f4d0872e483ddbf460bda8a2e34b7180f153c6d7c1a74d692720476c9a7f,7,SIMTWO_MODULE,1570,_ForceModeB,SYMBOL_ONLY_START,GAME,PROBABLE
538fed3f0fd60a6528a5e5b20990361ac4d274c58266a81e71c24f751612589d,9d27f4d0872e483ddbf460bda8a2e34b7180f153c6d7c1a74d692720476c9a7f,7,SIMTWO_MODULE,1746,_Recruit,SYMBOL_ONLY_START,GAME,PROBABLE
538fed3f0fd60a6528a5e5b20990361ac4d274c58266a81e71c24f751612589d,9d27f4d0872e483ddbf460bda8a2e34b7180f153c6d7c1a74d692720476c9a7f,7,SIMTWO_MODULE,1930,_UnRecruit,SYMBOL_ONLY_START,GAME,PROBABLE
538fed3f0fd60a6528a5e5b20990361ac4d274c58266a81e71c24f751612589d,9d27f4d0872e483ddbf460bda8a2e34b7180f153c6d7c1a74d692720476c9a7f,7,SIMTWO_MODULE,2150,_RecruitRed,SYMBOL_ONLY_START,GAME,PROBABLE
538fed3f0fd60a6528a5e5b20990361ac4d274c58266a81e71c24f751612589d,9d27f4d0872e483ddbf460bda8a2e34b7180f153c6d7c1a74d692720476c9a7f,7,SIMTWO_MODULE,2266,_UnRecruitRed,SYMBOL_ONLY_START,GAME,PROBABLE
538fed3f0fd60a6528a5e5b20990361ac4d274c58266a81e71c24f751612589d,9d27f4d0872e483ddbf460bda8a2e34b7180f153c6d7c1a74d692720476c9a7f,7,SIMTWO_MODULE,2320,_GetNewMode,SYMBOL_ONLY_START,GAME,PROBABLE
538fed3f0fd60a6528a5e5b20990361ac4d274c58266a81e71c24f751612589d,9d27f4d0872e483ddbf460bda8a2e34b7180f153c6d7c1a74d692720476c9a7f,7,SIMTWO_MODULE,2512,_GetNewModeB,SYMBOL_ONLY_START,GAME,PROBABLE
538fed3f0fd60a6528a5e5b20990361ac4d274c58266a81e71c24f751612589d,9d27f4d0872e483ddbf460bda8a2e34b7180f153c6d7c1a74d692720476c9a7f,7,SIMTWO_MODULE,2640,_GetNewModeR,SYMBOL_ONLY_START,GAME,PROBABLE
538fed3f0fd60a6528a5e5b20990361ac4d274c58266a81e71c24f751612589d,9d27f4d0872e483ddbf460bda8a2e34b7180f153c6d7c1a74d692720476c9a7f,7,SIMTWO_MODULE,2736,_GetForageDir,SYMBOL_ONLY_START,GAME,PROBABLE
538fed3f0fd60a6528a5e5b20990361ac4d274c58266a81e71c24f751612589d,9d27f4d0872e483ddbf460bda8a2e34b7180f153c6d7c1a74d692720476c9a7f,7,SIMTWO_MODULE,3120,_GetNestDir,SYMBOL_ONLY_START,GAME,PROBABLE
538fed3f0fd60a6528a5e5b20990361ac4d274c58266a81e71c24f751612589d,9d27f4d0872e483ddbf460bda8a2e34b7180f153c6d7c1a74d692720476c9a7f,7,SIMTWO_MODULE,3668,_GetAlarmDir,SYMBOL_ONLY_START,GAME,PROBABLE
538fed3f0fd60a6528a5e5b20990361ac4d274c58266a81e71c24f751612589d,9d27f4d0872e483ddbf460bda8a2e34b7180f153c6d7c1a74d692720476c9a7f,7,SIMTWO_MODULE,3954,_GetRandDir,SYMBOL_ONLY_START,GAME,PROBABLE
538fed3f0fd60a6528a5e5b20990361ac4d274c58266a81e71c24f751612589d,9d27f4d0872e483ddbf460bda8a2e34b7180f153c6d7c1a74d692720476c9a7f,7,SIMTWO_MODULE,4134,_GetDefendDir,SYMBOL_ONLY_START,GAME,PROBABLE
538fed3f0fd60a6528a5e5b20990361ac4d274c58266a81e71c24f751612589d,9d27f4d0872e483ddbf460bda8a2e34b7180f153c6d7c1a74d692720476c9a7f,7,SIMTWO_MODULE,4500,_GetRedDefendDir,SYMBOL_ONLY_START,GAME,PROBABLE
538fed3f0fd60a6528a5e5b20990361ac4d274c58266a81e71c24f751612589d,9d27f4d0872e483ddbf460bda8a2e34b7180f153c6d7c1a74d692720476c9a7f,7,SIMTWO_MODULE,4844,_Bounce,SYMBOL_ONLY_START,GAME,PROBABLE
538fed3f0fd60a6528a5e5b20990361ac4d274c58266a81e71c24f751612589d,9d27f4d0872e483ddbf460bda8a2e34b7180f153c6d7c1a74d692720476c9a7f,7,SIMTWO_MODULE,4984,_InitSimYard,SYMBOL_ONLY_START,GAME,PROBABLE
538fed3f0fd60a6528a5e5b20990361ac4d274c58266a81e71c24f751612589d,9d27f4d0872e483ddbf460bda8a2e34b7180f153c6d7c1a74d692720476c9a7f,7,SIMTWO_MODULE,5288,_DoSimYard,SYMBOL_ONLY_START,GAME,PROBABLE
538fed3f0fd60a6528a5e5b20990361ac4d274c58266a81e71c24f751612589d,9d27f4d0872e483ddbf460bda8a2e34b7180f153c6d7c1a74d692720476c9a7f,7,SIMTWO_MODULE,5550,_SendBoyMsg,SYMBOL_ONLY_START,GAME,PROBABLE
538fed3f0fd60a6528a5e5b20990361ac4d274c58266a81e71c24f751612589d,9d27f4d0872e483ddbf460bda8a2e34b7180f153c6d7c1a74d692720476c9a7f,7,SIMTWO_MODULE,5610,_SimRain,SYMBOL_ONLY_START,GAME,PROBABLE
538fed3f0fd60a6528a5e5b20990361ac4d274c58266a81e71c24f751612589d,9d27f4d0872e483ddbf460bda8a2e34b7180f153c6d7c1a74d692720476c9a7f,7,SIMTWO_MODULE,5788,_SimKidOutside,SYMBOL_ONLY_START,GAME,PROBABLE
538fed3f0fd60a6528a5e5b20990361ac4d274c58266a81e71c24f751612589d,9d27f4d0872e483ddbf460bda8a2e34b7180f153c6d7c1a74d692720476c9a7f,7,SIMTWO_MODULE,8028,_GetMowDir,SYMBOL_ONLY_START,GAME,PROBABLE
538fed3f0fd60a6528a5e5b20990361ac4d274c58266a81e71c24f751612589d,9d27f4d0872e483ddbf460bda8a2e34b7180f153c6d7c1a74d692720476c9a7f,7,SIMTWO_MODULE,8254,_NotMowed,SYMBOL_ONLY_START,GAME,PROBABLE
538fed3f0fd60a6528a5e5b20990361ac4d274c58266a81e71c24f751612589d,9d27f4d0872e483ddbf460bda8a2e34b7180f153c6d7c1a74d692720476c9a7f,7,SIMTWO_MODULE,8306,_IsValidYard,SYMBOL_ONLY_START,GAME,PROBABLE
538fed3f0fd60a6528a5e5b20990361ac4d274c58266a81e71c24f751612589d,9d27f4d0872e483ddbf460bda8a2e34b7180f153c6d7c1a74d692720476c9a7f,7,SIMTWO_MODULE,8342,_InitGrassMap,SYMBOL_ONLY_START,GAME,PROBABLE
538fed3f0fd60a6528a5e5b20990361ac4d274c58266a81e71c24f751612589d,9d27f4d0872e483ddbf460bda8a2e34b7180f153c6d7c1a74d692720476c9a7f,7,SIMTWO_MODULE,8374,_SimKidInside,SYMBOL_ONLY_START,GAME,PROBABLE
538fed3f0fd60a6528a5e5b20990361ac4d274c58266a81e71c24f751612589d,9d27f4d0872e483ddbf460bda8a2e34b7180f153c6d7c1a74d692720476c9a7f,7,SIMTWO_MODULE,10410,_SimBird,SYMBOL_ONLY_START,GAME,PROBABLE
538fed3f0fd60a6528a5e5b20990361ac4d274c58266a81e71c24f751612589d,9d27f4d0872e483ddbf460bda8a2e34b7180f153c6d7c1a74d692720476c9a7f,7,SIMTWO_MODULE,11044,_SimCat,SYMBOL_ONLY_START,GAME,PROBABLE
538fed3f0fd60a6528a5e5b20990361ac4d274c58266a81e71c24f751612589d,9d27f4d0872e483ddbf460bda8a2e34b7180f153c6d7c1a74d692720476c9a7f,7,SIMTWO_MODULE,11708,_SimDog,SYMBOL_ONLY_START,GAME,PROBABLE
538fed3f0fd60a6528a5e5b20990361ac4d274c58266a81e71c24f751612589d,9d27f4d0872e483ddbf460bda8a2e34b7180f153c6d7c1a74d692720476c9a7f,7,SIMTWO_MODULE,12654,_FollowBoyDir,SYMBOL_ONLY_START,GAME,PROBABLE
538fed3f0fd60a6528a5e5b20990361ac4d274c58266a81e71c24f751612589d,9d27f4d0872e483ddbf460bda8a2e34b7180f153c6d7c1a74d692720476c9a7f,7,SIMTWO_MODULE,12966,_FollowCatDir,SYMBOL_ONLY_START,GAME,PROBABLE
538fed3f0fd60a6528a5e5b20990361ac4d274c58266a81e71c24f751612589d,9d27f4d0872e483ddbf460bda8a2e34b7180f153c6d7c1a74d692720476c9a7f,7,SIMTWO_MODULE,13034,_MakeBark,SYMBOL_ONLY_START,GAME,PROBABLE
538fed3f0fd60a6528a5e5b20990361ac4d274c58266a81e71c24f751612589d,9d27f4d0872e483ddbf460bda8a2e34b7180f153c6d7c1a74d692720476c9a7f,7,SIMTWO_MODULE,13190,_FootFall,SYMBOL_ONLY_START,GAME,PROBABLE
538fed3f0fd60a6528a5e5b20990361ac4d274c58266a81e71c24f751612589d,9d27f4d0872e483ddbf460bda8a2e34b7180f153c6d7c1a74d692720476c9a7f,7,SIMTWO_MODULE,13530,_MowerFall,SYMBOL_ONLY_START,GAME,PROBABLE
538fed3f0fd60a6528a5e5b20990361ac4d274c58266a81e71c24f751612589d,9d27f4d0872e483ddbf460bda8a2e34b7180f153c6d7c1a74d692720476c9a7f,7,SIMTWO_MODULE,13696,_MaintainSwarm,SYMBOL_ONLY_START,GAME,PROBABLE
538fed3f0fd60a6528a5e5b20990361ac4d274c58266a81e71c24f751612589d,9d27f4d0872e483ddbf460bda8a2e34b7180f153c6d7c1a74d692720476c9a7f,7,SIMTWO_MODULE,13816,_SimColonies,SYMBOL_ONLY_START,GAME,PROBABLE
538fed3f0fd60a6528a5e5b20990361ac4d274c58266a81e71c24f751612589d,9d27f4d0872e483ddbf460bda8a2e34b7180f153c6d7c1a74d692720476c9a7f,7,SIMTWO_MODULE,15588,_GetNearbyPatches,SYMBOL_ONLY_START,GAME,PROBABLE
538fed3f0fd60a6528a5e5b20990361ac4d274c58266a81e71c24f751612589d,9d27f4d0872e483ddbf460bda8a2e34b7180f153c6d7c1a74d692720476c9a7f,7,SIMTWO_MODULE,15692,_Reproduce,SYMBOL_ONLY_START,GAME,PROBABLE
538fed3f0fd60a6528a5e5b20990361ac4d274c58266a81e71c24f751612589d,9d27f4d0872e483ddbf460bda8a2e34b7180f153c6d7c1a74d692720476c9a7f,7,SIMTWO_MODULE,15858,_StartMigrate,SYMBOL_ONLY_START,GAME,PROBABLE
538fed3f0fd60a6528a5e5b20990361ac4d274c58266a81e71c24f751612589d,9d27f4d0872e483ddbf460bda8a2e34b7180f153c6d7c1a74d692720476c9a7f,7,SIMTWO_MODULE,15980,_EndMigrate,SYMBOL_ONLY_START,GAME,PROBABLE
538fed3f0fd60a6528a5e5b20990361ac4d274c58266a81e71c24f751612589d,9d27f4d0872e483ddbf460bda8a2e34b7180f153c6d7c1a74d692720476c9a7f,7,SIMTWO_MODULE,16120,_InitSow,SYMBOL_ONLY_START,GAME,PROBABLE
538fed3f0fd60a6528a5e5b20990361ac4d274c58266a81e71c24f751612589d,9d27f4d0872e483ddbf460bda8a2e34b7180f153c6d7c1a74d692720476c9a7f,7,SIMTWO_MODULE,16266,_DoSow,SYMBOL_ONLY_START,GAME,PROBABLE
538fed3f0fd60a6528a5e5b20990361ac4d274c58266a81e71c24f751612589d,9d27f4d0872e483ddbf460bda8a2e34b7180f153c6d7c1a74d692720476c9a7f,7,SIMTWO_MODULE,16582,_InitAntLions,SYMBOL_ONLY_START,GAME,PROBABLE
538fed3f0fd60a6528a5e5b20990361ac4d274c58266a81e71c24f751612589d,9d27f4d0872e483ddbf460bda8a2e34b7180f153c6d7c1a74d692720476c9a7f,7,SIMTWO_MODULE,16930,_AddRandAntLion,SYMBOL_ONLY_START,GAME,PROBABLE
538fed3f0fd60a6528a5e5b20990361ac4d274c58266a81e71c24f751612589d,9d27f4d0872e483ddbf460bda8a2e34b7180f153c6d7c1a74d692720476c9a7f,7,SIMTWO_MODULE,17216,_AddAntLion,SYMBOL_ONLY_START,GAME,PROBABLE
538fed3f0fd60a6528a5e5b20990361ac4d274c58266a81e71c24f751612589d,9d27f4d0872e483ddbf460bda8a2e34b7180f153c6d7c1a74d692720476c9a7f,7,SIMTWO_MODULE,17402,_DoAntLions,SYMBOL_ONLY_START,GAME,PROBABLE
538fed3f0fd60a6528a5e5b20990361ac4d274c58266a81e71c24f751612589d,9d27f4d0872e483ddbf460bda8a2e34b7180f153c6d7c1a74d692720476c9a7f,7,SIMTWO_MODULE,19160,_SetAntLion,SYMBOL_ONLY_START,GAME,PROBABLE
538fed3f0fd60a6528a5e5b20990361ac4d274c58266a81e71c24f751612589d,9d27f4d0872e483ddbf460bda8a2e34b7180f153c6d7c1a74d692720476c9a7f,7,SIMTWO_MODULE,19218,_FindInLionList,SYMBOL_ONLY_START,GAME,PROBABLE
538fed3f0fd60a6528a5e5b20990361ac4d274c58266a81e71c24f751612589d,9d27f4d0872e483ddbf460bda8a2e34b7180f153c6d7c1a74d692720476c9a7f,7,SIMTWO_MODULE,19288,_KillAntLion,SYMBOL_ONLY_START,GAME,PROBABLE
538fed3f0fd60a6528a5e5b20990361ac4d274c58266a81e71c24f751612589d,9d27f4d0872e483ddbf460bda8a2e34b7180f153c6d7c1a74d692720476c9a7f,7,SIMTWO_MODULE,19448,_InitPillar,SYMBOL_ONLY_START,GAME,PROBABLE
538fed3f0fd60a6528a5e5b20990361ac4d274c58266a81e71c24f751612589d,9d27f4d0872e483ddbf460bda8a2e34b7180f153c6d7c1a74d692720476c9a7f,7,SIMTWO_MODULE,19676,_DoPillar,SYMBOL_ONLY_START,GAME,PROBABLE
538fed3f0fd60a6528a5e5b20990361ac4d274c58266a81e71c24f751612589d,9d27f4d0872e483ddbf460bda8a2e34b7180f153c6d7c1a74d692720476c9a7f,7,SIMTWO_MODULE,21252,_StorePillarMap,SYMBOL_ONLY_START,GAME,PROBABLE
538fed3f0fd60a6528a5e5b20990361ac4d274c58266a81e71c24f751612589d,9d27f4d0872e483ddbf460bda8a2e34b7180f153c6d7c1a74d692720476c9a7f,7,SIMTWO_MODULE,21362,_ReplacePillarMap,SYMBOL_ONLY_START,GAME,PROBABLE
538fed3f0fd60a6528a5e5b20990361ac4d274c58266a81e71c24f751612589d,9d27f4d0872e483ddbf460bda8a2e34b7180f153c6d7c1a74d692720476c9a7f,7,SIMTWO_MODULE,21466,_MakeAPill,SYMBOL_ONLY_START,GAME,PROBABLE
538fed3f0fd60a6528a5e5b20990361ac4d274c58266a81e71c24f751612589d,9d27f4d0872e483ddbf460bda8a2e34b7180f153c6d7c1a74d692720476c9a7f,7,SIMTWO_MODULE,22234,_PlacePillTile,SYMBOL_ONLY_START,GAME,PROBABLE
538fed3f0fd60a6528a5e5b20990361ac4d274c58266a81e71c24f751612589d,9d27f4d0872e483ddbf460bda8a2e34b7180f153c6d7c1a74d692720476c9a7f,7,SIMTWO_MODULE,22274,_PillGetLife,SYMBOL_ONLY_START,GAME,PROBABLE
538fed3f0fd60a6528a5e5b20990361ac4d274c58266a81e71c24f751612589d,9d27f4d0872e483ddbf460bda8a2e34b7180f153c6d7c1a74d692720476c9a7f,7,SIMTWO_MODULE,22314,_IsPillDead,SYMBOL_ONLY_START,GAME,PROBABLE
538fed3f0fd60a6528a5e5b20990361ac4d274c58266a81e71c24f751612589d,9d27f4d0872e483ddbf460bda8a2e34b7180f153c6d7c1a74d692720476c9a7f,7,SIMTWO_MODULE,22482,_MakePillFood,SYMBOL_ONLY_START,GAME,PROBABLE
538fed3f0fd60a6528a5e5b20990361ac4d274c58266a81e71c24f751612589d,9d27f4d0872e483ddbf460bda8a2e34b7180f153c6d7c1a74d692720476c9a7f,7,SIMTWO_MODULE,23042,_PillFoodTile,SYMBOL_ONLY_START,GAME,PROBABLE
538fed3f0fd60a6528a5e5b20990361ac4d274c58266a81e71c24f751612589d,9d27f4d0872e483ddbf460bda8a2e34b7180f153c6d7c1a74d692720476c9a7f,7,SIMTWO_MODULE,23152,_InitSimVars,SYMBOL_ONLY_START,GAME,PROBABLE
538fed3f0fd60a6528a5e5b20990361ac4d274c58266a81e71c24f751612589d,9d27f4d0872e483ddbf460bda8a2e34b7180f153c6d7c1a74d692720476c9a7f,7,SIMTWO_MODULE,23216,_RandWorld,SYMBOL_ONLY_START,GAME,PROBABLE
538fed3f0fd60a6528a5e5b20990361ac4d274c58266a81e71c24f751612589d,9d27f4d0872e483ddbf460bda8a2e34b7180f153c6d7c1a74d692720476c9a7f,7,SIMTWO_MODULE,24710,_RandYard,SYMBOL_ONLY_START,GAME,PROBABLE
538fed3f0fd60a6528a5e5b20990361ac4d274c58266a81e71c24f751612589d,9d27f4d0872e483ddbf460bda8a2e34b7180f153c6d7c1a74d692720476c9a7f,7,SIMTWO_MODULE,25186,_GenerateTutorial,SYMBOL_ONLY_START,GAME,PROBABLE
538fed3f0fd60a6528a5e5b20990361ac4d274c58266a81e71c24f751612589d,9d27f4d0872e483ddbf460bda8a2e34b7180f153c6d7c1a74d692720476c9a7f,7,SIMTWO_MODULE,25310,_DigOutBNest,SYMBOL_ONLY_START,GAME,PROBABLE
538fed3f0fd60a6528a5e5b20990361ac4d274c58266a81e71c24f751612589d,9d27f4d0872e483ddbf460bda8a2e34b7180f153c6d7c1a74d692720476c9a7f,7,SIMTWO_MODULE,25528,_DigOutRNest,SYMBOL_ONLY_START,GAME,PROBABLE
538fed3f0fd60a6528a5e5b20990361ac4d274c58266a81e71c24f751612589d,9d27f4d0872e483ddbf460bda8a2e34b7180f153c6d7c1a74d692720476c9a7f,7,SIMTWO_MODULE,25746,_InitYelloAnt,SYMBOL_ONLY_START,GAME,PROBABLE
538fed3f0fd60a6528a5e5b20990361ac4d274c58266a81e71c24f751612589d,9d27f4d0872e483ddbf460bda8a2e34b7180f153c6d7c1a74d692720476c9a7f,7,SIMTWO_MODULE,26062,_PlaceBlackQueen,SYMBOL_ONLY_START,GAME,PROBABLE
538fed3f0fd60a6528a5e5b20990361ac4d274c58266a81e71c24f751612589d,9d27f4d0872e483ddbf460bda8a2e34b7180f153c6d7c1a74d692720476c9a7f,7,SIMTWO_MODULE,26394,_MakeBlkQueen,SYMBOL_ONLY_START,GAME,PROBABLE
538fed3f0fd60a6528a5e5b20990361ac4d274c58266a81e71c24f751612589d,9d27f4d0872e483ddbf460bda8a2e34b7180f153c6d7c1a74d692720476c9a7f,7,SIMTWO_MODULE,26586,_PlaceRedQueen,SYMBOL_ONLY_START,GAME,PROBABLE
538fed3f0fd60a6528a5e5b20990361ac4d274c58266a81e71c24f751612589d,9d27f4d0872e483ddbf460bda8a2e34b7180f153c6d7c1a74d692720476c9a7f,7,SIMTWO_MODULE,26886,_MakeRedQueen,SYMBOL_ONLY_START,GAME,PROBABLE
538fed3f0fd60a6528a5e5b20990361ac4d274c58266a81e71c24f751612589d,9d27f4d0872e483ddbf460bda8a2e34b7180f153c6d7c1a74d692720476c9a7f,7,SIMTWO_MODULE,27080,_fracSIN,SYMBOL_ONLY_START,GAME,PROBABLE
538fed3f0fd60a6528a5e5b20990361ac4d274c58266a81e71c24f751612589d,9d27f4d0872e483ddbf460bda8a2e34b7180f153c6d7c1a74d692720476c9a7f,7,SIMTWO_MODULE,27150,_fracCOS,SYMBOL_ONLY_START,GAME,PROBABLE
538fed3f0fd60a6528a5e5b20990361ac4d274c58266a81e71c24f751612589d,9d27f4d0872e483ddbf460bda8a2e34b7180f153c6d7c1a74d692720476c9a7f,7,SIMTWO_MODULE,27224,_AddFood,SYMBOL_ONLY_START,GAME,PROBABLE
538fed3f0fd60a6528a5e5b20990361ac4d274c58266a81e71c24f751612589d,9d27f4d0872e483ddbf460bda8a2e34b7180f153c6d7c1a74d692720476c9a7f,7,SIMTWO_MODULE,27738,_AddBlackAnts,SYMBOL_ONLY_START,GAME,PROBABLE
538fed3f0fd60a6528a5e5b20990361ac4d274c58266a81e71c24f751612589d,9d27f4d0872e483ddbf460bda8a2e34b7180f153c6d7c1a74d692720476c9a7f,7,SIMTWO_MODULE,27902,_AddRedAnts,SYMBOL_ONLY_START,GAME,PROBABLE
538fed3f0fd60a6528a5e5b20990361ac4d274c58266a81e71c24f751612589d,9d27f4d0872e483ddbf460bda8a2e34b7180f153c6d7c1a74d692720476c9a7f,7,SIMTWO_MODULE,28076,_GrabMap,SYMBOL_ONLY_START,GAME,PROBABLE
538fed3f0fd60a6528a5e5b20990361ac4d274c58266a81e71c24f751612589d,9d27f4d0872e483ddbf460bda8a2e34b7180f153c6d7c1a74d692720476c9a7f,7,SIMTWO_MODULE,28140,_ClrArrays,SYMBOL_ONLY_START,GAME,PROBABLE
538fed3f0fd60a6528a5e5b20990361ac4d274c58266a81e71c24f751612589d,9d27f4d0872e483ddbf460bda8a2e34b7180f153c6d7c1a74d692720476c9a7f,7,SIMTWO_MODULE,28414,_goStepRight,SYMBOL_ONLY_START,GAME,PROBABLE
538fed3f0fd60a6528a5e5b20990361ac4d274c58266a81e71c24f751612589d,9d27f4d0872e483ddbf460bda8a2e34b7180f153c6d7c1a74d692720476c9a7f,7,SIMTWO_MODULE,28596,_goStepLeft,SYMBOL_ONLY_START,GAME,PROBABLE
538fed3f0fd60a6528a5e5b20990361ac4d274c58266a81e71c24f751612589d,9d27f4d0872e483ddbf460bda8a2e34b7180f153c6d7c1a74d692720476c9a7f,7,SIMTWO_MODULE,28760,_goStepDown,SYMBOL_ONLY_START,GAME,PROBABLE
538fed3f0fd60a6528a5e5b20990361ac4d274c58266a81e71c24f751612589d,9d27f4d0872e483ddbf460bda8a2e34b7180f153c6d7c1a74d692720476c9a7f,7,SIMTWO_MODULE,28942,_goStepUp,SYMBOL_ONLY_START,GAME,PROBABLE
538fed3f0fd60a6528a5e5b20990361ac4d274c58266a81e71c24f751612589d,9d27f4d0872e483ddbf460bda8a2e34b7180f153c6d7c1a74d692720476c9a7f,7,SIMTWO_MODULE,29106,_goStepNE,SYMBOL_ONLY_START,GAME,PROBABLE
538fed3f0fd60a6528a5e5b20990361ac4d274c58266a81e71c24f751612589d,9d27f4d0872e483ddbf460bda8a2e34b7180f153c6d7c1a74d692720476c9a7f,7,SIMTWO_MODULE,29406,_goStepSE,SYMBOL_ONLY_START,GAME,PROBABLE
538fed3f0fd60a6528a5e5b20990361ac4d274c58266a81e71c24f751612589d,9d27f4d0872e483ddbf460bda8a2e34b7180f153c6d7c1a74d692720476c9a7f,7,SIMTWO_MODULE,29724,_goStepSW,SYMBOL_ONLY_START,GAME,PROBABLE
538fed3f0fd60a6528a5e5b20990361ac4d274c58266a81e71c24f751612589d,9d27f4d0872e483ddbf460bda8a2e34b7180f153c6d7c1a74d692720476c9a7f,7,SIMTWO_MODULE,30030,_goStepNW,SYMBOL_ONLY_START,GAME,PROBABLE
538fed3f0fd60a6528a5e5b20990361ac4d274c58266a81e71c24f751612589d,9d27f4d0872e483ddbf460bda8a2e34b7180f153c6d7c1a74d692720476c9a7f,7,SIMTWO_MODULE,30326,_FinishDiagStep,SYMBOL_ONLY_START,GAME,PROBABLE
538fed3f0fd60a6528a5e5b20990361ac4d274c58266a81e71c24f751612589d,9d27f4d0872e483ddbf460bda8a2e34b7180f153c6d7c1a74d692720476c9a7f,7,SIMTWO_MODULE,30542,_FinishHorzStep,SYMBOL_ONLY_START,GAME,PROBABLE
538fed3f0fd60a6528a5e5b20990361ac4d274c58266a81e71c24f751612589d,9d27f4d0872e483ddbf460bda8a2e34b7180f153c6d7c1a74d692720476c9a7f,7,SIMTWO_MODULE,30662,_FinishVertStep,SYMBOL_ONLY_START,GAME,PROBABLE
538fed3f0fd60a6528a5e5b20990361ac4d274c58266a81e71c24f751612589d,9d27f4d0872e483ddbf460bda8a2e34b7180f153c6d7c1a74d692720476c9a7f,7,SIMTWO_MODULE,30782,_BlockMove,SYMBOL_ONLY_START,GAME,PROBABLE
538fed3f0fd60a6528a5e5b20990361ac4d274c58266a81e71c24f751612589d,9d27f4d0872e483ddbf460bda8a2e34b7180f153c6d7c1a74d692720476c9a7f,7,SIMTWO_MODULE,30816,_FlipHandleWords,SYMBOL_ONLY_START,GAME,PROBABLE
538fed3f0fd60a6528a5e5b20990361ac4d274c58266a81e71c24f751612589d,9d27f4d0872e483ddbf460bda8a2e34b7180f153c6d7c1a74d692720476c9a7f,7,SIMTWO_MODULE,30898,_OverlayOutsideTiles,SYMBOL_ONLY_START,GAME,PROBABLE
538fed3f0fd60a6528a5e5b20990361ac4d274c58266a81e71c24f751612589d,9d27f4d0872e483ddbf460bda8a2e34b7180f153c6d7c1a74d692720476c9a7f,7,SIMTWO_MODULE,30910,_OverlayInsideTiles,SYMBOL_ONLY_START,GAME,PROBABLE
538fed3f0fd60a6528a5e5b20990361ac4d274c58266a81e71c24f751612589d,9d27f4d0872e483ddbf460bda8a2e34b7180f153c6d7c1a74d692720476c9a7f,7,SIMTWO_MODULE,30922,_Feedback,SYMBOL_ONLY_START,GAME,PROBABLE
538fed3f0fd60a6528a5e5b20990361ac4d274c58266a81e71c24f751612589d,9d27f4d0872e483ddbf460bda8a2e34b7180f153c6d7c1a74d692720476c9a7f,7,SIMTWO_MODULE,31376,_RunTutor,SYMBOL_ONLY_START,GAME,PROBABLE
538fed3f0fd60a6528a5e5b20990361ac4d274c58266a81e71c24f751612589d,9d27f4d0872e483ddbf460bda8a2e34b7180f153c6d7c1a74d692720476c9a7f,7,SIMTWO_MODULE,31566,_GiveLesson,SYMBOL_ONLY_START,GAME,PROBABLE
538fed3f0fd60a6528a5e5b20990361ac4d274c58266a81e71c24f751612589d,9d27f4d0872e483ddbf460bda8a2e34b7180f153c6d7c1a74d692720476c9a7f,7,SIMTWO_MODULE,32514,_LessonDone,SYMBOL_ONLY_START,GAME,PROBABLE
538fed3f0fd60a6528a5e5b20990361ac4d274c58266a81e71c24f751612589d,9d27f4d0872e483ddbf460bda8a2e34b7180f153c6d7c1a74d692720476c9a7f,7,SIMTWO_MODULE,33142,_db_Exists,SYMBOL_ONLY_START,GAME,PROBABLE
538fed3f0fd60a6528a5e5b20990361ac4d274c58266a81e71c24f751612589d,9d27f4d0872e483ddbf460bda8a2e34b7180f153c6d7c1a74d692720476c9a7f,7,SIMTWO_MODULE,33196,_db_SetDataBase,SYMBOL_ONLY_START,GAME,PROBABLE
538fed3f0fd60a6528a5e5b20990361ac4d274c58266a81e71c24f751612589d,9d27f4d0872e483ddbf460bda8a2e34b7180f153c6d7c1a74d692720476c9a7f,7,SIMTWO_MODULE,33342,_db_GetObjectSize,SYMBOL_ONLY_START,GAME,PROBABLE
538fed3f0fd60a6528a5e5b20990361ac4d274c58266a81e71c24f751612589d,9d27f4d0872e483ddbf460bda8a2e34b7180f153c6d7c1a74d692720476c9a7f,7,SIMTWO_MODULE,33426,_db_LoadObject,SYMBOL_ONLY_START,GAME,PROBABLE
538fed3f0fd60a6528a5e5b20990361ac4d274c58266a81e71c24f751612589d,9d27f4d0872e483ddbf460bda8a2e34b7180f153c6d7c1a74d692720476c9a7f,7,SIMTWO_MODULE,33614,_db_PurgeObject,SYMBOL_ONLY_START,GAME,PROBABLE
538fed3f0fd60a6528a5e5b20990361ac4d274c58266a81e71c24f751612589d,9d27f4d0872e483ddbf460bda8a2e34b7180f153c6d7c1a74d692720476c9a7f,7,SIMTWO_MODULE,33714,_db_PurgeHandle,SYMBOL_ONLY_START,GAME,PROBABLE
538fed3f0fd60a6528a5e5b20990361ac4d274c58266a81e71c24f751612589d,9d27f4d0872e483ddbf460bda8a2e34b7180f153c6d7c1a74d692720476c9a7f,7,SIMTWO_MODULE,33814,_db_ReleaseHandle,SYMBOL_ONLY_START,GAME,PROBABLE
538fed3f0fd60a6528a5e5b20990361ac4d274c58266a81e71c24f751612589d,9d27f4d0872e483ddbf460bda8a2e34b7180f153c6d7c1a74d692720476c9a7f,7,SIMTWO_MODULE,33830,_db_ReleaseObject,SYMBOL_ONLY_START,GAME,PROBABLE
538fed3f0fd60a6528a5e5b20990361ac4d274c58266a81e71c24f751612589d,9d27f4d0872e483ddbf460bda8a2e34b7180f153c6d7c1a74d692720476c9a7f,7,SIMTWO_MODULE,33918,_db_UnhookObject,SYMBOL_ONLY_START,GAME,PROBABLE
538fed3f0fd60a6528a5e5b20990361ac4d274c58266a81e71c24f751612589d,9d27f4d0872e483ddbf460bda8a2e34b7180f153c6d7c1a74d692720476c9a7f,7,SIMTWO_MODULE,33956,_db_CloseDataBase,SYMBOL_ONLY_START,GAME,PROBABLE
538fed3f0fd60a6528a5e5b20990361ac4d274c58266a81e71c24f751612589d,9d27f4d0872e483ddbf460bda8a2e34b7180f153c6d7c1a74d692720476c9a7f,7,SIMTWO_MODULE,34016,_db_ReplaceObject,SYMBOL_ONLY_START,GAME,PROBABLE
538fed3f0fd60a6528a5e5b20990361ac4d274c58266a81e71c24f751612589d,9d27f4d0872e483ddbf460bda8a2e34b7180f153c6d7c1a74d692720476c9a7f,7,SIMTWO_MODULE,34114,_db_SaveObject,SYMBOL_ONLY_START,GAME,PROBABLE
538fed3f0fd60a6528a5e5b20990361ac4d274c58266a81e71c24f751612589d,9d27f4d0872e483ddbf460bda8a2e34b7180f153c6d7c1a74d692720476c9a7f,7,SIMTWO_MODULE,34186,_DBAdd,SYMBOL_ONLY_START,GAME,PROBABLE
538fed3f0fd60a6528a5e5b20990361ac4d274c58266a81e71c24f751612589d,9d27f4d0872e483ddbf460bda8a2e34b7180f153c6d7c1a74d692720476c9a7f,7,SIMTWO_MODULE,34514,_DBRecall,SYMBOL_ONLY_START,GAME,PROBABLE
538fed3f0fd60a6528a5e5b20990361ac4d274c58266a81e71c24f751612589d,9d27f4d0872e483ddbf460bda8a2e34b7180f153c6d7c1a74d692720476c9a7f,7,SIMTWO_MODULE,34952,_DBDelete,SYMBOL_ONLY_START,GAME,PROBABLE
538fed3f0fd60a6528a5e5b20990361ac4d274c58266a81e71c24f751612589d,9d27f4d0872e483ddbf460bda8a2e34b7180f153c6d7c1a74d692720476c9a7f,7,SIMTWO_MODULE,35106,_DBPack,SYMBOL_ONLY_START,GAME,PROBABLE
538fed3f0fd60a6528a5e5b20990361ac4d274c58266a81e71c24f751612589d,9d27f4d0872e483ddbf460bda8a2e34b7180f153c6d7c1a74d692720476c9a7f,7,SIMTWO_MODULE,35654,_DBReplace,SYMBOL_ONLY_START,GAME,PROBABLE
538fed3f0fd60a6528a5e5b20990361ac4d274c58266a81e71c24f751612589d,9d27f4d0872e483ddbf460bda8a2e34b7180f153c6d7c1a74d692720476c9a7f,7,SIMTWO_MODULE,35824,_OpenDB,SYMBOL_ONLY_START,GAME,PROBABLE
538fed3f0fd60a6528a5e5b20990361ac4d274c58266a81e71c24f751612589d,9d27f4d0872e483ddbf460bda8a2e34b7180f153c6d7c1a74d692720476c9a7f,7,SIMTWO_MODULE,36342,_FlushDB,SYMBOL_ONLY_START,GAME,PROBABLE
538fed3f0fd60a6528a5e5b20990361ac4d274c58266a81e71c24f751612589d,9d27f4d0872e483ddbf460bda8a2e34b7180f153c6d7c1a74d692720476c9a7f,7,SIMTWO_MODULE,36344,_CloseDB,SYMBOL_ONLY_START,GAME,PROBABLE
538fed3f0fd60a6528a5e5b20990361ac4d274c58266a81e71c24f751612589d,9d27f4d0872e483ddbf460bda8a2e34b7180f153c6d7c1a74d692720476c9a7f,7,SIMTWO_MODULE,36440,_CopyRootName,SYMBOL_ONLY_START,GAME,PROBABLE
538fed3f0fd60a6528a5e5b20990361ac4d274c58266a81e71c24f751612589d,9d27f4d0872e483ddbf460bda8a2e34b7180f153c6d7c1a74d692720476c9a7f,7,SIMTWO_MODULE,36548,_GetFreeHandle,SYMBOL_ONLY_START,GAME,PROBABLE
538fed3f0fd60a6528a5e5b20990361ac4d274c58266a81e71c24f751612589d,9d27f4d0872e483ddbf460bda8a2e34b7180f153c6d7c1a74d692720476c9a7f,7,SIMTWO_MODULE,36620,_DosPunt,SYMBOL_ONLY_START,GAME,PROBABLE
538fed3f0fd60a6528a5e5b20990361ac4d274c58266a81e71c24f751612589d,9d27f4d0872e483ddbf460bda8a2e34b7180f153c6d7c1a74d692720476c9a7f,7,SIMTWO_MODULE,36678,_ch_CreateTable,SYMBOL_ONLY_START,GAME,PROBABLE
538fed3f0fd60a6528a5e5b20990361ac4d274c58266a81e71c24f751612589d,9d27f4d0872e483ddbf460bda8a2e34b7180f153c6d7c1a74d692720476c9a7f,7,SIMTWO_MODULE,36944,_ch_RemoveEntry,SYMBOL_ONLY_START,GAME,PROBABLE
538fed3f0fd60a6528a5e5b20990361ac4d274c58266a81e71c24f751612589d,9d27f4d0872e483ddbf460bda8a2e34b7180f153c6d7c1a74d692720476c9a7f,7,SIMTWO_MODULE,37058,_ch_PurgeCache,SYMBOL_ONLY_START,GAME,PROBABLE
538fed3f0fd60a6528a5e5b20990361ac4d274c58266a81e71c24f751612589d,9d27f4d0872e483ddbf460bda8a2e34b7180f153c6d7c1a74d692720476c9a7f,7,SIMTWO_MODULE,37186,_ch_LookUpHandle,SYMBOL_ONLY_START,GAME,PROBABLE
538fed3f0fd60a6528a5e5b20990361ac4d274c58266a81e71c24f751612589d,9d27f4d0872e483ddbf460bda8a2e34b7180f153c6d7c1a74d692720476c9a7f,7,SIMTWO_MODULE,37350,_ch_LookUpId,SYMBOL_ONLY_START,GAME,PROBABLE
538fed3f0fd60a6528a5e5b20990361ac4d274c58266a81e71c24f751612589d,9d27f4d0872e483ddbf460bda8a2e34b7180f153c6d7c1a74d692720476c9a7f,7,SIMTWO_MODULE,38000,_ch_AddEntry,SYMBOL_ONLY_START,GAME,PROBABLE
538fed3f0fd60a6528a5e5b20990361ac4d274c58266a81e71c24f751612589d,9d27f4d0872e483ddbf460bda8a2e34b7180f153c6d7c1a74d692720476c9a7f,7,SIMTWO_MODULE,38706,_ch_DeleteEntry,SYMBOL_ONLY_START,GAME,PROBABLE
538fed3f0fd60a6528a5e5b20990361ac4d274c58266a81e71c24f751612589d,9d27f4d0872e483ddbf460bda8a2e34b7180f153c6d7c1a74d692720476c9a7f,7,SIMTWO_MODULE,38820,_ch_CleanupTable,SYMBOL_ONLY_START,GAME,PROBABLE
538fed3f0fd60a6528a5e5b20990361ac4d274c58266a81e71c24f751612589d,9d27f4d0872e483ddbf460bda8a2e34b7180f153c6d7c1a74d692720476c9a7f,7,SIMTWO_MODULE,39046,_ch_DumpOldest,SYMBOL_ONLY_START,GAME,PROBABLE
538fed3f0fd60a6528a5e5b20990361ac4d274c58266a81e71c24f751612589d,9d27f4d0872e483ddbf460bda8a2e34b7180f153c6d7c1a74d692720476c9a7f,7,SIMTWO_MODULE,39366,_ch_GetPrime,SYMBOL_ONLY_START,GAME,PROBABLE
538fed3f0fd60a6528a5e5b20990361ac4d274c58266a81e71c24f751612589d,9d27f4d0872e483ddbf460bda8a2e34b7180f153c6d7c1a74d692720476c9a7f,7,SIMTWO_MODULE,39526,_ch_SetCacheHooks,SYMBOL_ONLY_START,GAME,PROBABLE
538fed3f0fd60a6528a5e5b20990361ac4d274c58266a81e71c24f751612589d,9d27f4d0872e483ddbf460bda8a2e34b7180f153c6d7c1a74d692720476c9a7f,7,SIMTWO_MODULE,39558,_OpenIndex,SYMBOL_ONLY_START,GAME,PROBABLE
538fed3f0fd60a6528a5e5b20990361ac4d274c58266a81e71c24f751612589d,9d27f4d0872e483ddbf460bda8a2e34b7180f153c6d7c1a74d692720476c9a7f,7,SIMTWO_MODULE,39752,_CreateIndex,SYMBOL_ONLY_START,GAME,PROBABLE
538fed3f0fd60a6528a5e5b20990361ac4d274c58266a81e71c24f751612589d,9d27f4d0872e483ddbf460bda8a2e34b7180f153c6d7c1a74d692720476c9a7f,7,SIMTWO_MODULE,40004,_CloseIndex,SYMBOL_ONLY_START,GAME,PROBABLE
538fed3f0fd60a6528a5e5b20990361ac4d274c58266a81e71c24f751612589d,9d27f4d0872e483ddbf460bda8a2e34b7180f153c6d7c1a74d692720476c9a7f,7,SIMTWO_MODULE,40228,_FindIndex,SYMBOL_ONLY_START,GAME,PROBABLE
538fed3f0fd60a6528a5e5b20990361ac4d274c58266a81e71c24f751612589d,9d27f4d0872e483ddbf460bda8a2e34b7180f153c6d7c1a74d692720476c9a7f,7,SIMTWO_MODULE,40466,_DeleteCurrentIndex,SYMBOL_ONLY_START,GAME,PROBABLE
538fed3f0fd60a6528a5e5b20990361ac4d274c58266a81e71c24f751612589d,9d27f4d0872e483ddbf460bda8a2e34b7180f153c6d7c1a74d692720476c9a7f,7,SIMTWO_MODULE,40726,_AddIndex,SYMBOL_ONLY_START,GAME,PROBABLE
538fed3f0fd60a6528a5e5b20990361ac4d274c58266a81e71c24f751612589d,9d27f4d0872e483ddbf460bda8a2e34b7180f153c6d7c1a74d692720476c9a7f,7,SIMTWO_MODULE,41078,_DeleteIndex,SYMBOL_ONLY_START,GAME,PROBABLE
538fed3f0fd60a6528a5e5b20990361ac4d274c58266a81e71c24f751612589d,9d27f4d0872e483ddbf460bda8a2e34b7180f153c6d7c1a74d692720476c9a7f,7,SIMTWO_MODULE,41473,_PackWriteByte,SYMBOL_ONLY_START,GAME,PROBABLE
538fed3f0fd60a6528a5e5b20990361ac4d274c58266a81e71c24f751612589d,9d27f4d0872e483ddbf460bda8a2e34b7180f153c6d7c1a74d692720476c9a7f,7,SIMTWO_MODULE,41578,_PackReadByte,SYMBOL_ONLY_START,GAME,PROBABLE
538fed3f0fd60a6528a5e5b20990361ac4d274c58266a81e71c24f751612589d,9d27f4d0872e483ddbf460bda8a2e34b7180f153c6d7c1a74d692720476c9a7f,7,SIMTWO_MODULE,41765,_PackFileToFile,SYMBOL_ONLY_START,GAME,PROBABLE
538fed3f0fd60a6528a5e5b20990361ac4d274c58266a81e71c24f751612589d,9d27f4d0872e483ddbf460bda8a2e34b7180f153c6d7c1a74d692720476c9a7f,7,SIMTWO_MODULE,41917,_PackMemoryToMemory,SYMBOL_ONLY_START,GAME,PROBABLE
538fed3f0fd60a6528a5e5b20990361ac4d274c58266a81e71c24f751612589d,9d27f4d0872e483ddbf460bda8a2e34b7180f153c6d7c1a74d692720476c9a7f,7,SIMTWO_MODULE,41995,_Encode,SYMBOL_ONLY_START,GAME,PROBABLE
538fed3f0fd60a6528a5e5b20990361ac4d274c58266a81e71c24f751612589d,9d27f4d0872e483ddbf460bda8a2e34b7180f153c6d7c1a74d692720476c9a7f,7,SIMTWO_MODULE,42538,_UnpackInit,SYMBOL_ONLY_START,GAME,PROBABLE
538fed3f0fd60a6528a5e5b20990361ac4d274c58266a81e71c24f751612589d,9d27f4d0872e483ddbf460bda8a2e34b7180f153c6d7c1a74d692720476c9a7f,7,SIMTWO_MODULE,42600,_Unpack,SYMBOL_ONLY_START,GAME,PROBABLE
538fed3f0fd60a6528a5e5b20990361ac4d274c58266a81e71c24f751612589d,9d27f4d0872e483ddbf460bda8a2e34b7180f153c6d7c1a74d692720476c9a7f,7,SIMTWO_MODULE,42906,_UnpackSetBuf,SYMBOL_ONLY_START,GAME,PROBABLE
538fed3f0fd60a6528a5e5b20990361ac4d274c58266a81e71c24f751612589d,9d27f4d0872e483ddbf460bda8a2e34b7180f153c6d7c1a74d692720476c9a7f,7,SIMTWO_MODULE,42928,_UnpackFileOpen,SYMBOL_ONLY_START,GAME,PROBABLE
538fed3f0fd60a6528a5e5b20990361ac4d274c58266a81e71c24f751612589d,9d27f4d0872e483ddbf460bda8a2e34b7180f153c6d7c1a74d692720476c9a7f,7,SIMTWO_MODULE,42985,_UnpackFileRead,SYMBOL_ONLY_START,GAME,PROBABLE
538fed3f0fd60a6528a5e5b20990361ac4d274c58266a81e71c24f751612589d,9d27f4d0872e483ddbf460bda8a2e34b7180f153c6d7c1a74d692720476c9a7f,7,SIMTWO_MODULE,43084,_UnpackFileClose,SYMBOL_ONLY_START,GAME,PROBABLE
538fed3f0fd60a6528a5e5b20990361ac4d274c58266a81e71c24f751612589d,9d27f4d0872e483ddbf460bda8a2e34b7180f153c6d7c1a74d692720476c9a7f,7,SIMTWO_MODULE,43096,_InitTree,SYMBOL_ONLY_START,GAME,PROBABLE
538fed3f0fd60a6528a5e5b20990361ac4d274c58266a81e71c24f751612589d,9d27f4d0872e483ddbf460bda8a2e34b7180f153c6d7c1a74d692720476c9a7f,7,SIMTWO_MODULE,43124,_InsertNode,SYMBOL_ONLY_START,GAME,PROBABLE
538fed3f0fd60a6528a5e5b20990361ac4d274c58266a81e71c24f751612589d,9d27f4d0872e483ddbf460bda8a2e34b7180f153c6d7c1a74d692720476c9a7f,7,SIMTWO_MODULE,43406,_DeleteNode,SYMBOL_ONLY_START,GAME,PROBABLE
538fed3f0fd60a6528a5e5b20990361ac4d274c58266a81e71c24f751612589d,9d27f4d0872e483ddbf460bda8a2e34b7180f153c6d7c1a74d692720476c9a7f,7,SIMTWO_MODULE,43596,_font_ReadFont,SYMBOL_ONLY_START,GAME,PROBABLE
538fed3f0fd60a6528a5e5b20990361ac4d274c58266a81e71c24f751612589d,9d27f4d0872e483ddbf460bda8a2e34b7180f153c6d7c1a74d692720476c9a7f,7,SIMTWO_MODULE,44106,_font_DumpFont,SYMBOL_ONLY_START,GAME,PROBABLE
538fed3f0fd60a6528a5e5b20990361ac4d274c58266a81e71c24f751612589d,9d27f4d0872e483ddbf460bda8a2e34b7180f153c6d7c1a74d692720476c9a7f,7,SIMTWO_MODULE,44230,__font_StringWidth,SYMBOL_ONLY_START,GAME,PROBABLE
538fed3f0fd60a6528a5e5b20990361ac4d274c58266a81e71c24f751612589d,9d27f4d0872e483ddbf460bda8a2e34b7180f153c6d7c1a74d692720476c9a7f,7,SIMTWO_MODULE,44380,__font_CharWidth,SYMBOL_ONLY_START,GAME,PROBABLE
538fed3f0fd60a6528a5e5b20990361ac4d274c58266a81e71c24f751612589d,9d27f4d0872e483ddbf460bda8a2e34b7180f153c6d7c1a74d692720476c9a7f,7,SIMTWO_MODULE,44480,__font_FontHeight,SYMBOL_ONLY_START,GAME,PROBABLE
538fed3f0fd60a6528a5e5b20990361ac4d274c58266a81e71c24f751612589d,9d27f4d0872e483ddbf460bda8a2e34b7180f153c6d7c1a74d692720476c9a7f,7,SIMTWO_MODULE,44494,__font_LineHeight,SYMBOL_ONLY_START,GAME,PROBABLE
538fed3f0fd60a6528a5e5b20990361ac4d274c58266a81e71c24f751612589d,9d27f4d0872e483ddbf460bda8a2e34b7180f153c6d7c1a74d692720476c9a7f,7,SIMTWO_MODULE,44512,_font_MakeImage,SYMBOL_ONLY_START,GAME,PROBABLE
538fed3f0fd60a6528a5e5b20990361ac4d274c58266a81e71c24f751612589d,9d27f4d0872e483ddbf460bda8a2e34b7180f153c6d7c1a74d692720476c9a7f,7,SIMTWO_MODULE,45107,_DrawChar,SYMBOL_ONLY_START,GAME,PROBABLE
538fed3f0fd60a6528a5e5b20990361ac4d274c58266a81e71c24f751612589d,9d27f4d0872e483ddbf460bda8a2e34b7180f153c6d7c1a74d692720476c9a7f,7,SIMTWO_MODULE,45295,_ClearBuffer,SYMBOL_ONLY_START,GAME,PROBABLE
538fed3f0fd60a6528a5e5b20990361ac4d274c58266a81e71c24f751612589d,9d27f4d0872e483ddbf460bda8a2e34b7180f153c6d7c1a74d692720476c9a7f,7,SIMTWO_MODULE,45328,_CopyMaskBitmap2,SYMBOL_ONLY_START,GAME,PROBABLE
538fed3f0fd60a6528a5e5b20990361ac4d274c58266a81e71c24f751612589d,9d27f4d0872e483ddbf460bda8a2e34b7180f153c6d7c1a74d692720476c9a7f,7,SIMTWO_MODULE,45824,_gr_JustifyStrInRect,SYMBOL_ONLY_START,GAME,PROBABLE
538fed3f0fd60a6528a5e5b20990361ac4d274c58266a81e71c24f751612589d,9d27f4d0872e483ddbf460bda8a2e34b7180f153c6d7c1a74d692720476c9a7f,7,SIMTWO_MODULE,46058,_win_SetColorNum,SYMBOL_ONLY_START,GAME,PROBABLE
538fed3f0fd60a6528a5e5b20990361ac4d274c58266a81e71c24f751612589d,9d27f4d0872e483ddbf460bda8a2e34b7180f153c6d7c1a74d692720476c9a7f,7,SIMTWO_MODULE,46146,_win_SetColorFromObj,SYMBOL_ONLY_START,GAME,PROBABLE
538fed3f0fd60a6528a5e5b20990361ac4d274c58266a81e71c24f751612589d,9d27f4d0872e483ddbf460bda8a2e34b7180f153c6d7c1a74d692720476c9a7f,7,SIMTWO_MODULE,46258,_win_SetColorFromObjNum,SYMBOL_ONLY_START,GAME,PROBABLE
538fed3f0fd60a6528a5e5b20990361ac4d274c58266a81e71c24f751612589d,9d27f4d0872e483ddbf460bda8a2e34b7180f153c6d7c1a74d692720476c9a7f,7,SIMTWO_MODULE,46410,_win_RectFill,SYMBOL_ONLY_START,GAME,PROBABLE
538fed3f0fd60a6528a5e5b20990361ac4d274c58266a81e71c24f751612589d,9d27f4d0872e483ddbf460bda8a2e34b7180f153c6d7c1a74d692720476c9a7f,7,SIMTWO_MODULE,46674,_win_FillObjRect,SYMBOL_ONLY_START,GAME,PROBABLE
538fed3f0fd60a6528a5e5b20990361ac4d274c58266a81e71c24f751612589d,9d27f4d0872e483ddbf460bda8a2e34b7180f153c6d7c1a74d692720476c9a7f,7,SIMTWO_MODULE,46710,_win_RectFillOutline,SYMBOL_ONLY_START,GAME,PROBABLE
538fed3f0fd60a6528a5e5b20990361ac4d274c58266a81e71c24f751612589d,9d27f4d0872e483ddbf460bda8a2e34b7180f153c6d7c1a74d692720476c9a7f,7,SIMTWO_MODULE,46750,_win_RectOutline,SYMBOL_ONLY_START,GAME,PROBABLE
538fed3f0fd60a6528a5e5b20990361ac4d274c58266a81e71c24f751612589d,9d27f4d0872e483ddbf460bda8a2e34b7180f153c6d7c1a74d692720476c9a7f,7,SIMTWO_MODULE,46770,_win_RectVOutline,SYMBOL_ONLY_START,GAME,PROBABLE
538fed3f0fd60a6528a5e5b20990361ac4d274c58266a81e71c24f751612589d,9d27f4d0872e483ddbf460bda8a2e34b7180f153c6d7c1a74d692720476c9a7f,7,SIMTWO_MODULE,46810,_win_RectHOutline,SYMBOL_ONLY_START,GAME,PROBABLE
538fed3f0fd60a6528a5e5b20990361ac4d274c58266a81e71c24f751612589d,9d27f4d0872e483ddbf460bda8a2e34b7180f153c6d7c1a74d692720476c9a7f,7,SIMTWO_MODULE,46850,_win_DrawButtonBorder,SYMBOL_ONLY_START,GAME,PROBABLE
538fed3f0fd60a6528a5e5b20990361ac4d274c58266a81e71c24f751612589d,9d27f4d0872e483ddbf460bda8a2e34b7180f153c6d7c1a74d692720476c9a7f,7,SIMTWO_MODULE,46864,_win_DrawObjectI,SYMBOL_ONLY_START,GAME,PROBABLE
538fed3f0fd60a6528a5e5b20990361ac4d274c58266a81e71c24f751612589d,9d27f4d0872e483ddbf460bda8a2e34b7180f153c6d7c1a74d692720476c9a7f,7,SIMTWO_MODULE,47940,_win_DrawObject,SYMBOL_ONLY_START,GAME,PROBABLE
538fed3f0fd60a6528a5e5b20990361ac4d274c58266a81e71c24f751612589d,9d27f4d0872e483ddbf460bda8a2e34b7180f153c6d7c1a74d692720476c9a7f,7,SIMTWO_MODULE,47972,_win_DrawObjectNum,SYMBOL_ONLY_START,GAME,PROBABLE
538fed3f0fd60a6528a5e5b20990361ac4d274c58266a81e71c24f751612589d,9d27f4d0872e483ddbf460bda8a2e34b7180f153c6d7c1a74d692720476c9a7f,7,SIMTWO_MODULE,48020,_win_DrawWinIcons,SYMBOL_ONLY_START,GAME,PROBABLE
538fed3f0fd60a6528a5e5b20990361ac4d274c58266a81e71c24f751612589d,9d27f4d0872e483ddbf460bda8a2e34b7180f153c6d7c1a74d692720476c9a7f,7,SIMTWO_MODULE,48022,_win_DrawWindow,SYMBOL_ONLY_START,GAME,PROBABLE
538fed3f0fd60a6528a5e5b20990361ac4d274c58266a81e71c24f751612589d,9d27f4d0872e483ddbf460bda8a2e34b7180f153c6d7c1a74d692720476c9a7f,7,SIMTWO_MODULE,48280,_win_DrawTitle,SYMBOL_ONLY_START,GAME,PROBABLE
538fed3f0fd60a6528a5e5b20990361ac4d274c58266a81e71c24f751612589d,9d27f4d0872e483ddbf460bda8a2e34b7180f153c6d7c1a74d692720476c9a7f,7,SIMTWO_MODULE,48474,_win_DrawBitMap,SYMBOL_ONLY_START,GAME,PROBABLE
538fed3f0fd60a6528a5e5b20990361ac4d274c58266a81e71c24f751612589d,9d27f4d0872e483ddbf460bda8a2e34b7180f153c6d7c1a74d692720476c9a7f,7,SIMTWO_MODULE,48688,_win_DrawBitMapAtObj,SYMBOL_ONLY_START,GAME,PROBABLE
538fed3f0fd60a6528a5e5b20990361ac4d274c58266a81e71c24f751612589d,9d27f4d0872e483ddbf460bda8a2e34b7180f153c6d7c1a74d692720476c9a7f,7,SIMTWO_MODULE,48752,_win_DrawBitMapAtObjNum,SYMBOL_ONLY_START,GAME,PROBABLE
538fed3f0fd60a6528a5e5b20990361ac4d274c58266a81e71c24f751612589d,9d27f4d0872e483ddbf460bda8a2e34b7180f153c6d7c1a74d692720476c9a7f,7,SIMTWO_MODULE,48850,_win_PrintTextInRect,SYMBOL_ONLY_START,GAME,PROBABLE
538fed3f0fd60a6528a5e5b20990361ac4d274c58266a81e71c24f751612589d,9d27f4d0872e483ddbf460bda8a2e34b7180f153c6d7c1a74d692720476c9a7f,7,SIMTWO_MODULE,49288,_win_PrintTextInObj,SYMBOL_ONLY_START,GAME,PROBABLE
538fed3f0fd60a6528a5e5b20990361ac4d274c58266a81e71c24f751612589d,9d27f4d0872e483ddbf460bda8a2e34b7180f153c6d7c1a74d692720476c9a7f,7,SIMTWO_MODULE,49330,_MyGetTopWindow,SYMBOL_ONLY_START,GAME,PROBABLE
538fed3f0fd60a6528a5e5b20990361ac4d274c58266a81e71c24f751612589d,9d27f4d0872e483ddbf460bda8a2e34b7180f153c6d7c1a74d692720476c9a7f,7,SIMTWO_MODULE,49410,_win_IsWinExposed,SYMBOL_ONLY_START,GAME,PROBABLE
538fed3f0fd60a6528a5e5b20990361ac4d274c58266a81e71c24f751612589d,9d27f4d0872e483ddbf460bda8a2e34b7180f153c6d7c1a74d692720476c9a7f,7,SIMTWO_MODULE,49566,_win_IsWinInFront,SYMBOL_ONLY_START,GAME,PROBABLE
538fed3f0fd60a6528a5e5b20990361ac4d274c58266a81e71c24f751612589d,9d27f4d0872e483ddbf460bda8a2e34b7180f153c6d7c1a74d692720476c9a7f,7,SIMTWO_MODULE,49674,_win_FlushEvents,SYMBOL_ONLY_START,GAME,PROBABLE
538fed3f0fd60a6528a5e5b20990361ac4d274c58266a81e71c24f751612589d,9d27f4d0872e483ddbf460bda8a2e34b7180f153c6d7c1a74d692720476c9a7f,7,SIMTWO_MODULE,49750,_win_IsWinOpen,SYMBOL_ONLY_START,GAME,PROBABLE
538fed3f0fd60a6528a5e5b20990361ac4d274c58266a81e71c24f751612589d,9d27f4d0872e483ddbf460bda8a2e34b7180f153c6d7c1a74d692720476c9a7f,7,SIMTWO_MODULE,49800,_win_IsWinZoomed,SYMBOL_ONLY_START,GAME,PROBABLE
538fed3f0fd60a6528a5e5b20990361ac4d274c58266a81e71c24f751612589d,9d27f4d0872e483ddbf460bda8a2e34b7180f153c6d7c1a74d692720476c9a7f,7,SIMTWO_MODULE,49850,_win_Zoom,SYMBOL_ONLY_START,GAME,PROBABLE
538fed3f0fd60a6528a5e5b20990361ac4d274c58266a81e71c24f751612589d,9d27f4d0872e483ddbf460bda8a2e34b7180f153c6d7c1a74d692720476c9a7f,7,SIMTWO_MODULE,49874,_win_GetObjRect,SYMBOL_ONLY_START,GAME,PROBABLE
538fed3f0fd60a6528a5e5b20990361ac4d274c58266a81e71c24f751612589d,9d27f4d0872e483ddbf460bda8a2e34b7180f153c6d7c1a74d692720476c9a7f,7,SIMTWO_MODULE,49966,_win_ObjAddr,SYMBOL_ONLY_START,GAME,PROBABLE
538fed3f0fd60a6528a5e5b20990361ac4d274c58266a81e71c24f751612589d,9d27f4d0872e483ddbf460bda8a2e34b7180f153c6d7c1a74d692720476c9a7f,7,SIMTWO_MODULE,50038,_win_WinObjAddr,SYMBOL_ONLY_START,GAME,PROBABLE
538fed3f0fd60a6528a5e5b20990361ac4d274c58266a81e71c24f751612589d,9d27f4d0872e483ddbf460bda8a2e34b7180f153c6d7c1a74d692720476c9a7f,7,SIMTWO_MODULE,50126,_win_WinAddr,SYMBOL_ONLY_START,GAME,PROBABLE
538fed3f0fd60a6528a5e5b20990361ac4d274c58266a81e71c24f751612589d,9d27f4d0872e483ddbf460bda8a2e34b7180f153c6d7c1a74d692720476c9a7f,7,SIMTWO_MODULE,50148,_win_SetPalette,SYMBOL_ONLY_START,GAME,PROBABLE
538fed3f0fd60a6528a5e5b20990361ac4d274c58266a81e71c24f751612589d,9d27f4d0872e483ddbf460bda8a2e34b7180f153c6d7c1a74d692720476c9a7f,7,SIMTWO_MODULE,50694,_RepointObjects,SYMBOL_ONLY_START,GAME,PROBABLE
538fed3f0fd60a6528a5e5b20990361ac4d274c58266a81e71c24f751612589d,9d27f4d0872e483ddbf460bda8a2e34b7180f153c6d7c1a74d692720476c9a7f,7,SIMTWO_MODULE,50786,_win_LoadWindow,SYMBOL_ONLY_START,GAME,PROBABLE
538fed3f0fd60a6528a5e5b20990361ac4d274c58266a81e71c24f751612589d,9d27f4d0872e483ddbf460bda8a2e34b7180f153c6d7c1a74d692720476c9a7f,7,SIMTWO_MODULE,51206,_win_LoadAllWindows,SYMBOL_ONLY_START,GAME,PROBABLE
538fed3f0fd60a6528a5e5b20990361ac4d274c58266a81e71c24f751612589d,9d27f4d0872e483ddbf460bda8a2e34b7180f153c6d7c1a74d692720476c9a7f,7,SIMTWO_MODULE,51758,_win_Open,SYMBOL_ONLY_START,GAME,PROBABLE
538fed3f0fd60a6528a5e5b20990361ac4d274c58266a81e71c24f751612589d,9d27f4d0872e483ddbf460bda8a2e34b7180f153c6d7c1a74d692720476c9a7f,7,SIMTWO_MODULE,53144,_win_Close,SYMBOL_ONLY_START,GAME,PROBABLE
538fed3f0fd60a6528a5e5b20990361ac4d274c58266a81e71c24f751612589d,9d27f4d0872e483ddbf460bda8a2e34b7180f153c6d7c1a74d692720476c9a7f,7,SIMTWO_MODULE,53312,_win_Events,SYMBOL_ONLY_START,GAME,PROBABLE
538fed3f0fd60a6528a5e5b20990361ac4d274c58266a81e71c24f751612589d,9d27f4d0872e483ddbf460bda8a2e34b7180f153c6d7c1a74d692720476c9a7f,7,SIMTWO_MODULE,53424,_win_FindObject,SYMBOL_ONLY_START,GAME,PROBABLE
538fed3f0fd60a6528a5e5b20990361ac4d274c58266a81e71c24f751612589d,9d27f4d0872e483ddbf460bda8a2e34b7180f153c6d7c1a74d692720476c9a7f,7,SIMTWO_MODULE,53526,_UpdateAllWindows,SYMBOL_ONLY_START,GAME,PROBABLE
538fed3f0fd60a6528a5e5b20990361ac4d274c58266a81e71c24f751612589d,9d27f4d0872e483ddbf460bda8a2e34b7180f153c6d7c1a74d692720476c9a7f,7,SIMTWO_MODULE,53584,_win_GetEvent,SYMBOL_ONLY_START,GAME,PROBABLE
538fed3f0fd60a6528a5e5b20990361ac4d274c58266a81e71c24f751612589d,9d27f4d0872e483ddbf460bda8a2e34b7180f153c6d7c1a74d692720476c9a7f,7,SIMTWO_MODULE,54004,_win_SetObjFormatStr,SYMBOL_ONLY_START,GAME,PROBABLE
538fed3f0fd60a6528a5e5b20990361ac4d274c58266a81e71c24f751612589d,9d27f4d0872e483ddbf460bda8a2e34b7180f153c6d7c1a74d692720476c9a7f,7,SIMTWO_MODULE,54302,_win_ToTop,SYMBOL_ONLY_START,GAME,PROBABLE
538fed3f0fd60a6528a5e5b20990361ac4d274c58266a81e71c24f751612589d,9d27f4d0872e483ddbf460bda8a2e34b7180f153c6d7c1a74d692720476c9a7f,7,SIMTWO_MODULE,54324,_win_Swap,SYMBOL_ONLY_START,GAME,PROBABLE
538fed3f0fd60a6528a5e5b20990361ac4d274c58266a81e71c24f751612589d,9d27f4d0872e483ddbf460bda8a2e34b7180f153c6d7c1a74d692720476c9a7f,7,SIMTWO_MODULE,54684,_win_SetWinDrawHook,SYMBOL_ONLY_START,GAME,PROBABLE
538fed3f0fd60a6528a5e5b20990361ac4d274c58266a81e71c24f751612589d,9d27f4d0872e483ddbf460bda8a2e34b7180f153c6d7c1a74d692720476c9a7f,7,SIMTWO_MODULE,54718,_win_SetObjBitmap,SYMBOL_ONLY_START,GAME,PROBABLE
538fed3f0fd60a6528a5e5b20990361ac4d274c58266a81e71c24f751612589d,9d27f4d0872e483ddbf460bda8a2e34b7180f153c6d7c1a74d692720476c9a7f,7,SIMTWO_MODULE,54842,_win_CenterStrAtObj,SYMBOL_ONLY_START,GAME,PROBABLE
538fed3f0fd60a6528a5e5b20990361ac4d274c58266a81e71c24f751612589d,9d27f4d0872e483ddbf460bda8a2e34b7180f153c6d7c1a74d692720476c9a7f,7,SIMTWO_MODULE,55002,_win_PrintfAtObj,SYMBOL_ONLY_START,GAME,PROBABLE
538fed3f0fd60a6528a5e5b20990361ac4d274c58266a81e71c24f751612589d,9d27f4d0872e483ddbf460bda8a2e34b7180f153c6d7c1a74d692720476c9a7f,7,SIMTWO_MODULE,55186,_win_ClearObjToEOL,SYMBOL_ONLY_START,GAME,PROBABLE
538fed3f0fd60a6528a5e5b20990361ac4d274c58266a81e71c24f751612589d,9d27f4d0872e483ddbf460bda8a2e34b7180f153c6d7c1a74d692720476c9a7f,7,SIMTWO_MODULE,55476,_win_ObjFormatPrint,SYMBOL_ONLY_START,GAME,PROBABLE
538fed3f0fd60a6528a5e5b20990361ac4d274c58266a81e71c24f751612589d,9d27f4d0872e483ddbf460bda8a2e34b7180f153c6d7c1a74d692720476c9a7f,7,SIMTWO_MODULE,56028,_win_DrawHBar,SYMBOL_ONLY_START,GAME,PROBABLE
538fed3f0fd60a6528a5e5b20990361ac4d274c58266a81e71c24f751612589d,9d27f4d0872e483ddbf460bda8a2e34b7180f153c6d7c1a74d692720476c9a7f,7,SIMTWO_MODULE,56220,_win_DrawVBar,SYMBOL_ONLY_START,GAME,PROBABLE
538fed3f0fd60a6528a5e5b20990361ac4d274c58266a81e71c24f751612589d,9d27f4d0872e483ddbf460bda8a2e34b7180f153c6d7c1a74d692720476c9a7f,7,SIMTWO_MODULE,56414,_win_GetObjSize,SYMBOL_ONLY_START,GAME,PROBABLE
538fed3f0fd60a6528a5e5b20990361ac4d274c58266a81e71c24f751612589d,9d27f4d0872e483ddbf460bda8a2e34b7180f153c6d7c1a74d692720476c9a7f,7,SIMTWO_MODULE,56512,_win_ObjInv,SYMBOL_ONLY_START,GAME,PROBABLE
538fed3f0fd60a6528a5e5b20990361ac4d274c58266a81e71c24f751612589d,9d27f4d0872e483ddbf460bda8a2e34b7180f153c6d7c1a74d692720476c9a7f,7,SIMTWO_MODULE,56584,_win_GetProxEvent,SYMBOL_ONLY_START,GAME,PROBABLE
538fed3f0fd60a6528a5e5b20990361ac4d274c58266a81e71c24f751612589d,9d27f4d0872e483ddbf460bda8a2e34b7180f153c6d7c1a74d692720476c9a7f,7,SIMTWO_MODULE,56588,__win_SetProxItem,SYMBOL_ONLY_START,GAME,PROBABLE
538fed3f0fd60a6528a5e5b20990361ac4d274c58266a81e71c24f751612589d,9d27f4d0872e483ddbf460bda8a2e34b7180f153c6d7c1a74d692720476c9a7f,7,SIMTWO_MODULE,56786,INDIRECTDLGPROC,SYMBOL_ONLY_START,GAME,PROBABLE
538fed3f0fd60a6528a5e5b20990361ac4d274c58266a81e71c24f751612589d,9d27f4d0872e483ddbf460bda8a2e34b7180f153c6d7c1a74d692720476c9a7f,7,SIMTWO_MODULE,56930,_win_DoProxMenu,SYMBOL_ONLY_START,GAME,PROBABLE
538fed3f0fd60a6528a5e5b20990361ac4d274c58266a81e71c24f751612589d,9d27f4d0872e483ddbf460bda8a2e34b7180f153c6d7c1a74d692720476c9a7f,7,SIMTWO_MODULE,57924,_win_InvalidateObject,SYMBOL_ONLY_START,GAME,PROBABLE
538fed3f0fd60a6528a5e5b20990361ac4d274c58266a81e71c24f751612589d,9d27f4d0872e483ddbf460bda8a2e34b7180f153c6d7c1a74d692720476c9a7f,7,SIMTWO_MODULE,58038,_win_IsPointInObj,SYMBOL_ONLY_START,GAME,PROBABLE
538fed3f0fd60a6528a5e5b20990361ac4d274c58266a81e71c24f751612589d,9d27f4d0872e483ddbf460bda8a2e34b7180f153c6d7c1a74d692720476c9a7f,7,SIMTWO_MODULE,58146,_win_ClearObjArea,SYMBOL_ONLY_START,GAME,PROBABLE
538fed3f0fd60a6528a5e5b20990361ac4d274c58266a81e71c24f751612589d,9d27f4d0872e483ddbf460bda8a2e34b7180f153c6d7c1a74d692720476c9a7f,7,SIMTWO_MODULE,58260,_win_SetGaugeValue,SYMBOL_ONLY_START,GAME,PROBABLE
538fed3f0fd60a6528a5e5b20990361ac4d274c58266a81e71c24f751612589d,9d27f4d0872e483ddbf460bda8a2e34b7180f153c6d7c1a74d692720476c9a7f,7,SIMTWO_MODULE,58262,_win_GetGaugeValue,SYMBOL_ONLY_START,GAME,PROBABLE
538fed3f0fd60a6528a5e5b20990361ac4d274c58266a81e71c24f751612589d,9d27f4d0872e483ddbf460bda8a2e34b7180f153c6d7c1a74d692720476c9a7f,7,SIMTWO_MODULE,58264,_win_SetGaugeUpdateHook,SYMBOL_ONLY_START,GAME,PROBABLE
538fed3f0fd60a6528a5e5b20990361ac4d274c58266a81e71c24f751612589d,9d27f4d0872e483ddbf460bda8a2e34b7180f153c6d7c1a74d692720476c9a7f,7,SIMTWO_MODULE,58266,_win_NoWindowsShouldBeLocked,SYMBOL_ONLY_START,GAME,PROBABLE
538fed3f0fd60a6528a5e5b20990361ac4d274c58266a81e71c24f751612589d,9d27f4d0872e483ddbf460bda8a2e34b7180f153c6d7c1a74d692720476c9a7f,7,SIMTWO_MODULE,58270,_win_LockInit,SYMBOL_ONLY_START,GAME,PROBABLE
538fed3f0fd60a6528a5e5b20990361ac4d274c58266a81e71c24f751612589d,9d27f4d0872e483ddbf460bda8a2e34b7180f153c6d7c1a74d692720476c9a7f,7,SIMTWO_MODULE,58272,_win_IsWinLocked,SYMBOL_ONLY_START,GAME,PROBABLE
538fed3f0fd60a6528a5e5b20990361ac4d274c58266a81e71c24f751612589d,9d27f4d0872e483ddbf460bda8a2e34b7180f153c6d7c1a74d692720476c9a7f,7,SIMTWO_MODULE,58276,_win_UnlockWin,SYMBOL_ONLY_START,GAME,PROBABLE
538fed3f0fd60a6528a5e5b20990361ac4d274c58266a81e71c24f751612589d,9d27f4d0872e483ddbf460bda8a2e34b7180f153c6d7c1a74d692720476c9a7f,7,SIMTWO_MODULE,58278,_win_LockWinHigh,SYMBOL_ONLY_START,GAME,PROBABLE
538fed3f0fd60a6528a5e5b20990361ac4d274c58266a81e71c24f751612589d,9d27f4d0872e483ddbf460bda8a2e34b7180f153c6d7c1a74d692720476c9a7f,7,SIMTWO_MODULE,58280,_win_LockWin,SYMBOL_ONLY_START,GAME,PROBABLE
538fed3f0fd60a6528a5e5b20990361ac4d274c58266a81e71c24f751612589d,9d27f4d0872e483ddbf460bda8a2e34b7180f153c6d7c1a74d692720476c9a7f,7,SIMTWO_MODULE,58282,_DbgPunt,SYMBOL_ONLY_START,GAME,PROBABLE
538fed3f0fd60a6528a5e5b20990361ac4d274c58266a81e71c24f751612589d,9d27f4d0872e483ddbf460bda8a2e34b7180f153c6d7c1a74d692720476c9a7f,7,SIMTWO_MODULE,58286,_win_SortRect,SYMBOL_ONLY_START,GAME,PROBABLE
538fed3f0fd60a6528a5e5b20990361ac4d274c58266a81e71c24f751612589d,9d27f4d0872e483ddbf460bda8a2e34b7180f153c6d7c1a74d692720476c9a7f,7,SIMTWO_MODULE,58336,_win_StringSize,SYMBOL_ONLY_START,GAME,PROBABLE
538fed3f0fd60a6528a5e5b20990361ac4d274c58266a81e71c24f751612589d,9d27f4d0872e483ddbf460bda8a2e34b7180f153c6d7c1a74d692720476c9a7f,7,SIMTWO_MODULE,58374,_win_AutoSize,SYMBOL_ONLY_START,GAME,PROBABLE
538fed3f0fd60a6528a5e5b20990361ac4d274c58266a81e71c24f751612589d,9d27f4d0872e483ddbf460bda8a2e34b7180f153c6d7c1a74d692720476c9a7f,7,SIMTWO_MODULE,58600,_win_GetVal,SYMBOL_ONLY_START,GAME,PROBABLE
538fed3f0fd60a6528a5e5b20990361ac4d274c58266a81e71c24f751612589d,9d27f4d0872e483ddbf460bda8a2e34b7180f153c6d7c1a74d692720476c9a7f,7,SIMTWO_MODULE,58738,_win_GetArg,SYMBOL_ONLY_START,GAME,PROBABLE
538fed3f0fd60a6528a5e5b20990361ac4d274c58266a81e71c24f751612589d,9d27f4d0872e483ddbf460bda8a2e34b7180f153c6d7c1a74d692720476c9a7f,7,SIMTWO_MODULE,58798,__win_CalcObjElement,SYMBOL_ONLY_START,GAME,PROBABLE
538fed3f0fd60a6528a5e5b20990361ac4d274c58266a81e71c24f751612589d,9d27f4d0872e483ddbf460bda8a2e34b7180f153c6d7c1a74d692720476c9a7f,7,SIMTWO_MODULE,59106,_win_Recalc,SYMBOL_ONLY_START,GAME,PROBABLE
538fed3f0fd60a6528a5e5b20990361ac4d274c58266a81e71c24f751612589d,9d27f4d0872e483ddbf460bda8a2e34b7180f153c6d7c1a74d692720476c9a7f,7,SIMTWO_MODULE,59844,_win_SetObjSelectableState,SYMBOL_ONLY_START,GAME,PROBABLE
538fed3f0fd60a6528a5e5b20990361ac4d274c58266a81e71c24f751612589d,9d27f4d0872e483ddbf460bda8a2e34b7180f153c6d7c1a74d692720476c9a7f,7,SIMTWO_MODULE,59906,_win_MakeObjSelectable,SYMBOL_ONLY_START,GAME,PROBABLE
538fed3f0fd60a6528a5e5b20990361ac4d274c58266a81e71c24f751612589d,9d27f4d0872e483ddbf460bda8a2e34b7180f153c6d7c1a74d692720476c9a7f,7,SIMTWO_MODULE,59952,_win_MakeObjUnselectable,SYMBOL_ONLY_START,GAME,PROBABLE
538fed3f0fd60a6528a5e5b20990361ac4d274c58266a81e71c24f751612589d,9d27f4d0872e483ddbf460bda8a2e34b7180f153c6d7c1a74d692720476c9a7f,7,SIMTWO_MODULE,59998,_win_SetObjAutoToggleState,SYMBOL_ONLY_START,GAME,PROBABLE
538fed3f0fd60a6528a5e5b20990361ac4d274c58266a81e71c24f751612589d,9d27f4d0872e483ddbf460bda8a2e34b7180f153c6d7c1a74d692720476c9a7f,7,SIMTWO_MODULE,60062,_win_MakeObjAutoToggle,SYMBOL_ONLY_START,GAME,PROBABLE
538fed3f0fd60a6528a5e5b20990361ac4d274c58266a81e71c24f751612589d,9d27f4d0872e483ddbf460bda8a2e34b7180f153c6d7c1a74d692720476c9a7f,7,SIMTWO_MODULE,60108,_win_MakeObjUnAutoToggle,SYMBOL_ONLY_START,GAME,PROBABLE
538fed3f0fd60a6528a5e5b20990361ac4d274c58266a81e71c24f751612589d,9d27f4d0872e483ddbf460bda8a2e34b7180f153c6d7c1a74d692720476c9a7f,7,SIMTWO_MODULE,60154,_win_SetObjSelFlashState,SYMBOL_ONLY_START,GAME,PROBABLE
538fed3f0fd60a6528a5e5b20990361ac4d274c58266a81e71c24f751612589d,9d27f4d0872e483ddbf460bda8a2e34b7180f153c6d7c1a74d692720476c9a7f,7,SIMTWO_MODULE,60218,_win_MakeObjSelFlash,SYMBOL_ONLY_START,GAME,PROBABLE
538fed3f0fd60a6528a5e5b20990361ac4d274c58266a81e71c24f751612589d,9d27f4d0872e483ddbf460bda8a2e34b7180f153c6d7c1a74d692720476c9a7f,7,SIMTWO_MODULE,60264,_win_MakeObjUnSelFlash,SYMBOL_ONLY_START,GAME,PROBABLE
538fed3f0fd60a6528a5e5b20990361ac4d274c58266a81e71c24f751612589d,9d27f4d0872e483ddbf460bda8a2e34b7180f153c6d7c1a74d692720476c9a7f,7,SIMTWO_MODULE,60310,_win_SetGroupSelectableState,SYMBOL_ONLY_START,GAME,PROBABLE
538fed3f0fd60a6528a5e5b20990361ac4d274c58266a81e71c24f751612589d,9d27f4d0872e483ddbf460bda8a2e34b7180f153c6d7c1a74d692720476c9a7f,7,SIMTWO_MODULE,60428,_win_MakeGroupSelectable,SYMBOL_ONLY_START,GAME,PROBABLE
538fed3f0fd60a6528a5e5b20990361ac4d274c58266a81e71c24f751612589d,9d27f4d0872e483ddbf460bda8a2e34b7180f153c6d7c1a74d692720476c9a7f,7,SIMTWO_MODULE,60554,_win_MakeGroupUnselectable,SYMBOL_ONLY_START,GAME,PROBABLE
538fed3f0fd60a6528a5e5b20990361ac4d274c58266a81e71c24f751612589d,9d27f4d0872e483ddbf460bda8a2e34b7180f153c6d7c1a74d692720476c9a7f,7,SIMTWO_MODULE,60680,_win_SetObjSelectedStateI,SYMBOL_ONLY_START,GAME,PROBABLE
538fed3f0fd60a6528a5e5b20990361ac4d274c58266a81e71c24f751612589d,9d27f4d0872e483ddbf460bda8a2e34b7180f153c6d7c1a74d692720476c9a7f,7,SIMTWO_MODULE,61012,_win_SetObjSelectedState,SYMBOL_ONLY_START,GAME,PROBABLE
538fed3f0fd60a6528a5e5b20990361ac4d274c58266a81e71c24f751612589d,9d27f4d0872e483ddbf460bda8a2e34b7180f153c6d7c1a74d692720476c9a7f,7,SIMTWO_MODULE,61208,_win_MakeObjSelected,SYMBOL_ONLY_START,GAME,PROBABLE
538fed3f0fd60a6528a5e5b20990361ac4d274c58266a81e71c24f751612589d,9d27f4d0872e483ddbf460bda8a2e34b7180f153c6d7c1a74d692720476c9a7f,7,SIMTWO_MODULE,61404,_win_MakeObjUnselected,SYMBOL_ONLY_START,GAME,PROBABLE
538fed3f0fd60a6528a5e5b20990361ac4d274c58266a81e71c24f751612589d,9d27f4d0872e483ddbf460bda8a2e34b7180f153c6d7c1a74d692720476c9a7f,7,SIMTWO_MODULE,61600,_win_SetGroupSelectedState,SYMBOL_ONLY_START,GAME,PROBABLE
538fed3f0fd60a6528a5e5b20990361ac4d274c58266a81e71c24f751612589d,9d27f4d0872e483ddbf460bda8a2e34b7180f153c6d7c1a74d692720476c9a7f,7,SIMTWO_MODULE,61734,_win_SetGroupSelectedObj,SYMBOL_ONLY_START,GAME,PROBABLE
538fed3f0fd60a6528a5e5b20990361ac4d274c58266a81e71c24f751612589d,9d27f4d0872e483ddbf460bda8a2e34b7180f153c6d7c1a74d692720476c9a7f,7,SIMTWO_MODULE,61876,_win_MakeGroupSelected,SYMBOL_ONLY_START,GAME,PROBABLE
538fed3f0fd60a6528a5e5b20990361ac4d274c58266a81e71c24f751612589d,9d27f4d0872e483ddbf460bda8a2e34b7180f153c6d7c1a74d692720476c9a7f,7,SIMTWO_MODULE,62008,_win_MakeGroupUnselected,SYMBOL_ONLY_START,GAME,PROBABLE
538fed3f0fd60a6528a5e5b20990361ac4d274c58266a81e71c24f751612589d,9d27f4d0872e483ddbf460bda8a2e34b7180f153c6d7c1a74d692720476c9a7f,7,SIMTWO_MODULE,62140,_win_SetObjVisibleState,SYMBOL_ONLY_START,GAME,PROBABLE
538fed3f0fd60a6528a5e5b20990361ac4d274c58266a81e71c24f751612589d,9d27f4d0872e483ddbf460bda8a2e34b7180f153c6d7c1a74d692720476c9a7f,7,SIMTWO_MODULE,62484,_win_MakeObjVisible,SYMBOL_ONLY_START,GAME,PROBABLE
538fed3f0fd60a6528a5e5b20990361ac4d274c58266a81e71c24f751612589d,9d27f4d0872e483ddbf460bda8a2e34b7180f153c6d7c1a74d692720476c9a7f,7,SIMTWO_MODULE,62500,_win_MakeObjInvisible,SYMBOL_ONLY_START,GAME,PROBABLE
538fed3f0fd60a6528a5e5b20990361ac4d274c58266a81e71c24f751612589d,9d27f4d0872e483ddbf460bda8a2e34b7180f153c6d7c1a74d692720476c9a7f,7,SIMTWO_MODULE,62516,_win_SetGroupVisibleState,SYMBOL_ONLY_START,GAME,PROBABLE
538fed3f0fd60a6528a5e5b20990361ac4d274c58266a81e71c24f751612589d,9d27f4d0872e483ddbf460bda8a2e34b7180f153c6d7c1a74d692720476c9a7f,7,SIMTWO_MODULE,62640,_win_MakeGroupVisible,SYMBOL_ONLY_START,GAME,PROBABLE
538fed3f0fd60a6528a5e5b20990361ac4d274c58266a81e71c24f751612589d,9d27f4d0872e483ddbf460bda8a2e34b7180f153c6d7c1a74d692720476c9a7f,7,SIMTWO_MODULE,62766,_win_MakeGroupInvisible,SYMBOL_ONLY_START,GAME,PROBABLE
538fed3f0fd60a6528a5e5b20990361ac4d274c58266a81e71c24f751612589d,9d27f4d0872e483ddbf460bda8a2e34b7180f153c6d7c1a74d692720476c9a7f,7,SIMTWO_MODULE,62892,_win_SetButtonBitmaps,SYMBOL_ONLY_START,GAME,PROBABLE
538fed3f0fd60a6528a5e5b20990361ac4d274c58266a81e71c24f751612589d,9d27f4d0872e483ddbf460bda8a2e34b7180f153c6d7c1a74d692720476c9a7f,7,SIMTWO_MODULE,62974,_win_DrawGroupObjects,SYMBOL_ONLY_START,GAME,PROBABLE
538fed3f0fd60a6528a5e5b20990361ac4d274c58266a81e71c24f751612589d,9d27f4d0872e483ddbf460bda8a2e34b7180f153c6d7c1a74d692720476c9a7f,7,SIMTWO_MODULE,63108,_win_ClearGroupAreas,SYMBOL_ONLY_START,GAME,PROBABLE
538fed3f0fd60a6528a5e5b20990361ac4d274c58266a81e71c24f751612589d,9d27f4d0872e483ddbf460bda8a2e34b7180f153c6d7c1a74d692720476c9a7f,7,SIMTWO_MODULE,63242,_win_IsObjSelected,SYMBOL_ONLY_START,GAME,PROBABLE
538fed3f0fd60a6528a5e5b20990361ac4d274c58266a81e71c24f751612589d,9d27f4d0872e483ddbf460bda8a2e34b7180f153c6d7c1a74d692720476c9a7f,7,SIMTWO_MODULE,63298,_win_IsCursorInObj,SYMBOL_ONLY_START,GAME,PROBABLE
538fed3f0fd60a6528a5e5b20990361ac4d274c58266a81e71c24f751612589d,9d27f4d0872e483ddbf460bda8a2e34b7180f153c6d7c1a74d692720476c9a7f,7,SIMTWO_MODULE,63348,_MemRChr,SYMBOL_ONLY_START,GAME,PROBABLE
538fed3f0fd60a6528a5e5b20990361ac4d274c58266a81e71c24f751612589d,9d27f4d0872e483ddbf460bda8a2e34b7180f153c6d7c1a74d692720476c9a7f,7,SIMTWO_MODULE,63439,_ConvertMonoToTandy,SYMBOL_ONLY_START,GAME,PROBABLE
538fed3f0fd60a6528a5e5b20990361ac4d274c58266a81e71c24f751612589d,9d27f4d0872e483ddbf460bda8a2e34b7180f153c6d7c1a74d692720476c9a7f,7,SIMTWO_MODULE,63558,_invert,SYMBOL_ONLY_START,GAME,PROBABLE
538fed3f0fd60a6528a5e5b20990361ac4d274c58266a81e71c24f751612589d,9d27f4d0872e483ddbf460bda8a2e34b7180f153c6d7c1a74d692720476c9a7f,7,SIMTWO_MODULE,63579,_DoInt3,SYMBOL_ONLY_START,GAME,PROBABLE
538fed3f0fd60a6528a5e5b20990361ac4d274c58266a81e71c24f751612589d,9d27f4d0872e483ddbf460bda8a2e34b7180f153c6d7c1a74d692720476c9a7f,8,SIMANT_DATA_GROUP,0,_Dx8,DATA_SYMBOL,UNKNOWN,UNKNOWN
538fed3f0fd60a6528a5e5b20990361ac4d274c58266a81e71c24f751612589d,9d27f4d0872e483ddbf460bda8a2e34b7180f153c6d7c1a74d692720476c9a7f,8,SIMANT_DATA_GROUP,8,_Dy8,DATA_SYMBOL,UNKNOWN,UNKNOWN
538fed3f0fd60a6528a5e5b20990361ac4d274c58266a81e71c24f751612589d,9d27f4d0872e483ddbf460bda8a2e34b7180f153c6d7c1a74d692720476c9a7f,8,SIMANT_DATA_GROUP,16,_Dx9,DATA_SYMBOL,UNKNOWN,UNKNOWN
538fed3f0fd60a6528a5e5b20990361ac4d274c58266a81e71c24f751612589d,9d27f4d0872e483ddbf460bda8a2e34b7180f153c6d7c1a74d692720476c9a7f,8,SIMANT_DATA_GROUP,26,_Dy9,DATA_SYMBOL,UNKNOWN,UNKNOWN
538fed3f0fd60a6528a5e5b20990361ac4d274c58266a81e71c24f751612589d,9d27f4d0872e483ddbf460bda8a2e34b7180f153c6d7c1a74d692720476c9a7f,8,SIMANT_DATA_GROUP,36,_TurnTab,DATA_SYMBOL,UNKNOWN,UNKNOWN
538fed3f0fd60a6528a5e5b20990361ac4d274c58266a81e71c24f751612589d,9d27f4d0872e483ddbf460bda8a2e34b7180f153c6d7c1a74d692720476c9a7f,8,SIMANT_DATA_GROUP,100,_relSearchDirs,DATA_SYMBOL,UNKNOWN,UNKNOWN
538fed3f0fd60a6528a5e5b20990361ac4d274c58266a81e71c24f751612589d,9d27f4d0872e483ddbf460bda8a2e34b7180f153c6d7c1a74d692720476c9a7f,8,SIMANT_DATA_GROUP,108,_absSearchDirs,DATA_SYMBOL,UNKNOWN,UNKNOWN
538fed3f0fd60a6528a5e5b20990361ac4d274c58266a81e71c24f751612589d,9d27f4d0872e483ddbf460bda8a2e34b7180f153c6d7c1a74d692720476c9a7f,8,SIMANT_DATA_GROUP,116,_IsCarryCaste,DATA_SYMBOL,UNKNOWN,UNKNOWN
538fed3f0fd60a6528a5e5b20990361ac4d274c58266a81e71c24f751612589d,9d27f4d0872e483ddbf460bda8a2e34b7180f153c6d7c1a74d692720476c9a7f,8,SIMANT_DATA_GROUP,148,_UnCarryCaste,DATA_SYMBOL,UNKNOWN,UNKNOWN
538fed3f0fd60a6528a5e5b20990361ac4d274c58266a81e71c24f751612589d,9d27f4d0872e483ddbf460bda8a2e34b7180f153c6d7c1a74d692720476c9a7f,8,SIMANT_DATA_GROUP,164,_YMapPopB,DATA_SYMBOL,UNKNOWN,UNKNOWN
538fed3f0fd60a6528a5e5b20990361ac4d274c58266a81e71c24f751612589d,9d27f4d0872e483ddbf460bda8a2e34b7180f153c6d7c1a74d692720476c9a7f,8,SIMANT_DATA_GROUP,356,_YMapPopR,DATA_SYMBOL,UNKNOWN,UNKNOWN
538fed3f0fd60a6528a5e5b20990361ac4d274c58266a81e71c24f751612589d,9d27f4d0872e483ddbf460bda8a2e34b7180f153c6d7c1a74d692720476c9a7f,8,SIMANT_DATA_GROUP,548,_YMapSeeds,DATA_SYMBOL,UNKNOWN,UNKNOWN
538fed3f0fd60a6528a5e5b20990361ac4d274c58266a81e71c24f751612589d,9d27f4d0872e483ddbf460bda8a2e34b7180f153c6d7c1a74d692720476c9a7f,8,SIMANT_DATA_GROUP,932,_ExitMapB,DATA_SYMBOL,UNKNOWN,UNKNOWN
538fed3f0fd60a6528a5e5b20990361ac4d274c58266a81e71c24f751612589d,9d27f4d0872e483ddbf460bda8a2e34b7180f153c6d7c1a74d692720476c9a7f,8,SIMANT_DATA_GROUP,5028,_ExitMapR,DATA_SYMBOL,UNKNOWN,UNKNOWN
538fed3f0fd60a6528a5e5b20990361ac4d274c58266a81e71c24f751612589d,9d27f4d0872e483ddbf460bda8a2e34b7180f153c6d7c1a74d692720476c9a7f,8,SIMANT_DATA_GROUP,9124,_AlistX,DATA_SYMBOL,UNKNOWN,UNKNOWN
538fed3f0fd60a6528a5e5b20990361ac4d274c58266a81e71c24f751612589d,9d27f4d0872e483ddbf460bda8a2e34b7180f153c6d7c1a74d692720476c9a7f,8,SIMANT_DATA_GROUP,10126,_AlistY,DATA_SYMBOL,UNKNOWN,UNKNOWN
538fed3f0fd60a6528a5e5b20990361ac4d274c58266a81e71c24f751612589d,9d27f4d0872e483ddbf460bda8a2e34b7180f153c6d7c1a74d692720476c9a7f,8,SIMANT_DATA_GROUP,11128,_AlistM,DATA_SYMBOL,UNKNOWN,UNKNOWN
538fed3f0fd60a6528a5e5b20990361ac4d274c58266a81e71c24f751612589d,9d27f4d0872e483ddbf460bda8a2e34b7180f153c6d7c1a74d692720476c9a7f,8,SIMANT_DATA_GROUP,12130,_AlistT,DATA_SYMBOL,UNKNOWN,UNKNOWN
538fed3f0fd60a6528a5e5b20990361ac4d274c58266a81e71c24f751612589d,9d27f4d0872e483ddbf460bda8a2e34b7180f153c6d7c1a74d692720476c9a7f,8,SIMANT_DATA_GROUP,13132,_AlistS,DATA_SYMBOL,UNKNOWN,UNKNOWN
538fed3f0fd60a6528a5e5b20990361ac4d274c58266a81e71c24f751612589d,9d27f4d0872e483ddbf460bda8a2e34b7180f153c6d7c1a74d692720476c9a7f,8,SIMANT_DATA_GROUP,14134,_BlistX,DATA_SYMBOL,UNKNOWN,UNKNOWN
538fed3f0fd60a6528a5e5b20990361ac4d274c58266a81e71c24f751612589d,9d27f4d0872e483ddbf460bda8a2e34b7180f153c6d7c1a74d692720476c9a7f,8,SIMANT_DATA_GROUP,14636,_BlistY,DATA_SYMBOL,UNKNOWN,UNKNOWN
538fed3f0fd60a6528a5e5b20990361ac4d274c58266a81e71c24f751612589d,9d27f4d0872e483ddbf460bda8a2e34b7180f153c6d7c1a74d692720476c9a7f,8,SIMANT_DATA_GROUP,15138,_BlistM,DATA_SYMBOL,UNKNOWN,UNKNOWN
538fed3f0fd60a6528a5e5b20990361ac4d274c58266a81e71c24f751612589d,9d27f4d0872e483ddbf460bda8a2e34b7180f153c6d7c1a74d692720476c9a7f,8,SIMANT_DATA_GROUP,15640,_BlistT,DATA_SYMBOL,UNKNOWN,UNKNOWN
538fed3f0fd60a6528a5e5b20990361ac4d274c58266a81e71c24f751612589d,9d27f4d0872e483ddbf460bda8a2e34b7180f153c6d7c1a74d692720476c9a7f,8,SIMANT_DATA_GROUP,16142,_BlistS,DATA_SYMBOL,UNKNOWN,UNKNOWN
538fed3f0fd60a6528a5e5b20990361ac4d274c58266a81e71c24f751612589d,9d27f4d0872e483ddbf460bda8a2e34b7180f153c6d7c1a74d692720476c9a7f,8,SIMANT_DATA_GROUP,16644,_RlistX,DATA_SYMBOL,UNKNOWN,UNKNOWN
538fed3f0fd60a6528a5e5b20990361ac4d274c58266a81e71c24f751612589d,9d27f4d0872e483ddbf460bda8a2e34b7180f153c6d7c1a74d692720476c9a7f,8,SIMANT_DATA_GROUP,17146,_RlistY,DATA_SYMBOL,UNKNOWN,UNKNOWN
538fed3f0fd60a6528a5e5b20990361ac4d274c58266a81e71c24f751612589d,9d27f4d0872e483ddbf460bda8a2e34b7180f153c6d7c1a74d692720476c9a7f,8,SIMANT_DATA_GROUP,17648,_RlistM,DATA_SYMBOL,UNKNOWN,UNKNOWN
538fed3f0fd60a6528a5e5b20990361ac4d274c58266a81e71c24f751612589d,9d27f4d0872e483ddbf460bda8a2e34b7180f153c6d7c1a74d692720476c9a7f,8,SIMANT_DATA_GROUP,18150,_RlistT,DATA_SYMBOL,UNKNOWN,UNKNOWN
538fed3f0fd60a6528a5e5b20990361ac4d274c58266a81e71c24f751612589d,9d27f4d0872e483ddbf460bda8a2e34b7180f153c6d7c1a74d692720476c9a7f,8,SIMANT_DATA_GROUP,18652,_RlistS,DATA_SYMBOL,UNKNOWN,UNKNOWN
538fed3f0fd60a6528a5e5b20990361ac4d274c58266a81e71c24f751612589d,9d27f4d0872e483ddbf460bda8a2e34b7180f153c6d7c1a74d692720476c9a7f,8,SIMANT_DATA_GROUP,19154,_TemDensity,DATA_SYMBOL,UNKNOWN,UNKNOWN
538fed3f0fd60a6528a5e5b20990361ac4d274c58266a81e71c24f751612589d,9d27f4d0872e483ddbf460bda8a2e34b7180f153c6d7c1a74d692720476c9a7f,8,SIMANT_DATA_GROUP,21202,_PherMapA,DATA_SYMBOL,UNKNOWN,UNKNOWN
538fed3f0fd60a6528a5e5b20990361ac4d274c58266a81e71c24f751612589d,9d27f4d0872e483ddbf460bda8a2e34b7180f153c6d7c1a74d692720476c9a7f,8,SIMANT_DATA_GROUP,23250,_PherMapF,DATA_SYMBOL,UNKNOWN,UNKNOWN
538fed3f0fd60a6528a5e5b20990361ac4d274c58266a81e71c24f751612589d,9d27f4d0872e483ddbf460bda8a2e34b7180f153c6d7c1a74d692720476c9a7f,8,SIMANT_DATA_GROUP,25298,_PherMapBN,DATA_SYMBOL,UNKNOWN,UNKNOWN
538fed3f0fd60a6528a5e5b20990361ac4d274c58266a81e71c24f751612589d,9d27f4d0872e483ddbf460bda8a2e34b7180f153c6d7c1a74d692720476c9a7f,8,SIMANT_DATA_GROUP,27346,_PherMapBT,DATA_SYMBOL,UNKNOWN,UNKNOWN
538fed3f0fd60a6528a5e5b20990361ac4d274c58266a81e71c24f751612589d,9d27f4d0872e483ddbf460bda8a2e34b7180f153c6d7c1a74d692720476c9a7f,8,SIMANT_DATA_GROUP,29394,_PherMapRN,DATA_SYMBOL,UNKNOWN,UNKNOWN
538fed3f0fd60a6528a5e5b20990361ac4d274c58266a81e71c24f751612589d,9d27f4d0872e483ddbf460bda8a2e34b7180f153c6d7c1a74d692720476c9a7f,8,SIMANT_DATA_GROUP,31442,_PherMapRT,DATA_SYMBOL,UNKNOWN,UNKNOWN
538fed3f0fd60a6528a5e5b20990361ac4d274c58266a81e71c24f751612589d,9d27f4d0872e483ddbf460bda8a2e34b7180f153c6d7c1a74d692720476c9a7f,8,SIMANT_DATA_GROUP,33490,_HoleMapB,DATA_SYMBOL,UNKNOWN,UNKNOWN
538fed3f0fd60a6528a5e5b20990361ac4d274c58266a81e71c24f751612589d,9d27f4d0872e483ddbf460bda8a2e34b7180f153c6d7c1a74d692720476c9a7f,8,SIMANT_DATA_GROUP,33554,_HoleMapR,DATA_SYMBOL,UNKNOWN,UNKNOWN
538fed3f0fd60a6528a5e5b20990361ac4d274c58266a81e71c24f751612589d,9d27f4d0872e483ddbf460bda8a2e34b7180f153c6d7c1a74d692720476c9a7f,8,SIMANT_DATA_GROUP,33618,_LastNewExitB,DATA_SYMBOL,UNKNOWN,UNKNOWN
538fed3f0fd60a6528a5e5b20990361ac4d274c58266a81e71c24f751612589d,9d27f4d0872e483ddbf460bda8a2e34b7180f153c6d7c1a74d692720476c9a7f,8,SIMANT_DATA_GROUP,33622,_LastNewExitR,DATA_SYMBOL,UNKNOWN,UNKNOWN
538fed3f0fd60a6528a5e5b20990361ac4d274c58266a81e71c24f751612589d,9d27f4d0872e483ddbf460bda8a2e34b7180f153c6d7c1a74d692720476c9a7f,8,SIMANT_DATA_GROUP,33626,_LastNewHoleB,DATA_SYMBOL,UNKNOWN,UNKNOWN
538fed3f0fd60a6528a5e5b20990361ac4d274c58266a81e71c24f751612589d,9d27f4d0872e483ddbf460bda8a2e34b7180f153c6d7c1a74d692720476c9a7f,8,SIMANT_DATA_GROUP,33630,_LastNewHoleR,DATA_SYMBOL,UNKNOWN,UNKNOWN
538fed3f0fd60a6528a5e5b20990361ac4d274c58266a81e71c24f751612589d,9d27f4d0872e483ddbf460bda8a2e34b7180f153c6d7c1a74d692720476c9a7f,8,SIMANT_DATA_GROUP,33634,_LastBlackEgg,DATA_SYMBOL,UNKNOWN,UNKNOWN
538fed3f0fd60a6528a5e5b20990361ac4d274c58266a81e71c24f751612589d,9d27f4d0872e483ddbf460bda8a2e34b7180f153c6d7c1a74d692720476c9a7f,8,SIMANT_DATA_GROUP,33638,_LastRedEgg,DATA_SYMBOL,UNKNOWN,UNKNOWN
538fed3f0fd60a6528a5e5b20990361ac4d274c58266a81e71c24f751612589d,9d27f4d0872e483ddbf460bda8a2e34b7180f153c6d7c1a74d692720476c9a7f,8,SIMANT_DATA_GROUP,33642,_LastFoodDrop,DATA_SYMBOL,UNKNOWN,UNKNOWN
538fed3f0fd60a6528a5e5b20990361ac4d274c58266a81e71c24f751612589d,9d27f4d0872e483ddbf460bda8a2e34b7180f153c6d7c1a74d692720476c9a7f,8,SIMANT_DATA_GROUP,33646,_LayDownQueenMode,DATA_SYMBOL,UNKNOWN,UNKNOWN
538fed3f0fd60a6528a5e5b20990361ac4d274c58266a81e71c24f751612589d,9d27f4d0872e483ddbf460bda8a2e34b7180f153c6d7c1a74d692720476c9a7f,8,SIMANT_DATA_GROUP,33648,_gGameNeedsSaving,DATA_SYMBOL,UNKNOWN,UNKNOWN
538fed3f0fd60a6528a5e5b20990361ac4d274c58266a81e71c24f751612589d,9d27f4d0872e483ddbf460bda8a2e34b7180f153c6d7c1a74d692720476c9a7f,8,SIMANT_DATA_GROUP,33650,_theSndIDs,DATA_SYMBOL,UNKNOWN,UNKNOWN
538fed3f0fd60a6528a5e5b20990361ac4d274c58266a81e71c24f751612589d,9d27f4d0872e483ddbf460bda8a2e34b7180f153c6d7c1a74d692720476c9a7f,8,SIMANT_DATA_GROUP,33724,_Cheats,DATA_SYMBOL,UNKNOWN,UNKNOWN
538fed3f0fd60a6528a5e5b20990361ac4d274c58266a81e71c24f751612589d,9d27f4d0872e483ddbf460bda8a2e34b7180f153c6d7c1a74d692720476c9a7f,8,SIMANT_DATA_GROUP,33832,_CheatIndex,DATA_SYMBOL,UNKNOWN,UNKNOWN
538fed3f0fd60a6528a5e5b20990361ac4d274c58266a81e71c24f751612589d,9d27f4d0872e483ddbf460bda8a2e34b7180f153c6d7c1a74d692720476c9a7f,8,SIMANT_DATA_GROUP,33834,_GAME_FILE,DATA_SYMBOL,UNKNOWN,UNKNOWN
538fed3f0fd60a6528a5e5b20990361ac4d274c58266a81e71c24f751612589d,9d27f4d0872e483ddbf460bda8a2e34b7180f153c6d7c1a74d692720476c9a7f,8,SIMANT_DATA_GROUP,34090,_nilPStr,DATA_SYMBOL,UNKNOWN,UNKNOWN
538fed3f0fd60a6528a5e5b20990361ac4d274c58266a81e71c24f751612589d,9d27f4d0872e483ddbf460bda8a2e34b7180f153c6d7c1a74d692720476c9a7f,8,SIMANT_DATA_GROUP,34092,_ErrStr,DATA_SYMBOL,UNKNOWN,UNKNOWN
538fed3f0fd60a6528a5e5b20990361ac4d274c58266a81e71c24f751612589d,9d27f4d0872e483ddbf460bda8a2e34b7180f153c6d7c1a74d692720476c9a7f,8,SIMANT_DATA_GROUP,34102,_AlertSimAntFastPStr,DATA_SYMBOL,UNKNOWN,UNKNOWN
538fed3f0fd60a6528a5e5b20990361ac4d274c58266a81e71c24f751612589d,9d27f4d0872e483ddbf460bda8a2e34b7180f153c6d7c1a74d692720476c9a7f,8,SIMANT_DATA_GROUP,34132,_in16colorPStr,DATA_SYMBOL,UNKNOWN,UNKNOWN
538fed3f0fd60a6528a5e5b20990361ac4d274c58266a81e71c24f751612589d,9d27f4d0872e483ddbf460bda8a2e34b7180f153c6d7c1a74d692720476c9a7f,8,SIMANT_DATA_GROUP,34160,_PleaseRefToPStr,DATA_SYMBOL,UNKNOWN,UNKNOWN
538fed3f0fd60a6528a5e5b20990361ac4d274c58266a81e71c24f751612589d,9d27f4d0872e483ddbf460bda8a2e34b7180f153c6d7c1a74d692720476c9a7f,8,SIMANT_DATA_GROUP,34182,_theSimAntManPStr,DATA_SYMBOL,UNKNOWN,UNKNOWN
538fed3f0fd60a6528a5e5b20990361ac4d274c58266a81e71c24f751612589d,9d27f4d0872e483ddbf460bda8a2e34b7180f153c6d7c1a74d692720476c9a7f,8,SIMANT_DATA_GROUP,34200,_SaveEnvPromptPStr,DATA_SYMBOL,UNKNOWN,UNKNOWN
538fed3f0fd60a6528a5e5b20990361ac4d274c58266a81e71c24f751612589d,9d27f4d0872e483ddbf460bda8a2e34b7180f153c6d7c1a74d692720476c9a7f,8,SIMANT_DATA_GROUP,34216,_SimAntResrvPStr,DATA_SYMBOL,UNKNOWN,UNKNOWN
538fed3f0fd60a6528a5e5b20990361ac4d274c58266a81e71c24f751612589d,9d27f4d0872e483ddbf460bda8a2e34b7180f153c6d7c1a74d692720476c9a7f,8,SIMANT_DATA_GROUP,34248,_forthisAppPStr,DATA_SYMBOL,UNKNOWN,UNKNOWN
538fed3f0fd60a6528a5e5b20990361ac4d274c58266a81e71c24f751612589d,9d27f4d0872e483ddbf460bda8a2e34b7180f153c6d7c1a74d692720476c9a7f,8,SIMANT_DATA_GROUP,34272,_CapsLockKey,DATA_SYMBOL,UNKNOWN,UNKNOWN
538fed3f0fd60a6528a5e5b20990361ac4d274c58266a81e71c24f751612589d,9d27f4d0872e483ddbf460bda8a2e34b7180f153c6d7c1a74d692720476c9a7f,8,SIMANT_DATA_GROUP,34274,_CommandKey,DATA_SYMBOL,UNKNOWN,UNKNOWN
538fed3f0fd60a6528a5e5b20990361ac4d274c58266a81e71c24f751612589d,9d27f4d0872e483ddbf460bda8a2e34b7180f153c6d7c1a74d692720476c9a7f,8,SIMANT_DATA_GROUP,34276,_EscapeKey,DATA_SYMBOL,UNKNOWN,UNKNOWN
538fed3f0fd60a6528a5e5b20990361ac4d274c58266a81e71c24f751612589d,9d27f4d0872e483ddbf460bda8a2e34b7180f153c6d7c1a74d692720476c9a7f,8,SIMANT_DATA_GROUP,34278,_HelpKey,DATA_SYMBOL,UNKNOWN,UNKNOWN
538fed3f0fd60a6528a5e5b20990361ac4d274c58266a81e71c24f751612589d,9d27f4d0872e483ddbf460bda8a2e34b7180f153c6d7c1a74d692720476c9a7f,8,SIMANT_DATA_GROUP,34280,_HomeKey,DATA_SYMBOL,UNKNOWN,UNKNOWN
538fed3f0fd60a6528a5e5b20990361ac4d274c58266a81e71c24f751612589d,9d27f4d0872e483ddbf460bda8a2e34b7180f153c6d7c1a74d692720476c9a7f,8,SIMANT_DATA_GROUP,34282,_CurGndTileID,DATA_SYMBOL,UNKNOWN,UNKNOWN
538fed3f0fd60a6528a5e5b20990361ac4d274c58266a81e71c24f751612589d,9d27f4d0872e483ddbf460bda8a2e34b7180f153c6d7c1a74d692720476c9a7f,8,SIMANT_DATA_GROUP,34284,_TutorCnt,DATA_SYMBOL,UNKNOWN,UNKNOWN
538fed3f0fd60a6528a5e5b20990361ac4d274c58266a81e71c24f751612589d,9d27f4d0872e483ddbf460bda8a2e34b7180f153c6d7c1a74d692720476c9a7f,8,SIMANT_DATA_GROUP,34286,_TutLesson,DATA_SYMBOL,UNKNOWN,UNKNOWN
538fed3f0fd60a6528a5e5b20990361ac4d274c58266a81e71c24f751612589d,9d27f4d0872e483ddbf460bda8a2e34b7180f153c6d7c1a74d692720476c9a7f,8,SIMANT_DATA_GROUP,34288,_TutGiven,DATA_SYMBOL,UNKNOWN,UNKNOWN
538fed3f0fd60a6528a5e5b20990361ac4d274c58266a81e71c24f751612589d,9d27f4d0872e483ddbf460bda8a2e34b7180f153c6d7c1a74d692720476c9a7f,8,SIMANT_DATA_GROUP,34290,_OptionStates,DATA_SYMBOL,UNKNOWN,UNKNOWN
538fed3f0fd60a6528a5e5b20990361ac4d274c58266a81e71c24f751612589d,9d27f4d0872e483ddbf460bda8a2e34b7180f153c6d7c1a74d692720476c9a7f,8,SIMANT_DATA_GROUP,34304,_ExpSubStates,DATA_SYMBOL,UNKNOWN,UNKNOWN
538fed3f0fd60a6528a5e5b20990361ac4d274c58266a81e71c24f751612589d,9d27f4d0872e483ddbf460bda8a2e34b7180f153c6d7c1a74d692720476c9a7f,8,SIMANT_DATA_GROUP,34312,_MapPlane2EditTab,DATA_SYMBOL,UNKNOWN,UNKNOWN
538fed3f0fd60a6528a5e5b20990361ac4d274c58266a81e71c24f751612589d,9d27f4d0872e483ddbf460bda8a2e34b7180f153c6d7c1a74d692720476c9a7f,8,SIMANT_DATA_GROUP,34320,_MapMode,DATA_SYMBOL,UNKNOWN,UNKNOWN
538fed3f0fd60a6528a5e5b20990361ac4d274c58266a81e71c24f751612589d,9d27f4d0872e483ddbf460bda8a2e34b7180f153c6d7c1a74d692720476c9a7f,8,SIMANT_DATA_GROUP,34322,_BorderFlag,DATA_SYMBOL,UNKNOWN,UNKNOWN
538fed3f0fd60a6528a5e5b20990361ac4d274c58266a81e71c24f751612589d,9d27f4d0872e483ddbf460bda8a2e34b7180f153c6d7c1a74d692720476c9a7f,8,SIMANT_DATA_GROUP,34324,_GameSpeed,DATA_SYMBOL,UNKNOWN,UNKNOWN
538fed3f0fd60a6528a5e5b20990361ac4d274c58266a81e71c24f751612589d,9d27f4d0872e483ddbf460bda8a2e34b7180f153c6d7c1a74d692720476c9a7f,8,SIMANT_DATA_GROUP,34326,_SpeedDelayVals,DATA_SYMBOL,UNKNOWN,UNKNOWN
538fed3f0fd60a6528a5e5b20990361ac4d274c58266a81e71c24f751612589d,9d27f4d0872e483ddbf460bda8a2e34b7180f153c6d7c1a74d692720476c9a7f,8,SIMANT_DATA_GROUP,34334,_GameSpeedTab,DATA_SYMBOL,UNKNOWN,UNKNOWN
538fed3f0fd60a6528a5e5b20990361ac4d274c58266a81e71c24f751612589d,9d27f4d0872e483ddbf460bda8a2e34b7180f153c6d7c1a74d692720476c9a7f,8,SIMANT_DATA_GROUP,34338,_IdealCaste,DATA_SYMBOL,UNKNOWN,UNKNOWN
538fed3f0fd60a6528a5e5b20990361ac4d274c58266a81e71c24f751612589d,9d27f4d0872e483ddbf460bda8a2e34b7180f153c6d7c1a74d692720476c9a7f,8,SIMANT_DATA_GROUP,34346,_casteBarColors,DATA_SYMBOL,UNKNOWN,UNKNOWN
538fed3f0fd60a6528a5e5b20990361ac4d274c58266a81e71c24f751612589d,9d27f4d0872e483ddbf460bda8a2e34b7180f153c6d7c1a74d692720476c9a7f,8,SIMANT_DATA_GROUP,34352,_CasteAuto,DATA_SYMBOL,UNKNOWN,UNKNOWN
538fed3f0fd60a6528a5e5b20990361ac4d274c58266a81e71c24f751612589d,9d27f4d0872e483ddbf460bda8a2e34b7180f153c6d7c1a74d692720476c9a7f,8,SIMANT_DATA_GROUP,34354,_ShowPercentCaste,DATA_SYMBOL,UNKNOWN,UNKNOWN
538fed3f0fd60a6528a5e5b20990361ac4d274c58266a81e71c24f751612589d,9d27f4d0872e483ddbf460bda8a2e34b7180f153c6d7c1a74d692720476c9a7f,8,SIMANT_DATA_GROUP,34356,_casteLevelDefaults,DATA_SYMBOL,UNKNOWN,UNKNOWN
538fed3f0fd60a6528a5e5b20990361ac4d274c58266a81e71c24f751612589d,9d27f4d0872e483ddbf460bda8a2e34b7180f153c6d7c1a74d692720476c9a7f,8,SIMANT_DATA_GROUP,34362,_casteSetLevels,DATA_SYMBOL,UNKNOWN,UNKNOWN
538fed3f0fd60a6528a5e5b20990361ac4d274c58266a81e71c24f751612589d,9d27f4d0872e483ddbf460bda8a2e34b7180f153c6d7c1a74d692720476c9a7f,8,SIMANT_DATA_GROUP,34386,_modeLevelDefaults,DATA_SYMBOL,UNKNOWN,UNKNOWN
538fed3f0fd60a6528a5e5b20990361ac4d274c58266a81e71c24f751612589d,9d27f4d0872e483ddbf460bda8a2e34b7180f153c6d7c1a74d692720476c9a7f,8,SIMANT_DATA_GROUP,34392,_modeSetLevels,DATA_SYMBOL,UNKNOWN,UNKNOWN
538fed3f0fd60a6528a5e5b20990361ac4d274c58266a81e71c24f751612589d,9d27f4d0872e483ddbf460bda8a2e34b7180f153c6d7c1a74d692720476c9a7f,8,SIMANT_DATA_GROUP,34416,_HistCnt,DATA_SYMBOL,UNKNOWN,UNKNOWN
538fed3f0fd60a6528a5e5b20990361ac4d274c58266a81e71c24f751612589d,9d27f4d0872e483ddbf460bda8a2e34b7180f153c6d7c1a74d692720476c9a7f,8,SIMANT_DATA_GROUP,34418,_HistGraphs,DATA_SYMBOL,UNKNOWN,UNKNOWN
538fed3f0fd60a6528a5e5b20990361ac4d274c58266a81e71c24f751612589d,9d27f4d0872e483ddbf460bda8a2e34b7180f153c6d7c1a74d692720476c9a7f,8,SIMANT_DATA_GROUP,34458,_AltHistGraphs,DATA_SYMBOL,UNKNOWN,UNKNOWN
538fed3f0fd60a6528a5e5b20990361ac4d274c58266a81e71c24f751612589d,9d27f4d0872e483ddbf460bda8a2e34b7180f153c6d7c1a74d692720476c9a7f,8,SIMANT_DATA_GROUP,34498,_HistGraphColors,DATA_SYMBOL,UNKNOWN,UNKNOWN
538fed3f0fd60a6528a5e5b20990361ac4d274c58266a81e71c24f751612589d,9d27f4d0872e483ddbf460bda8a2e34b7180f153c6d7c1a74d692720476c9a7f,8,SIMANT_DATA_GROUP,34518,_HistButtStates,DATA_SYMBOL,UNKNOWN,UNKNOWN
538fed3f0fd60a6528a5e5b20990361ac4d274c58266a81e71c24f751612589d,9d27f4d0872e483ddbf460bda8a2e34b7180f153c6d7c1a74d692720476c9a7f,8,SIMANT_DATA_GROUP,34538,_RockTab,DATA_SYMBOL,UNKNOWN,UNKNOWN
538fed3f0fd60a6528a5e5b20990361ac4d274c58266a81e71c24f751612589d,9d27f4d0872e483ddbf460bda8a2e34b7180f153c6d7c1a74d692720476c9a7f,8,SIMANT_DATA_GROUP,34554,_WallTab,DATA_SYMBOL,UNKNOWN,UNKNOWN
538fed3f0fd60a6528a5e5b20990361ac4d274c58266a81e71c24f751612589d,9d27f4d0872e483ddbf460bda8a2e34b7180f153c6d7c1a74d692720476c9a7f,8,SIMANT_DATA_GROUP,34570,_RT5,DATA_SYMBOL,UNKNOWN,UNKNOWN
538fed3f0fd60a6528a5e5b20990361ac4d274c58266a81e71c24f751612589d,9d27f4d0872e483ddbf460bda8a2e34b7180f153c6d7c1a74d692720476c9a7f,8,SIMANT_DATA_GROUP,34720,_RT3,DATA_SYMBOL,UNKNOWN,UNKNOWN
538fed3f0fd60a6528a5e5b20990361ac4d274c58266a81e71c24f751612589d,9d27f4d0872e483ddbf460bda8a2e34b7180f153c6d7c1a74d692720476c9a7f,8,SIMANT_DATA_GROUP,34774,_SpidBalloonTicks,DATA_SYMBOL,UNKNOWN,UNKNOWN
538fed3f0fd60a6528a5e5b20990361ac4d274c58266a81e71c24f751612589d,9d27f4d0872e483ddbf460bda8a2e34b7180f153c6d7c1a74d692720476c9a7f,8,SIMANT_DATA_GROUP,34778,_SpidMsgOffset,DATA_SYMBOL,UNKNOWN,UNKNOWN
538fed3f0fd60a6528a5e5b20990361ac4d274c58266a81e71c24f751612589d,9d27f4d0872e483ddbf460bda8a2e34b7180f153c6d7c1a74d692720476c9a7f,8,SIMANT_DATA_GROUP,34780,_SpX,DATA_SYMBOL,UNKNOWN,UNKNOWN
538fed3f0fd60a6528a5e5b20990361ac4d274c58266a81e71c24f751612589d,9d27f4d0872e483ddbf460bda8a2e34b7180f153c6d7c1a74d692720476c9a7f,8,SIMANT_DATA_GROUP,34788,_SpY,DATA_SYMBOL,UNKNOWN,UNKNOWN
538fed3f0fd60a6528a5e5b20990361ac4d274c58266a81e71c24f751612589d,9d27f4d0872e483ddbf460bda8a2e34b7180f153c6d7c1a74d692720476c9a7f,8,SIMANT_DATA_GROUP,34796,_SeatX,DATA_SYMBOL,UNKNOWN,UNKNOWN
538fed3f0fd60a6528a5e5b20990361ac4d274c58266a81e71c24f751612589d,9d27f4d0872e483ddbf460bda8a2e34b7180f153c6d7c1a74d692720476c9a7f,8,SIMANT_DATA_GROUP,34804,_SeatY,DATA_SYMBOL,UNKNOWN,UNKNOWN
538fed3f0fd60a6528a5e5b20990361ac4d274c58266a81e71c24f751612589d,9d27f4d0872e483ddbf460bda8a2e34b7180f153c6d7c1a74d692720476c9a7f,8,SIMANT_DATA_GROUP,34812,_AnTab,DATA_SYMBOL,UNKNOWN,UNKNOWN
538fed3f0fd60a6528a5e5b20990361ac4d274c58266a81e71c24f751612589d,9d27f4d0872e483ddbf460bda8a2e34b7180f153c6d7c1a74d692720476c9a7f,8,SIMANT_DATA_GROUP,34820,_BodX,DATA_SYMBOL,UNKNOWN,UNKNOWN
538fed3f0fd60a6528a5e5b20990361ac4d274c58266a81e71c24f751612589d,9d27f4d0872e483ddbf460bda8a2e34b7180f153c6d7c1a74d692720476c9a7f,8,SIMANT_DATA_GROUP,34828,_BodY,DATA_SYMBOL,UNKNOWN,UNKNOWN
538fed3f0fd60a6528a5e5b20990361ac4d274c58266a81e71c24f751612589d,9d27f4d0872e483ddbf460bda8a2e34b7180f153c6d7c1a74d692720476c9a7f,8,SIMANT_DATA_GROUP,34836,_DBodX,DATA_SYMBOL,UNKNOWN,UNKNOWN
538fed3f0fd60a6528a5e5b20990361ac4d274c58266a81e71c24f751612589d,9d27f4d0872e483ddbf460bda8a2e34b7180f153c6d7c1a74d692720476c9a7f,8,SIMANT_DATA_GROUP,34840,_DBodY,DATA_SYMBOL,UNKNOWN,UNKNOWN
538fed3f0fd60a6528a5e5b20990361ac4d274c58266a81e71c24f751612589d,9d27f4d0872e483ddbf460bda8a2e34b7180f153c6d7c1a74d692720476c9a7f,8,SIMANT_DATA_GROUP,34844,_PxS,DATA_SYMBOL,UNKNOWN,UNKNOWN
538fed3f0fd60a6528a5e5b20990361ac4d274c58266a81e71c24f751612589d,9d27f4d0872e483ddbf460bda8a2e34b7180f153c6d7c1a74d692720476c9a7f,8,SIMANT_DATA_GROUP,34852,_PyS,DATA_SYMBOL,UNKNOWN,UNKNOWN
538fed3f0fd60a6528a5e5b20990361ac4d274c58266a81e71c24f751612589d,9d27f4d0872e483ddbf460bda8a2e34b7180f153c6d7c1a74d692720476c9a7f,8,SIMANT_DATA_GROUP,34860,_PxT,DATA_SYMBOL,UNKNOWN,UNKNOWN
538fed3f0fd60a6528a5e5b20990361ac4d274c58266a81e71c24f751612589d,9d27f4d0872e483ddbf460bda8a2e34b7180f153c6d7c1a74d692720476c9a7f,8,SIMANT_DATA_GROUP,34864,_PyT,DATA_SYMBOL,UNKNOWN,UNKNOWN
538fed3f0fd60a6528a5e5b20990361ac4d274c58266a81e71c24f751612589d,9d27f4d0872e483ddbf460bda8a2e34b7180f153c6d7c1a74d692720476c9a7f,8,SIMANT_DATA_GROUP,34868,_PxT2,DATA_SYMBOL,UNKNOWN,UNKNOWN
538fed3f0fd60a6528a5e5b20990361ac4d274c58266a81e71c24f751612589d,9d27f4d0872e483ddbf460bda8a2e34b7180f153c6d7c1a74d692720476c9a7f,8,SIMANT_DATA_GROUP,34872,_PyT2,DATA_SYMBOL,UNKNOWN,UNKNOWN
538fed3f0fd60a6528a5e5b20990361ac4d274c58266a81e71c24f751612589d,9d27f4d0872e483ddbf460bda8a2e34b7180f153c6d7c1a74d692720476c9a7f,8,SIMANT_DATA_GROUP,34876,_PxD,DATA_SYMBOL,UNKNOWN,UNKNOWN
538fed3f0fd60a6528a5e5b20990361ac4d274c58266a81e71c24f751612589d,9d27f4d0872e483ddbf460bda8a2e34b7180f153c6d7c1a74d692720476c9a7f,8,SIMANT_DATA_GROUP,34880,_PyD,DATA_SYMBOL,UNKNOWN,UNKNOWN
538fed3f0fd60a6528a5e5b20990361ac4d274c58266a81e71c24f751612589d,9d27f4d0872e483ddbf460bda8a2e34b7180f153c6d7c1a74d692720476c9a7f,8,SIMANT_DATA_GROUP,34884,_PxD2,DATA_SYMBOL,UNKNOWN,UNKNOWN
538fed3f0fd60a6528a5e5b20990361ac4d274c58266a81e71c24f751612589d,9d27f4d0872e483ddbf460bda8a2e34b7180f153c6d7c1a74d692720476c9a7f,8,SIMANT_DATA_GROUP,34888,_PyD2,DATA_SYMBOL,UNKNOWN,UNKNOWN
538fed3f0fd60a6528a5e5b20990361ac4d274c58266a81e71c24f751612589d,9d27f4d0872e483ddbf460bda8a2e34b7180f153c6d7c1a74d692720476c9a7f,8,SIMANT_DATA_GROUP,34892,_Lx,DATA_SYMBOL,UNKNOWN,UNKNOWN
538fed3f0fd60a6528a5e5b20990361ac4d274c58266a81e71c24f751612589d,9d27f4d0872e483ddbf460bda8a2e34b7180f153c6d7c1a74d692720476c9a7f,8,SIMANT_DATA_GROUP,34896,_Ly,DATA_SYMBOL,UNKNOWN,UNKNOWN
538fed3f0fd60a6528a5e5b20990361ac4d274c58266a81e71c24f751612589d,9d27f4d0872e483ddbf460bda8a2e34b7180f153c6d7c1a74d692720476c9a7f,8,SIMANT_DATA_GROUP,34900,_L1xA,DATA_SYMBOL,UNKNOWN,UNKNOWN
538fed3f0fd60a6528a5e5b20990361ac4d274c58266a81e71c24f751612589d,9d27f4d0872e483ddbf460bda8a2e34b7180f153c6d7c1a74d692720476c9a7f,8,SIMANT_DATA_GROUP,34908,_L1xB,DATA_SYMBOL,UNKNOWN,UNKNOWN
538fed3f0fd60a6528a5e5b20990361ac4d274c58266a81e71c24f751612589d,9d27f4d0872e483ddbf460bda8a2e34b7180f153c6d7c1a74d692720476c9a7f,8,SIMANT_DATA_GROUP,34916,_L2xA,DATA_SYMBOL,UNKNOWN,UNKNOWN
538fed3f0fd60a6528a5e5b20990361ac4d274c58266a81e71c24f751612589d,9d27f4d0872e483ddbf460bda8a2e34b7180f153c6d7c1a74d692720476c9a7f,8,SIMANT_DATA_GROUP,34924,_L2xB,DATA_SYMBOL,UNKNOWN,UNKNOWN
538fed3f0fd60a6528a5e5b20990361ac4d274c58266a81e71c24f751612589d,9d27f4d0872e483ddbf460bda8a2e34b7180f153c6d7c1a74d692720476c9a7f,8,SIMANT_DATA_GROUP,34932,_L3xA,DATA_SYMBOL,UNKNOWN,UNKNOWN
538fed3f0fd60a6528a5e5b20990361ac4d274c58266a81e71c24f751612589d,9d27f4d0872e483ddbf460bda8a2e34b7180f153c6d7c1a74d692720476c9a7f,8,SIMANT_DATA_GROUP,34940,_L3xB,DATA_SYMBOL,UNKNOWN,UNKNOWN
538fed3f0fd60a6528a5e5b20990361ac4d274c58266a81e71c24f751612589d,9d27f4d0872e483ddbf460bda8a2e34b7180f153c6d7c1a74d692720476c9a7f,8,SIMANT_DATA_GROUP,34948,_L4xA,DATA_SYMBOL,UNKNOWN,UNKNOWN
538fed3f0fd60a6528a5e5b20990361ac4d274c58266a81e71c24f751612589d,9d27f4d0872e483ddbf460bda8a2e34b7180f153c6d7c1a74d692720476c9a7f,8,SIMANT_DATA_GROUP,34956,_L4xB,DATA_SYMBOL,UNKNOWN,UNKNOWN
538fed3f0fd60a6528a5e5b20990361ac4d274c58266a81e71c24f751612589d,9d27f4d0872e483ddbf460bda8a2e34b7180f153c6d7c1a74d692720476c9a7f,8,SIMANT_DATA_GROUP,34964,_L1yA,DATA_SYMBOL,UNKNOWN,UNKNOWN
538fed3f0fd60a6528a5e5b20990361ac4d274c58266a81e71c24f751612589d,9d27f4d0872e483ddbf460bda8a2e34b7180f153c6d7c1a74d692720476c9a7f,8,SIMANT_DATA_GROUP,34972,_L1yB,DATA_SYMBOL,UNKNOWN,UNKNOWN
538fed3f0fd60a6528a5e5b20990361ac4d274c58266a81e71c24f751612589d,9d27f4d0872e483ddbf460bda8a2e34b7180f153c6d7c1a74d692720476c9a7f,8,SIMANT_DATA_GROUP,34980,_L2yA,DATA_SYMBOL,UNKNOWN,UNKNOWN
538fed3f0fd60a6528a5e5b20990361ac4d274c58266a81e71c24f751612589d,9d27f4d0872e483ddbf460bda8a2e34b7180f153c6d7c1a74d692720476c9a7f,8,SIMANT_DATA_GROUP,34988,_L2yB,DATA_SYMBOL,UNKNOWN,UNKNOWN
538fed3f0fd60a6528a5e5b20990361ac4d274c58266a81e71c24f751612589d,9d27f4d0872e483ddbf460bda8a2e34b7180f153c6d7c1a74d692720476c9a7f,8,SIMANT_DATA_GROUP,34996,_L3yA,DATA_SYMBOL,UNKNOWN,UNKNOWN
538fed3f0fd60a6528a5e5b20990361ac4d274c58266a81e71c24f751612589d,9d27f4d0872e483ddbf460bda8a2e34b7180f153c6d7c1a74d692720476c9a7f,8,SIMANT_DATA_GROUP,35004,_L3yB,DATA_SYMBOL,UNKNOWN,UNKNOWN
538fed3f0fd60a6528a5e5b20990361ac4d274c58266a81e71c24f751612589d,9d27f4d0872e483ddbf460bda8a2e34b7180f153c6d7c1a74d692720476c9a7f,8,SIMANT_DATA_GROUP,35012,_L4yA,DATA_SYMBOL,UNKNOWN,UNKNOWN
538fed3f0fd60a6528a5e5b20990361ac4d274c58266a81e71c24f751612589d,9d27f4d0872e483ddbf460bda8a2e34b7180f153c6d7c1a74d692720476c9a7f,8,SIMANT_DATA_GROUP,35020,_L4yB,DATA_SYMBOL,UNKNOWN,UNKNOWN
538fed3f0fd60a6528a5e5b20990361ac4d274c58266a81e71c24f751612589d,9d27f4d0872e483ddbf460bda8a2e34b7180f153c6d7c1a74d692720476c9a7f,8,SIMANT_DATA_GROUP,35028,_Dx,DATA_SYMBOL,UNKNOWN,UNKNOWN
538fed3f0fd60a6528a5e5b20990361ac4d274c58266a81e71c24f751612589d,9d27f4d0872e483ddbf460bda8a2e34b7180f153c6d7c1a74d692720476c9a7f,8,SIMANT_DATA_GROUP,35032,_Dy,DATA_SYMBOL,UNKNOWN,UNKNOWN
538fed3f0fd60a6528a5e5b20990361ac4d274c58266a81e71c24f751612589d,9d27f4d0872e483ddbf460bda8a2e34b7180f153c6d7c1a74d692720476c9a7f,8,SIMANT_DATA_GROUP,35036,_D1xA,DATA_SYMBOL,UNKNOWN,UNKNOWN
538fed3f0fd60a6528a5e5b20990361ac4d274c58266a81e71c24f751612589d,9d27f4d0872e483ddbf460bda8a2e34b7180f153c6d7c1a74d692720476c9a7f,8,SIMANT_DATA_GROUP,35044,_D1yA,DATA_SYMBOL,UNKNOWN,UNKNOWN
538fed3f0fd60a6528a5e5b20990361ac4d274c58266a81e71c24f751612589d,9d27f4d0872e483ddbf460bda8a2e34b7180f153c6d7c1a74d692720476c9a7f,8,SIMANT_DATA_GROUP,35052,_D2xA,DATA_SYMBOL,UNKNOWN,UNKNOWN
538fed3f0fd60a6528a5e5b20990361ac4d274c58266a81e71c24f751612589d,9d27f4d0872e483ddbf460bda8a2e34b7180f153c6d7c1a74d692720476c9a7f,8,SIMANT_DATA_GROUP,35060,_D2yA,DATA_SYMBOL,UNKNOWN,UNKNOWN
538fed3f0fd60a6528a5e5b20990361ac4d274c58266a81e71c24f751612589d,9d27f4d0872e483ddbf460bda8a2e34b7180f153c6d7c1a74d692720476c9a7f,8,SIMANT_DATA_GROUP,35068,_D3xA,DATA_SYMBOL,UNKNOWN,UNKNOWN
538fed3f0fd60a6528a5e5b20990361ac4d274c58266a81e71c24f751612589d,9d27f4d0872e483ddbf460bda8a2e34b7180f153c6d7c1a74d692720476c9a7f,8,SIMANT_DATA_GROUP,35076,_D3yA,DATA_SYMBOL,UNKNOWN,UNKNOWN
538fed3f0fd60a6528a5e5b20990361ac4d274c58266a81e71c24f751612589d,9d27f4d0872e483ddbf460bda8a2e34b7180f153c6d7c1a74d692720476c9a7f,8,SIMANT_DATA_GROUP,35084,_D4xA,DATA_SYMBOL,UNKNOWN,UNKNOWN
538fed3f0fd60a6528a5e5b20990361ac4d274c58266a81e71c24f751612589d,9d27f4d0872e483ddbf460bda8a2e34b7180f153c6d7c1a74d692720476c9a7f,8,SIMANT_DATA_GROUP,35092,_D4yA,DATA_SYMBOL,UNKNOWN,UNKNOWN
538fed3f0fd60a6528a5e5b20990361ac4d274c58266a81e71c24f751612589d,9d27f4d0872e483ddbf460bda8a2e34b7180f153c6d7c1a74d692720476c9a7f,8,SIMANT_DATA_GROUP,35100,_D1xB,DATA_SYMBOL,UNKNOWN,UNKNOWN
538fed3f0fd60a6528a5e5b20990361ac4d274c58266a81e71c24f751612589d,9d27f4d0872e483ddbf460bda8a2e34b7180f153c6d7c1a74d692720476c9a7f,8,SIMANT_DATA_GROUP,35108,_D1yB,DATA_SYMBOL,UNKNOWN,UNKNOWN
538fed3f0fd60a6528a5e5b20990361ac4d274c58266a81e71c24f751612589d,9d27f4d0872e483ddbf460bda8a2e34b7180f153c6d7c1a74d692720476c9a7f,8,SIMANT_DATA_GROUP,35116,_D2xB,DATA_SYMBOL,UNKNOWN,UNKNOWN
538fed3f0fd60a6528a5e5b20990361ac4d274c58266a81e71c24f751612589d,9d27f4d0872e483ddbf460bda8a2e34b7180f153c6d7c1a74d692720476c9a7f,8,SIMANT_DATA_GROUP,35124,_D2yB,DATA_SYMBOL,UNKNOWN,UNKNOWN
538fed3f0fd60a6528a5e5b20990361ac4d274c58266a81e71c24f751612589d,9d27f4d0872e483ddbf460bda8a2e34b7180f153c6d7c1a74d692720476c9a7f,8,SIMANT_DATA_GROUP,35132,_D3xB,DATA_SYMBOL,UNKNOWN,UNKNOWN
538fed3f0fd60a6528a5e5b20990361ac4d274c58266a81e71c24f751612589d,9d27f4d0872e483ddbf460bda8a2e34b7180f153c6d7c1a74d692720476c9a7f,8,SIMANT_DATA_GROUP,35140,_D3yB,DATA_SYMBOL,UNKNOWN,UNKNOWN
538fed3f0fd60a6528a5e5b20990361ac4d274c58266a81e71c24f751612589d,9d27f4d0872e483ddbf460bda8a2e34b7180f153c6d7c1a74d692720476c9a7f,8,SIMANT_DATA_GROUP,35148,_D4xB,DATA_SYMBOL,UNKNOWN,UNKNOWN
538fed3f0fd60a6528a5e5b20990361ac4d274c58266a81e71c24f751612589d,9d27f4d0872e483ddbf460bda8a2e34b7180f153c6d7c1a74d692720476c9a7f,8,SIMANT_DATA_GROUP,35156,_D4yB,DATA_SYMBOL,UNKNOWN,UNKNOWN
538fed3f0fd60a6528a5e5b20990361ac4d274c58266a81e71c24f751612589d,9d27f4d0872e483ddbf460bda8a2e34b7180f153c6d7c1a74d692720476c9a7f,8,SIMANT_DATA_GROUP,35164,_LionTrapPnts,DATA_SYMBOL,UNKNOWN,UNKNOWN
538fed3f0fd60a6528a5e5b20990361ac4d274c58266a81e71c24f751612589d,9d27f4d0872e483ddbf460bda8a2e34b7180f153c6d7c1a74d692720476c9a7f,8,SIMANT_DATA_GROUP,35180,_YellowEatPnt,DATA_SYMBOL,UNKNOWN,UNKNOWN
538fed3f0fd60a6528a5e5b20990361ac4d274c58266a81e71c24f751612589d,9d27f4d0872e483ddbf460bda8a2e34b7180f153c6d7c1a74d692720476c9a7f,8,SIMANT_DATA_GROUP,35184,_MRtab,DATA_SYMBOL,UNKNOWN,UNKNOWN
538fed3f0fd60a6528a5e5b20990361ac4d274c58266a81e71c24f751612589d,9d27f4d0872e483ddbf460bda8a2e34b7180f153c6d7c1a74d692720476c9a7f,8,SIMANT_DATA_GROUP,35198,_CasteTabC,DATA_SYMBOL,UNKNOWN,UNKNOWN
538fed3f0fd60a6528a5e5b20990361ac4d274c58266a81e71c24f751612589d,9d27f4d0872e483ddbf460bda8a2e34b7180f153c6d7c1a74d692720476c9a7f,8,SIMANT_DATA_GROUP,35246,_CasteTabB,DATA_SYMBOL,UNKNOWN,UNKNOWN
538fed3f0fd60a6528a5e5b20990361ac4d274c58266a81e71c24f751612589d,9d27f4d0872e483ddbf460bda8a2e34b7180f153c6d7c1a74d692720476c9a7f,8,SIMANT_DATA_GROUP,35254,_ModeTabB,DATA_SYMBOL,UNKNOWN,UNKNOWN
538fed3f0fd60a6528a5e5b20990361ac4d274c58266a81e71c24f751612589d,9d27f4d0872e483ddbf460bda8a2e34b7180f153c6d7c1a74d692720476c9a7f,8,SIMANT_DATA_GROUP,35266,_AutoModeTabB,DATA_SYMBOL,UNKNOWN,UNKNOWN
538fed3f0fd60a6528a5e5b20990361ac4d274c58266a81e71c24f751612589d,9d27f4d0872e483ddbf460bda8a2e34b7180f153c6d7c1a74d692720476c9a7f,8,SIMANT_DATA_GROUP,35302,_ModeTabWB,DATA_SYMBOL,UNKNOWN,UNKNOWN
538fed3f0fd60a6528a5e5b20990361ac4d274c58266a81e71c24f751612589d,9d27f4d0872e483ddbf460bda8a2e34b7180f153c6d7c1a74d692720476c9a7f,8,SIMANT_DATA_GROUP,35350,_ModeTabSB,DATA_SYMBOL,UNKNOWN,UNKNOWN
538fed3f0fd60a6528a5e5b20990361ac4d274c58266a81e71c24f751612589d,9d27f4d0872e483ddbf460bda8a2e34b7180f153c6d7c1a74d692720476c9a7f,8,SIMANT_DATA_GROUP,35398,_CasteModeTabB,DATA_SYMBOL,UNKNOWN,UNKNOWN
538fed3f0fd60a6528a5e5b20990361ac4d274c58266a81e71c24f751612589d,9d27f4d0872e483ddbf460bda8a2e34b7180f153c6d7c1a74d692720476c9a7f,8,SIMANT_DATA_GROUP,35414,_MakeMe,DATA_SYMBOL,UNKNOWN,UNKNOWN
538fed3f0fd60a6528a5e5b20990361ac4d274c58266a81e71c24f751612589d,9d27f4d0872e483ddbf460bda8a2e34b7180f153c6d7c1a74d692720476c9a7f,8,SIMANT_DATA_GROUP,35416,_ModeMe,DATA_SYMBOL,UNKNOWN,UNKNOWN
538fed3f0fd60a6528a5e5b20990361ac4d274c58266a81e71c24f751612589d,9d27f4d0872e483ddbf460bda8a2e34b7180f153c6d7c1a74d692720476c9a7f,8,SIMANT_DATA_GROUP,35418,_RevSpider,DATA_SYMBOL,UNKNOWN,UNKNOWN
538fed3f0fd60a6528a5e5b20990361ac4d274c58266a81e71c24f751612589d,9d27f4d0872e483ddbf460bda8a2e34b7180f153c6d7c1a74d692720476c9a7f,8,SIMANT_DATA_GROUP,35420,_Invincible,DATA_SYMBOL,UNKNOWN,UNKNOWN
538fed3f0fd60a6528a5e5b20990361ac4d274c58266a81e71c24f751612589d,9d27f4d0872e483ddbf460bda8a2e34b7180f153c6d7c1a74d692720476c9a7f,8,SIMANT_DATA_GROUP,35422,_NeverHungry,DATA_SYMBOL,UNKNOWN,UNKNOWN
538fed3f0fd60a6528a5e5b20990361ac4d274c58266a81e71c24f751612589d,9d27f4d0872e483ddbf460bda8a2e34b7180f153c6d7c1a74d692720476c9a7f,8,SIMANT_DATA_GROUP,35424,_AlwaysHealthy,DATA_SYMBOL,UNKNOWN,UNKNOWN
538fed3f0fd60a6528a5e5b20990361ac4d274c58266a81e71c24f751612589d,9d27f4d0872e483ddbf460bda8a2e34b7180f153c6d7c1a74d692720476c9a7f,8,SIMANT_DATA_GROUP,35426,_NextFeed,DATA_SYMBOL,UNKNOWN,UNKNOWN
538fed3f0fd60a6528a5e5b20990361ac4d274c58266a81e71c24f751612589d,9d27f4d0872e483ddbf460bda8a2e34b7180f153c6d7c1a74d692720476c9a7f,8,SIMANT_DATA_GROUP,35428,_RedInitOn,DATA_SYMBOL,UNKNOWN,UNKNOWN
538fed3f0fd60a6528a5e5b20990361ac4d274c58266a81e71c24f751612589d,9d27f4d0872e483ddbf460bda8a2e34b7180f153c6d7c1a74d692720476c9a7f,8,SIMANT_DATA_GROUP,35430,_ClearRainFlag,DATA_SYMBOL,UNKNOWN,UNKNOWN
538fed3f0fd60a6528a5e5b20990361ac4d274c58266a81e71c24f751612589d,9d27f4d0872e483ddbf460bda8a2e34b7180f153c6d7c1a74d692720476c9a7f,8,SIMANT_DATA_GROUP,35432,_ColonyUpdateFlag,DATA_SYMBOL,UNKNOWN,UNKNOWN
538fed3f0fd60a6528a5e5b20990361ac4d274c58266a81e71c24f751612589d,9d27f4d0872e483ddbf460bda8a2e34b7180f153c6d7c1a74d692720476c9a7f,8,SIMANT_DATA_GROUP,35434,_MeEggCarried,DATA_SYMBOL,UNKNOWN,UNKNOWN
538fed3f0fd60a6528a5e5b20990361ac4d274c58266a81e71c24f751612589d,9d27f4d0872e483ddbf460bda8a2e34b7180f153c6d7c1a74d692720476c9a7f,8,SIMANT_DATA_GROUP,35436,_MeNestStarted,DATA_SYMBOL,UNKNOWN,UNKNOWN
538fed3f0fd60a6528a5e5b20990361ac4d274c58266a81e71c24f751612589d,9d27f4d0872e483ddbf460bda8a2e34b7180f153c6d7c1a74d692720476c9a7f,8,SIMANT_DATA_GROUP,35438,_MeFoodInType,DATA_SYMBOL,UNKNOWN,UNKNOWN
538fed3f0fd60a6528a5e5b20990361ac4d274c58266a81e71c24f751612589d,9d27f4d0872e483ddbf460bda8a2e34b7180f153c6d7c1a74d692720476c9a7f,8,SIMANT_DATA_GROUP,35440,_BoyWait,DATA_SYMBOL,UNKNOWN,UNKNOWN
538fed3f0fd60a6528a5e5b20990361ac4d274c58266a81e71c24f751612589d,9d27f4d0872e483ddbf460bda8a2e34b7180f153c6d7c1a74d692720476c9a7f,8,SIMANT_DATA_GROUP,35442,_BoyDir,DATA_SYMBOL,UNKNOWN,UNKNOWN
538fed3f0fd60a6528a5e5b20990361ac4d274c58266a81e71c24f751612589d,9d27f4d0872e483ddbf460bda8a2e34b7180f153c6d7c1a74d692720476c9a7f,8,SIMANT_DATA_GROUP,35444,_BoyTurnCnt,DATA_SYMBOL,UNKNOWN,UNKNOWN
538fed3f0fd60a6528a5e5b20990361ac4d274c58266a81e71c24f751612589d,9d27f4d0872e483ddbf460bda8a2e34b7180f153c6d7c1a74d692720476c9a7f,8,SIMANT_DATA_GROUP,35446,_BxTab,DATA_SYMBOL,UNKNOWN,UNKNOWN
538fed3f0fd60a6528a5e5b20990361ac4d274c58266a81e71c24f751612589d,9d27f4d0872e483ddbf460bda8a2e34b7180f153c6d7c1a74d692720476c9a7f,8,SIMANT_DATA_GROUP,35450,_ByTab,DATA_SYMBOL,UNKNOWN,UNKNOWN
538fed3f0fd60a6528a5e5b20990361ac4d274c58266a81e71c24f751612589d,9d27f4d0872e483ddbf460bda8a2e34b7180f153c6d7c1a74d692720476c9a7f,8,SIMANT_DATA_GROUP,35454,_FootHere,DATA_SYMBOL,UNKNOWN,UNKNOWN
538fed3f0fd60a6528a5e5b20990361ac4d274c58266a81e71c24f751612589d,9d27f4d0872e483ddbf460bda8a2e34b7180f153c6d7c1a74d692720476c9a7f,8,SIMANT_DATA_GROUP,35456,_BoyStandCnt,DATA_SYMBOL,UNKNOWN,UNKNOWN
538fed3f0fd60a6528a5e5b20990361ac4d274c58266a81e71c24f751612589d,9d27f4d0872e483ddbf460bda8a2e34b7180f153c6d7c1a74d692720476c9a7f,8,SIMANT_DATA_GROUP,35458,_FootTog,DATA_SYMBOL,UNKNOWN,UNKNOWN
538fed3f0fd60a6528a5e5b20990361ac4d274c58266a81e71c24f751612589d,9d27f4d0872e483ddbf460bda8a2e34b7180f153c6d7c1a74d692720476c9a7f,8,SIMANT_DATA_GROUP,35460,_NodeCnt,DATA_SYMBOL,UNKNOWN,UNKNOWN
538fed3f0fd60a6528a5e5b20990361ac4d274c58266a81e71c24f751612589d,9d27f4d0872e483ddbf460bda8a2e34b7180f153c6d7c1a74d692720476c9a7f,8,SIMANT_DATA_GROUP,35462,_NodeNum,DATA_SYMBOL,UNKNOWN,UNKNOWN
538fed3f0fd60a6528a5e5b20990361ac4d274c58266a81e71c24f751612589d,9d27f4d0872e483ddbf460bda8a2e34b7180f153c6d7c1a74d692720476c9a7f,8,SIMANT_DATA_GROUP,35464,_LionIndex,DATA_SYMBOL,UNKNOWN,UNKNOWN
538fed3f0fd60a6528a5e5b20990361ac4d274c58266a81e71c24f751612589d,9d27f4d0872e483ddbf460bda8a2e34b7180f153c6d7c1a74d692720476c9a7f,8,SIMANT_DATA_GROUP,35466,_PillarState,DATA_SYMBOL,UNKNOWN,UNKNOWN
538fed3f0fd60a6528a5e5b20990361ac4d274c58266a81e71c24f751612589d,9d27f4d0872e483ddbf460bda8a2e34b7180f153c6d7c1a74d692720476c9a7f,8,SIMANT_DATA_GROUP,35468,_PillarX,DATA_SYMBOL,UNKNOWN,UNKNOWN
538fed3f0fd60a6528a5e5b20990361ac4d274c58266a81e71c24f751612589d,9d27f4d0872e483ddbf460bda8a2e34b7180f153c6d7c1a74d692720476c9a7f,8,SIMANT_DATA_GROUP,35470,_PillarY,DATA_SYMBOL,UNKNOWN,UNKNOWN
538fed3f0fd60a6528a5e5b20990361ac4d274c58266a81e71c24f751612589d,9d27f4d0872e483ddbf460bda8a2e34b7180f153c6d7c1a74d692720476c9a7f,8,SIMANT_DATA_GROUP,35472,_SowTab,DATA_SYMBOL,UNKNOWN,UNKNOWN
538fed3f0fd60a6528a5e5b20990361ac4d274c58266a81e71c24f751612589d,9d27f4d0872e483ddbf460bda8a2e34b7180f153c6d7c1a74d692720476c9a7f,8,SIMANT_DATA_GROUP,35480,_SimAntServerFlag,DATA_SYMBOL,UNKNOWN,UNKNOWN
538fed3f0fd60a6528a5e5b20990361ac4d274c58266a81e71c24f751612589d,9d27f4d0872e483ddbf460bda8a2e34b7180f153c6d7c1a74d692720476c9a7f,8,SIMANT_DATA_GROUP,35482,_SimAntClientFlag,DATA_SYMBOL,UNKNOWN,UNKNOWN
538fed3f0fd60a6528a5e5b20990361ac4d274c58266a81e71c24f751612589d,9d27f4d0872e483ddbf460bda8a2e34b7180f153c6d7c1a74d692720476c9a7f,8,SIMANT_DATA_GROUP,35484,_SimAntDataFlag,DATA_SYMBOL,UNKNOWN,UNKNOWN
538fed3f0fd60a6528a5e5b20990361ac4d274c58266a81e71c24f751612589d,9d27f4d0872e483ddbf460bda8a2e34b7180f153c6d7c1a74d692720476c9a7f,8,SIMANT_DATA_GROUP,35488,_bookMark,DATA_SYMBOL,UNKNOWN,UNKNOWN
538fed3f0fd60a6528a5e5b20990361ac4d274c58266a81e71c24f751612589d,9d27f4d0872e483ddbf460bda8a2e34b7180f153c6d7c1a74d692720476c9a7f,8,SIMANT_DATA_GROUP,35558,_userButtonHelpId,DATA_SYMBOL,UNKNOWN,UNKNOWN
538fed3f0fd60a6528a5e5b20990361ac4d274c58266a81e71c24f751612589d,9d27f4d0872e483ddbf460bda8a2e34b7180f153c6d7c1a74d692720476c9a7f,8,SIMANT_DATA_GROUP,35622,_graphicsName,DATA_SYMBOL,UNKNOWN,UNKNOWN
538fed3f0fd60a6528a5e5b20990361ac4d274c58266a81e71c24f751612589d,9d27f4d0872e483ddbf460bda8a2e34b7180f153c6d7c1a74d692720476c9a7f,8,SIMANT_DATA_GROUP,35626,_notEnoughMemoryStr,DATA_SYMBOL,UNKNOWN,UNKNOWN
538fed3f0fd60a6528a5e5b20990361ac4d274c58266a81e71c24f751612589d,9d27f4d0872e483ddbf460bda8a2e34b7180f153c6d7c1a74d692720476c9a7f,8,SIMANT_DATA_GROUP,35630,_usageStr,DATA_SYMBOL,UNKNOWN,UNKNOWN
538fed3f0fd60a6528a5e5b20990361ac4d274c58266a81e71c24f751612589d,9d27f4d0872e483ddbf460bda8a2e34b7180f153c6d7c1a74d692720476c9a7f,8,SIMANT_DATA_GROUP,35634,_configFileMissingStr,DATA_SYMBOL,UNKNOWN,UNKNOWN
538fed3f0fd60a6528a5e5b20990361ac4d274c58266a81e71c24f751612589d,9d27f4d0872e483ddbf460bda8a2e34b7180f153c6d7c1a74d692720476c9a7f,8,SIMANT_DATA_GROUP,35638,_configFileName,DATA_SYMBOL,UNKNOWN,UNKNOWN
538fed3f0fd60a6528a5e5b20990361ac4d274c58266a81e71c24f751612589d,9d27f4d0872e483ddbf460bda8a2e34b7180f153c6d7c1a74d692720476c9a7f,8,SIMANT_DATA_GROUP,35642,_helpFileName,DATA_SYMBOL,UNKNOWN,UNKNOWN
538fed3f0fd60a6528a5e5b20990361ac4d274c58266a81e71c24f751612589d,9d27f4d0872e483ddbf460bda8a2e34b7180f153c6d7c1a74d692720476c9a7f,8,SIMANT_DATA_GROUP,35646,_regName,DATA_SYMBOL,UNKNOWN,UNKNOWN
538fed3f0fd60a6528a5e5b20990361ac4d274c58266a81e71c24f751612589d,9d27f4d0872e483ddbf460bda8a2e34b7180f153c6d7c1a74d692720476c9a7f,8,SIMANT_DATA_GROUP,35692,_regTime,DATA_SYMBOL,UNKNOWN,UNKNOWN
538fed3f0fd60a6528a5e5b20990361ac4d274c58266a81e71c24f751612589d,9d27f4d0872e483ddbf460bda8a2e34b7180f153c6d7c1a74d692720476c9a7f,8,SIMANT_DATA_GROUP,35696,_serialStr,DATA_SYMBOL,UNKNOWN,UNKNOWN
538fed3f0fd60a6528a5e5b20990361ac4d274c58266a81e71c24f751612589d,9d27f4d0872e483ddbf460bda8a2e34b7180f153c6d7c1a74d692720476c9a7f,8,SIMANT_DATA_GROUP,35716,_licenseStr,DATA_SYMBOL,UNKNOWN,UNKNOWN
538fed3f0fd60a6528a5e5b20990361ac4d274c58266a81e71c24f751612589d,9d27f4d0872e483ddbf460bda8a2e34b7180f153c6d7c1a74d692720476c9a7f,8,SIMANT_DATA_GROUP,35772,_distribStr,DATA_SYMBOL,UNKNOWN,UNKNOWN
538fed3f0fd60a6528a5e5b20990361ac4d274c58266a81e71c24f751612589d,9d27f4d0872e483ddbf460bda8a2e34b7180f153c6d7c1a74d692720476c9a7f,8,SIMANT_DATA_GROUP,35840,_egargb,DATA_SYMBOL,UNKNOWN,UNKNOWN
538fed3f0fd60a6528a5e5b20990361ac4d274c58266a81e71c24f751612589d,9d27f4d0872e483ddbf460bda8a2e34b7180f153c6d7c1a74d692720476c9a7f,8,SIMANT_DATA_GROUP,35904,_rgb,DATA_SYMBOL,UNKNOWN,UNKNOWN
538fed3f0fd60a6528a5e5b20990361ac4d274c58266a81e71c24f751612589d,9d27f4d0872e483ddbf460bda8a2e34b7180f153c6d7c1a74d692720476c9a7f,8,SIMANT_DATA_GROUP,35968,_sysColor,DATA_SYMBOL,UNKNOWN,UNKNOWN
538fed3f0fd60a6528a5e5b20990361ac4d274c58266a81e71c24f751612589d,9d27f4d0872e483ddbf460bda8a2e34b7180f153c6d7c1a74d692720476c9a7f,8,SIMANT_DATA_GROUP,36006,_colorValue,DATA_SYMBOL,UNKNOWN,UNKNOWN
538fed3f0fd60a6528a5e5b20990361ac4d274c58266a81e71c24f751612589d,9d27f4d0872e483ddbf460bda8a2e34b7180f153c6d7c1a74d692720476c9a7f,8,SIMANT_DATA_GROUP,36342,_editBufInvalidFlag,DATA_SYMBOL,UNKNOWN,UNKNOWN
538fed3f0fd60a6528a5e5b20990361ac4d274c58266a81e71c24f751612589d,9d27f4d0872e483ddbf460bda8a2e34b7180f153c6d7c1a74d692720476c9a7f,8,SIMANT_DATA_GROUP,37776,_versionStr,DATA_SYMBOL,UNKNOWN,UNKNOWN
538fed3f0fd60a6528a5e5b20990361ac4d274c58266a81e71c24f751612589d,9d27f4d0872e483ddbf460bda8a2e34b7180f153c6d7c1a74d692720476c9a7f,8,SIMANT_DATA_GROUP,40736,_yardBalloon,DATA_SYMBOL,UNKNOWN,UNKNOWN
538fed3f0fd60a6528a5e5b20990361ac4d274c58266a81e71c24f751612589d,9d27f4d0872e483ddbf460bda8a2e34b7180f153c6d7c1a74d692720476c9a7f,8,SIMANT_DATA_GROUP,40738,_yardMsgBuf,DATA_SYMBOL,UNKNOWN,UNKNOWN
538fed3f0fd60a6528a5e5b20990361ac4d274c58266a81e71c24f751612589d,9d27f4d0872e483ddbf460bda8a2e34b7180f153c6d7c1a74d692720476c9a7f,8,SIMANT_DATA_GROUP,40740,_yardBalloonHandle,DATA_SYMBOL,UNKNOWN,UNKNOWN
538fed3f0fd60a6528a5e5b20990361ac4d274c58266a81e71c24f751612589d,9d27f4d0872e483ddbf460bda8a2e34b7180f153c6d7c1a74d692720476c9a7f,8,SIMANT_DATA_GROUP,40742,_yardMsgHandle,DATA_SYMBOL,UNKNOWN,UNKNOWN
538fed3f0fd60a6528a5e5b20990361ac4d274c58266a81e71c24f751612589d,9d27f4d0872e483ddbf460bda8a2e34b7180f153c6d7c1a74d692720476c9a7f,8,SIMANT_DATA_GROUP,42992,_NB_RETCODE,DATA_SYMBOL,UNKNOWN,UNKNOWN
538fed3f0fd60a6528a5e5b20990361ac4d274c58266a81e71c24f751612589d,9d27f4d0872e483ddbf460bda8a2e34b7180f153c6d7c1a74d692720476c9a7f,9,PACK,0,_match_position,DATA_SYMBOL,UNKNOWN,UNKNOWN
538fed3f0fd60a6528a5e5b20990361ac4d274c58266a81e71c24f751612589d,9d27f4d0872e483ddbf460bda8a2e34b7180f153c6d7c1a74d692720476c9a7f,9,PACK,2,_match_length,DATA_SYMBOL,UNKNOWN,UNKNOWN
538fed3f0fd60a6528a5e5b20990361ac4d274c58266a81e71c24f751612589d,9d27f4d0872e483ddbf460bda8a2e34b7180f153c6d7c1a74d692720476c9a7f,9,PACK,4,_pack_buf,DATA_SYMBOL,UNKNOWN,UNKNOWN
538fed3f0fd60a6528a5e5b20990361ac4d274c58266a81e71c24f751612589d,9d27f4d0872e483ddbf460bda8a2e34b7180f153c6d7c1a74d692720476c9a7f,9,PACK,29328,_Scycle,DATA_SYMBOL,UNKNOWN,UNKNOWN
538fed3f0fd60a6528a5e5b20990361ac4d274c58266a81e71c24f751612589d,9d27f4d0872e483ddbf460bda8a2e34b7180f153c6d7c1a74d692720476c9a7f,9,PACK,29330,_EditColumns,DATA_SYMBOL,UNKNOWN,UNKNOWN
538fed3f0fd60a6528a5e5b20990361ac4d274c58266a81e71c24f751612589d,9d27f4d0872e483ddbf460bda8a2e34b7180f153c6d7c1a74d692720476c9a7f,9,PACK,29332,_MiscStrs,DATA_SYMBOL,UNKNOWN,UNKNOWN
538fed3f0fd60a6528a5e5b20990361ac4d274c58266a81e71c24f751612589d,9d27f4d0872e483ddbf460bda8a2e34b7180f153c6d7c1a74d692720476c9a7f,9,PACK,29336,_LastQueenPlane,DATA_SYMBOL,UNKNOWN,UNKNOWN
538fed3f0fd60a6528a5e5b20990361ac4d274c58266a81e71c24f751612589d,9d27f4d0872e483ddbf460bda8a2e34b7180f153c6d7c1a74d692720476c9a7f,9,PACK,29338,_EditDragPnt,DATA_SYMBOL,UNKNOWN,UNKNOWN
538fed3f0fd60a6528a5e5b20990361ac4d274c58266a81e71c24f751612589d,9d27f4d0872e483ddbf460bda8a2e34b7180f153c6d7c1a74d692720476c9a7f,9,PACK,29342,_SMode,DATA_SYMBOL,UNKNOWN,UNKNOWN
538fed3f0fd60a6528a5e5b20990361ac4d274c58266a81e71c24f751612589d,9d27f4d0872e483ddbf460bda8a2e34b7180f153c6d7c1a74d692720476c9a7f,9,PACK,29344,_modeButtonState,DATA_SYMBOL,UNKNOWN,UNKNOWN
538fed3f0fd60a6528a5e5b20990361ac4d274c58266a81e71c24f751612589d,9d27f4d0872e483ddbf460bda8a2e34b7180f153c6d7c1a74d692720476c9a7f,9,PACK,29346,_CurRestPlane,DATA_SYMBOL,UNKNOWN,UNKNOWN
538fed3f0fd60a6528a5e5b20990361ac4d274c58266a81e71c24f751612589d,9d27f4d0872e483ddbf460bda8a2e34b7180f153c6d7c1a74d692720476c9a7f,9,PACK,29348,_StoreArray,DATA_SYMBOL,UNKNOWN,UNKNOWN
538fed3f0fd60a6528a5e5b20990361ac4d274c58266a81e71c24f751612589d,9d27f4d0872e483ddbf460bda8a2e34b7180f153c6d7c1a74d692720476c9a7f,9,PACK,29358,_mapCursorRect,DATA_SYMBOL,UNKNOWN,UNKNOWN
538fed3f0fd60a6528a5e5b20990361ac4d274c58266a81e71c24f751612589d,9d27f4d0872e483ddbf460bda8a2e34b7180f153c6d7c1a74d692720476c9a7f,9,PACK,29366,_CatCycle,DATA_SYMBOL,UNKNOWN,UNKNOWN
538fed3f0fd60a6528a5e5b20990361ac4d274c58266a81e71c24f751612589d,9d27f4d0872e483ddbf460bda8a2e34b7180f153c6d7c1a74d692720476c9a7f,9,PACK,29368,_custNameStrHandle,DATA_SYMBOL,UNKNOWN,UNKNOWN
538fed3f0fd60a6528a5e5b20990361ac4d274c58266a81e71c24f751612589d,9d27f4d0872e483ddbf460bda8a2e34b7180f153c6d7c1a74d692720476c9a7f,9,PACK,29370,_ncbHead,DATA_SYMBOL,UNKNOWN,UNKNOWN
538fed3f0fd60a6528a5e5b20990361ac4d274c58266a81e71c24f751612589d,9d27f4d0872e483ddbf460bda8a2e34b7180f153c6d7c1a74d692720476c9a7f,9,PACK,29372,_CatDir,DATA_SYMBOL,UNKNOWN,UNKNOWN
538fed3f0fd60a6528a5e5b20990361ac4d274c58266a81e71c24f751612589d,9d27f4d0872e483ddbf460bda8a2e34b7180f153c6d7c1a74d692720476c9a7f,9,PACK,29374,_WantRestBalloon,DATA_SYMBOL,UNKNOWN,UNKNOWN
538fed3f0fd60a6528a5e5b20990361ac4d274c58266a81e71c24f751612589d,9d27f4d0872e483ddbf460bda8a2e34b7180f153c6d7c1a74d692720476c9a7f,9,PACK,29376,_LastColonyPopB,DATA_SYMBOL,UNKNOWN,UNKNOWN
538fed3f0fd60a6528a5e5b20990361ac4d274c58266a81e71c24f751612589d,9d27f4d0872e483ddbf460bda8a2e34b7180f153c6d7c1a74d692720476c9a7f,9,PACK,29378,_SpidRevenge,DATA_SYMBOL,UNKNOWN,UNKNOWN
538fed3f0fd60a6528a5e5b20990361ac4d274c58266a81e71c24f751612589d,9d27f4d0872e483ddbf460bda8a2e34b7180f153c6d7c1a74d692720476c9a7f,9,PACK,29380,_LastRestPnt,DATA_SYMBOL,UNKNOWN,UNKNOWN
538fed3f0fd60a6528a5e5b20990361ac4d274c58266a81e71c24f751612589d,9d27f4d0872e483ddbf460bda8a2e34b7180f153c6d7c1a74d692720476c9a7f,9,PACK,29384,_TilesDugB,DATA_SYMBOL,UNKNOWN,UNKNOWN
538fed3f0fd60a6528a5e5b20990361ac4d274c58266a81e71c24f751612589d,9d27f4d0872e483ddbf460bda8a2e34b7180f153c6d7c1a74d692720476c9a7f,9,PACK,29386,_lastMapMapBuf,DATA_SYMBOL,UNKNOWN,UNKNOWN
538fed3f0fd60a6528a5e5b20990361ac4d274c58266a81e71c24f751612589d,9d27f4d0872e483ddbf460bda8a2e34b7180f153c6d7c1a74d692720476c9a7f,9,PACK,29388,_ListIndexR,DATA_SYMBOL,UNKNOWN,UNKNOWN
538fed3f0fd60a6528a5e5b20990361ac4d274c58266a81e71c24f751612589d,9d27f4d0872e483ddbf460bda8a2e34b7180f153c6d7c1a74d692720476c9a7f,9,PACK,29390,PLOCALHEAP,DATA_SYMBOL,UNKNOWN,UNKNOWN
538fed3f0fd60a6528a5e5b20990361ac4d274c58266a81e71c24f751612589d,9d27f4d0872e483ddbf460bda8a2e34b7180f153c6d7c1a74d692720476c9a7f,9,PACK,29392,_hHelpCursor,DATA_SYMBOL,UNKNOWN,UNKNOWN
538fed3f0fd60a6528a5e5b20990361ac4d274c58266a81e71c24f751612589d,9d27f4d0872e483ddbf460bda8a2e34b7180f153c6d7c1a74d692720476c9a7f,9,PACK,29394,_triBoundRun,DATA_SYMBOL,UNKNOWN,UNKNOWN
538fed3f0fd60a6528a5e5b20990361ac4d274c58266a81e71c24f751612589d,9d27f4d0872e483ddbf460bda8a2e34b7180f153c6d7c1a74d692720476c9a7f,9,PACK,29398,_spiderRect,DATA_SYMBOL,UNKNOWN,UNKNOWN
538fed3f0fd60a6528a5e5b20990361ac4d274c58266a81e71c24f751612589d,9d27f4d0872e483ddbf460bda8a2e34b7180f153c6d7c1a74d692720476c9a7f,9,PACK,29406,_FoodR,DATA_SYMBOL,UNKNOWN,UNKNOWN
538fed3f0fd60a6528a5e5b20990361ac4d274c58266a81e71c24f751612589d,9d27f4d0872e483ddbf460bda8a2e34b7180f153c6d7c1a74d692720476c9a7f,9,PACK,29408,_DeathCnt,DATA_SYMBOL,UNKNOWN,UNKNOWN
538fed3f0fd60a6528a5e5b20990361ac4d274c58266a81e71c24f751612589d,9d27f4d0872e483ddbf460bda8a2e34b7180f153c6d7c1a74d692720476c9a7f,9,PACK,29410,_custIdNumStrHandle,DATA_SYMBOL,UNKNOWN,UNKNOWN
538fed3f0fd60a6528a5e5b20990361ac4d274c58266a81e71c24f751612589d,9d27f4d0872e483ddbf460bda8a2e34b7180f153c6d7c1a74d692720476c9a7f,9,PACK,29412,_MeCrazyCnt,DATA_SYMBOL,UNKNOWN,UNKNOWN
538fed3f0fd60a6528a5e5b20990361ac4d274c58266a81e71c24f751612589d,9d27f4d0872e483ddbf460bda8a2e34b7180f153c6d7c1a74d692720476c9a7f,9,PACK,29414,_gInBackground,DATA_SYMBOL,UNKNOWN,UNKNOWN
538fed3f0fd60a6528a5e5b20990361ac4d274c58266a81e71c24f751612589d,9d27f4d0872e483ddbf460bda8a2e34b7180f153c6d7c1a74d692720476c9a7f,9,PACK,29416,_HistGraphStrs,DATA_SYMBOL,UNKNOWN,UNKNOWN
538fed3f0fd60a6528a5e5b20990361ac4d274c58266a81e71c24f751612589d,9d27f4d0872e483ddbf460bda8a2e34b7180f153c6d7c1a74d692720476c9a7f,9,PACK,29420,_ChaseSpid,DATA_SYMBOL,UNKNOWN,UNKNOWN
538fed3f0fd60a6528a5e5b20990361ac4d274c58266a81e71c24f751612589d,9d27f4d0872e483ddbf460bda8a2e34b7180f153c6d7c1a74d692720476c9a7f,9,PACK,29422,_MeTargLife,DATA_SYMBOL,UNKNOWN,UNKNOWN
538fed3f0fd60a6528a5e5b20990361ac4d274c58266a81e71c24f751612589d,9d27f4d0872e483ddbf460bda8a2e34b7180f153c6d7c1a74d692720476c9a7f,9,PACK,29424,_UDMapFlip,DATA_SYMBOL,UNKNOWN,UNKNOWN
538fed3f0fd60a6528a5e5b20990361ac4d274c58266a81e71c24f751612589d,9d27f4d0872e483ddbf460bda8a2e34b7180f153c6d7c1a74d692720476c9a7f,9,PACK,29426,_BoyMsgOffset,DATA_SYMBOL,UNKNOWN,UNKNOWN
538fed3f0fd60a6528a5e5b20990361ac4d274c58266a81e71c24f751612589d,9d27f4d0872e483ddbf460bda8a2e34b7180f153c6d7c1a74d692720476c9a7f,9,PACK,29428,_LastSMode,DATA_SYMBOL,UNKNOWN,UNKNOWN
538fed3f0fd60a6528a5e5b20990361ac4d274c58266a81e71c24f751612589d,9d27f4d0872e483ddbf460bda8a2e34b7180f153c6d7c1a74d692720476c9a7f,9,PACK,29430,_RMapPnt,DATA_SYMBOL,UNKNOWN,UNKNOWN
538fed3f0fd60a6528a5e5b20990361ac4d274c58266a81e71c24f751612589d,9d27f4d0872e483ddbf460bda8a2e34b7180f153c6d7c1a74d692720476c9a7f,9,PACK,29434,_H_BPop,DATA_SYMBOL,UNKNOWN,UNKNOWN
538fed3f0fd60a6528a5e5b20990361ac4d274c58266a81e71c24f751612589d,9d27f4d0872e483ddbf460bda8a2e34b7180f153c6d7c1a74d692720476c9a7f,9,PACK,29562,_WindPromptStrs,DATA_SYMBOL,UNKNOWN,UNKNOWN
538fed3f0fd60a6528a5e5b20990361ac4d274c58266a81e71c24f751612589d,9d27f4d0872e483ddbf460bda8a2e34b7180f153c6d7c1a74d692720476c9a7f,9,PACK,29566,_CatDelay,DATA_SYMBOL,UNKNOWN,UNKNOWN
538fed3f0fd60a6528a5e5b20990361ac4d274c58266a81e71c24f751612589d,9d27f4d0872e483ddbf460bda8a2e34b7180f153c6d7c1a74d692720476c9a7f,9,PACK,29570,_H_FoodA,DATA_SYMBOL,UNKNOWN,UNKNOWN
538fed3f0fd60a6528a5e5b20990361ac4d274c58266a81e71c24f751612589d,9d27f4d0872e483ddbf460bda8a2e34b7180f153c6d7c1a74d692720476c9a7f,9,PACK,29698,_EatCountB,DATA_SYMBOL,UNKNOWN,UNKNOWN
538fed3f0fd60a6528a5e5b20990361ac4d274c58266a81e71c24f751612589d,9d27f4d0872e483ddbf460bda8a2e34b7180f153c6d7c1a74d692720476c9a7f,9,PACK,29700,_FightBalloonCnt,DATA_SYMBOL,UNKNOWN,UNKNOWN
538fed3f0fd60a6528a5e5b20990361ac4d274c58266a81e71c24f751612589d,9d27f4d0872e483ddbf460bda8a2e34b7180f153c6d7c1a74d692720476c9a7f,9,PACK,29702,_LastEggPlane,DATA_SYMBOL,UNKNOWN,UNKNOWN
538fed3f0fd60a6528a5e5b20990361ac4d274c58266a81e71c24f751612589d,9d27f4d0872e483ddbf460bda8a2e34b7180f153c6d7c1a74d692720476c9a7f,9,PACK,29704,_openDBData,DATA_SYMBOL,UNKNOWN,UNKNOWN
538fed3f0fd60a6528a5e5b20990361ac4d274c58266a81e71c24f751612589d,9d27f4d0872e483ddbf460bda8a2e34b7180f153c6d7c1a74d692720476c9a7f,9,PACK,30200,_WantSpiderBalloon,DATA_SYMBOL,UNKNOWN,UNKNOWN
538fed3f0fd60a6528a5e5b20990361ac4d274c58266a81e71c24f751612589d,9d27f4d0872e483ddbf460bda8a2e34b7180f153c6d7c1a74d692720476c9a7f,9,PACK,30202,_MeDropAlarm,DATA_SYMBOL,UNKNOWN,UNKNOWN
538fed3f0fd60a6528a5e5b20990361ac4d274c58266a81e71c24f751612589d,9d27f4d0872e483ddbf460bda8a2e34b7180f153c6d7c1a74d692720476c9a7f,9,PACK,30204,_Cycle,DATA_SYMBOL,UNKNOWN,UNKNOWN
538fed3f0fd60a6528a5e5b20990361ac4d274c58266a81e71c24f751612589d,9d27f4d0872e483ddbf460bda8a2e34b7180f153c6d7c1a74d692720476c9a7f,9,PACK,30206,_YDMapFlip,DATA_SYMBOL,UNKNOWN,UNKNOWN
538fed3f0fd60a6528a5e5b20990361ac4d274c58266a81e71c24f751612589d,9d27f4d0872e483ddbf460bda8a2e34b7180f153c6d7c1a74d692720476c9a7f,9,PACK,30208,_oldMusicOn,DATA_SYMBOL,UNKNOWN,UNKNOWN
538fed3f0fd60a6528a5e5b20990361ac4d274c58266a81e71c24f751612589d,9d27f4d0872e483ddbf460bda8a2e34b7180f153c6d7c1a74d692720476c9a7f,9,PACK,30210,_ShowPercentMode,DATA_SYMBOL,UNKNOWN,UNKNOWN
538fed3f0fd60a6528a5e5b20990361ac4d274c58266a81e71c24f751612589d,9d27f4d0872e483ddbf460bda8a2e34b7180f153c6d7c1a74d692720476c9a7f,9,PACK,30212,_Barrier,DATA_SYMBOL,UNKNOWN,UNKNOWN
538fed3f0fd60a6528a5e5b20990361ac4d274c58266a81e71c24f751612589d,9d27f4d0872e483ddbf460bda8a2e34b7180f153c6d7c1a74d692720476c9a7f,9,PACK,30214,_RedPlane,DATA_SYMBOL,UNKNOWN,UNKNOWN
538fed3f0fd60a6528a5e5b20990361ac4d274c58266a81e71c24f751612589d,9d27f4d0872e483ddbf460bda8a2e34b7180f153c6d7c1a74d692720476c9a7f,9,PACK,30216,_H_RPop,DATA_SYMBOL,UNKNOWN,UNKNOWN
538fed3f0fd60a6528a5e5b20990361ac4d274c58266a81e71c24f751612589d,9d27f4d0872e483ddbf460bda8a2e34b7180f153c6d7c1a74d692720476c9a7f,9,PACK,30344,_FontNameStrs,DATA_SYMBOL,UNKNOWN,UNKNOWN
538fed3f0fd60a6528a5e5b20990361ac4d274c58266a81e71c24f751612589d,9d27f4d0872e483ddbf460bda8a2e34b7180f153c6d7c1a74d692720476c9a7f,9,PACK,30348,_shiftMaskPutRtn,DATA_SYMBOL,UNKNOWN,UNKNOWN
538fed3f0fd60a6528a5e5b20990361ac4d274c58266a81e71c24f751612589d,9d27f4d0872e483ddbf460bda8a2e34b7180f153c6d7c1a74d692720476c9a7f,9,PACK,30352,_StrategicModeR,DATA_SYMBOL,UNKNOWN,UNKNOWN
538fed3f0fd60a6528a5e5b20990361ac4d274c58266a81e71c24f751612589d,9d27f4d0872e483ddbf460bda8a2e34b7180f153c6d7c1a74d692720476c9a7f,9,PACK,30354,_lastStrPos,DATA_SYMBOL,UNKNOWN,UNKNOWN
538fed3f0fd60a6528a5e5b20990361ac4d274c58266a81e71c24f751612589d,9d27f4d0872e483ddbf460bda8a2e34b7180f153c6d7c1a74d692720476c9a7f,9,PACK,30358,_triBoundMaxD,DATA_SYMBOL,UNKNOWN,UNKNOWN
538fed3f0fd60a6528a5e5b20990361ac4d274c58266a81e71c24f751612589d,9d27f4d0872e483ddbf460bda8a2e34b7180f153c6d7c1a74d692720476c9a7f,9,PACK,30362,_hScrollMax,DATA_SYMBOL,UNKNOWN,UNKNOWN
538fed3f0fd60a6528a5e5b20990361ac4d274c58266a81e71c24f751612589d,9d27f4d0872e483ddbf460bda8a2e34b7180f153c6d7c1a74d692720476c9a7f,9,PACK,30364,_BlkWarnHealth,DATA_SYMBOL,UNKNOWN,UNKNOWN
538fed3f0fd60a6528a5e5b20990361ac4d274c58266a81e71c24f751612589d,9d27f4d0872e483ddbf460bda8a2e34b7180f153c6d7c1a74d692720476c9a7f,9,PACK,30366,_win_numOfGroups,DATA_SYMBOL,UNKNOWN,UNKNOWN
538fed3f0fd60a6528a5e5b20990361ac4d274c58266a81e71c24f751612589d,9d27f4d0872e483ddbf460bda8a2e34b7180f153c6d7c1a74d692720476c9a7f,9,PACK,30368,_BAntsEaten,DATA_SYMBOL,UNKNOWN,UNKNOWN
538fed3f0fd60a6528a5e5b20990361ac4d274c58266a81e71c24f751612589d,9d27f4d0872e483ddbf460bda8a2e34b7180f153c6d7c1a74d692720476c9a7f,9,PACK,30372,_SpiderMsgs,DATA_SYMBOL,UNKNOWN,UNKNOWN
538fed3f0fd60a6528a5e5b20990361ac4d274c58266a81e71c24f751612589d,9d27f4d0872e483ddbf460bda8a2e34b7180f153c6d7c1a74d692720476c9a7f,9,PACK,30376,_GameTime,DATA_SYMBOL,UNKNOWN,UNKNOWN
538fed3f0fd60a6528a5e5b20990361ac4d274c58266a81e71c24f751612589d,9d27f4d0872e483ddbf460bda8a2e34b7180f153c6d7c1a74d692720476c9a7f,9,PACK,30380,_helpFile,DATA_SYMBOL,UNKNOWN,UNKNOWN
538fed3f0fd60a6528a5e5b20990361ac4d274c58266a81e71c24f751612589d,9d27f4d0872e483ddbf460bda8a2e34b7180f153c6d7c1a74d692720476c9a7f,9,PACK,30636,_Scycle2,DATA_SYMBOL,UNKNOWN,UNKNOWN
538fed3f0fd60a6528a5e5b20990361ac4d274c58266a81e71c24f751612589d,9d27f4d0872e483ddbf460bda8a2e34b7180f153c6d7c1a74d692720476c9a7f,9,PACK,30638,_EatCnt,DATA_SYMBOL,UNKNOWN,UNKNOWN
538fed3f0fd60a6528a5e5b20990361ac4d274c58266a81e71c24f751612589d,9d27f4d0872e483ddbf460bda8a2e34b7180f153c6d7c1a74d692720476c9a7f,9,PACK,30640,_DogPx,DATA_SYMBOL,UNKNOWN,UNKNOWN
538fed3f0fd60a6528a5e5b20990361ac4d274c58266a81e71c24f751612589d,9d27f4d0872e483ddbf460bda8a2e34b7180f153c6d7c1a74d692720476c9a7f,9,PACK,30642,_win_drawHooks,DATA_SYMBOL,UNKNOWN,UNKNOWN
538fed3f0fd60a6528a5e5b20990361ac4d274c58266a81e71c24f751612589d,9d27f4d0872e483ddbf460bda8a2e34b7180f153c6d7c1a74d692720476c9a7f,9,PACK,30822,_GlobalKey,DATA_SYMBOL,UNKNOWN,UNKNOWN
538fed3f0fd60a6528a5e5b20990361ac4d274c58266a81e71c24f751612589d,9d27f4d0872e483ddbf460bda8a2e34b7180f153c6d7c1a74d692720476c9a7f,9,PACK,30824,_oldSoundOn,DATA_SYMBOL,UNKNOWN,UNKNOWN
538fed3f0fd60a6528a5e5b20990361ac4d274c58266a81e71c24f751612589d,9d27f4d0872e483ddbf460bda8a2e34b7180f153c6d7c1a74d692720476c9a7f,9,PACK,30826,_TemBModePop,DATA_SYMBOL,UNKNOWN,UNKNOWN
538fed3f0fd60a6528a5e5b20990361ac4d274c58266a81e71c24f751612589d,9d27f4d0872e483ddbf460bda8a2e34b7180f153c6d7c1a74d692720476c9a7f,9,PACK,30866,_LoadStr,DATA_SYMBOL,UNKNOWN,UNKNOWN
538fed3f0fd60a6528a5e5b20990361ac4d274c58266a81e71c24f751612589d,9d27f4d0872e483ddbf460bda8a2e34b7180f153c6d7c1a74d692720476c9a7f,9,PACK,30870,_RColoniesKilled,DATA_SYMBOL,UNKNOWN,UNKNOWN
538fed3f0fd60a6528a5e5b20990361ac4d274c58266a81e71c24f751612589d,9d27f4d0872e483ddbf460bda8a2e34b7180f153c6d7c1a74d692720476c9a7f,9,PACK,30872,_OverallScore,DATA_SYMBOL,UNKNOWN,UNKNOWN
538fed3f0fd60a6528a5e5b20990361ac4d274c58266a81e71c24f751612589d,9d27f4d0872e483ddbf460bda8a2e34b7180f153c6d7c1a74d692720476c9a7f,9,PACK,30876,_DogPy,DATA_SYMBOL,UNKNOWN,UNKNOWN
538fed3f0fd60a6528a5e5b20990361ac4d274c58266a81e71c24f751612589d,9d27f4d0872e483ddbf460bda8a2e34b7180f153c6d7c1a74d692720476c9a7f,9,PACK,30878,_YMapPnt,DATA_SYMBOL,UNKNOWN,UNKNOWN
538fed3f0fd60a6528a5e5b20990361ac4d274c58266a81e71c24f751612589d,9d27f4d0872e483ddbf460bda8a2e34b7180f153c6d7c1a74d692720476c9a7f,9,PACK,30882,_casteAnimObj,DATA_SYMBOL,UNKNOWN,UNKNOWN
538fed3f0fd60a6528a5e5b20990361ac4d274c58266a81e71c24f751612589d,9d27f4d0872e483ddbf460bda8a2e34b7180f153c6d7c1a74d692720476c9a7f,9,PACK,30884,_MeCrazyRot,DATA_SYMBOL,UNKNOWN,UNKNOWN
538fed3f0fd60a6528a5e5b20990361ac4d274c58266a81e71c24f751612589d,9d27f4d0872e483ddbf460bda8a2e34b7180f153c6d7c1a74d692720476c9a7f,9,PACK,30886,_spiderTileLeft,DATA_SYMBOL,UNKNOWN,UNKNOWN
538fed3f0fd60a6528a5e5b20990361ac4d274c58266a81e71c24f751612589d,9d27f4d0872e483ddbf460bda8a2e34b7180f153c6d7c1a74d692720476c9a7f,9,PACK,30888,_QueenBalloonTicks,DATA_SYMBOL,UNKNOWN,UNKNOWN
538fed3f0fd60a6528a5e5b20990361ac4d274c58266a81e71c24f751612589d,9d27f4d0872e483ddbf460bda8a2e34b7180f153c6d7c1a74d692720476c9a7f,9,PACK,30892,_EndGameRatingStrs,DATA_SYMBOL,UNKNOWN,UNKNOWN
538fed3f0fd60a6528a5e5b20990361ac4d274c58266a81e71c24f751612589d,9d27f4d0872e483ddbf460bda8a2e34b7180f153c6d7c1a74d692720476c9a7f,9,PACK,30896,_BoyPx,DATA_SYMBOL,UNKNOWN,UNKNOWN
538fed3f0fd60a6528a5e5b20990361ac4d274c58266a81e71c24f751612589d,9d27f4d0872e483ddbf460bda8a2e34b7180f153c6d7c1a74d692720476c9a7f,9,PACK,30898,_ModeStr,DATA_SYMBOL,UNKNOWN,UNKNOWN
538fed3f0fd60a6528a5e5b20990361ac4d274c58266a81e71c24f751612589d,9d27f4d0872e483ddbf460bda8a2e34b7180f153c6d7c1a74d692720476c9a7f,9,PACK,30902,_tileBufOver,DATA_SYMBOL,UNKNOWN,UNKNOWN
538fed3f0fd60a6528a5e5b20990361ac4d274c58266a81e71c24f751612589d,9d27f4d0872e483ddbf460bda8a2e34b7180f153c6d7c1a74d692720476c9a7f,9,PACK,30904,_SuserX,DATA_SYMBOL,UNKNOWN,UNKNOWN
538fed3f0fd60a6528a5e5b20990361ac4d274c58266a81e71c24f751612589d,9d27f4d0872e483ddbf460bda8a2e34b7180f153c6d7c1a74d692720476c9a7f,9,PACK,30906,_multiplier,DATA_SYMBOL,UNKNOWN,UNKNOWN
538fed3f0fd60a6528a5e5b20990361ac4d274c58266a81e71c24f751612589d,9d27f4d0872e483ddbf460bda8a2e34b7180f153c6d7c1a74d692720476c9a7f,9,PACK,30908,_BirdGoalX,DATA_SYMBOL,UNKNOWN,UNKNOWN
538fed3f0fd60a6528a5e5b20990361ac4d274c58266a81e71c24f751612589d,9d27f4d0872e483ddbf460bda8a2e34b7180f153c6d7c1a74d692720476c9a7f,9,PACK,30910,_CurBalloonFlags,DATA_SYMBOL,UNKNOWN,UNKNOWN
538fed3f0fd60a6528a5e5b20990361ac4d274c58266a81e71c24f751612589d,9d27f4d0872e483ddbf460bda8a2e34b7180f153c6d7c1a74d692720476c9a7f,9,PACK,30922,_OrigResFileNum,DATA_SYMBOL,UNKNOWN,UNKNOWN
538fed3f0fd60a6528a5e5b20990361ac4d274c58266a81e71c24f751612589d,9d27f4d0872e483ddbf460bda8a2e34b7180f153c6d7c1a74d692720476c9a7f,9,PACK,30924,_SowSave,DATA_SYMBOL,UNKNOWN,UNKNOWN
538fed3f0fd60a6528a5e5b20990361ac4d274c58266a81e71c24f751612589d,9d27f4d0872e483ddbf460bda8a2e34b7180f153c6d7c1a74d692720476c9a7f,9,PACK,30930,_BoyPy,DATA_SYMBOL,UNKNOWN,UNKNOWN
538fed3f0fd60a6528a5e5b20990361ac4d274c58266a81e71c24f751612589d,9d27f4d0872e483ddbf460bda8a2e34b7180f153c6d7c1a74d692720476c9a7f,9,PACK,30932,_PillarSeg,DATA_SYMBOL,UNKNOWN,UNKNOWN
538fed3f0fd60a6528a5e5b20990361ac4d274c58266a81e71c24f751612589d,9d27f4d0872e483ddbf460bda8a2e34b7180f153c6d7c1a74d692720476c9a7f,9,PACK,30934,_QueenBalloonIndex,DATA_SYMBOL,UNKNOWN,UNKNOWN
538fed3f0fd60a6528a5e5b20990361ac4d274c58266a81e71c24f751612589d,9d27f4d0872e483ddbf460bda8a2e34b7180f153c6d7c1a74d692720476c9a7f,9,PACK,30936,_BirdGoalY,DATA_SYMBOL,UNKNOWN,UNKNOWN
538fed3f0fd60a6528a5e5b20990361ac4d274c58266a81e71c24f751612589d,9d27f4d0872e483ddbf460bda8a2e34b7180f153c6d7c1a74d692720476c9a7f,9,PACK,30938,_SCorpseBase,DATA_SYMBOL,UNKNOWN,UNKNOWN
538fed3f0fd60a6528a5e5b20990361ac4d274c58266a81e71c24f751612589d,9d27f4d0872e483ddbf460bda8a2e34b7180f153c6d7c1a74d692720476c9a7f,9,PACK,30940,_JustToBeMean,DATA_SYMBOL,UNKNOWN,UNKNOWN
538fed3f0fd60a6528a5e5b20990361ac4d274c58266a81e71c24f751612589d,9d27f4d0872e483ddbf460bda8a2e34b7180f153c6d7c1a74d692720476c9a7f,9,PACK,30942,_win_numOfWindows,DATA_SYMBOL,UNKNOWN,UNKNOWN
538fed3f0fd60a6528a5e5b20990361ac4d274c58266a81e71c24f751612589d,9d27f4d0872e483ddbf460bda8a2e34b7180f153c6d7c1a74d692720476c9a7f,9,PACK,30944,_miniMapCursorRect,DATA_SYMBOL,UNKNOWN,UNKNOWN
538fed3f0fd60a6528a5e5b20990361ac4d274c58266a81e71c24f751612589d,9d27f4d0872e483ddbf460bda8a2e34b7180f153c6d7c1a74d692720476c9a7f,9,PACK,30952,_BlkQueens,DATA_SYMBOL,UNKNOWN,UNKNOWN
538fed3f0fd60a6528a5e5b20990361ac4d274c58266a81e71c24f751612589d,9d27f4d0872e483ddbf460bda8a2e34b7180f153c6d7c1a74d692720476c9a7f,9,PACK,30954,_SuserY,DATA_SYMBOL,UNKNOWN,UNKNOWN
538fed3f0fd60a6528a5e5b20990361ac4d274c58266a81e71c24f751612589d,9d27f4d0872e483ddbf460bda8a2e34b7180f153c6d7c1a74d692720476c9a7f,9,PACK,30956,_win_colors,DATA_SYMBOL,UNKNOWN,UNKNOWN
538fed3f0fd60a6528a5e5b20990361ac4d274c58266a81e71c24f751612589d,9d27f4d0872e483ddbf460bda8a2e34b7180f153c6d7c1a74d692720476c9a7f,9,PACK,31196,_RedQueens,DATA_SYMBOL,UNKNOWN,UNKNOWN
538fed3f0fd60a6528a5e5b20990361ac4d274c58266a81e71c24f751612589d,9d27f4d0872e483ddbf460bda8a2e34b7180f153c6d7c1a74d692720476c9a7f,9,PACK,31198,_LastQueenPnt,DATA_SYMBOL,UNKNOWN,UNKNOWN
538fed3f0fd60a6528a5e5b20990361ac4d274c58266a81e71c24f751612589d,9d27f4d0872e483ddbf460bda8a2e34b7180f153c6d7c1a74d692720476c9a7f,9,PACK,31202,_CurExpTool,DATA_SYMBOL,UNKNOWN,UNKNOWN
538fed3f0fd60a6528a5e5b20990361ac4d274c58266a81e71c24f751612589d,9d27f4d0872e483ddbf460bda8a2e34b7180f153c6d7c1a74d692720476c9a7f,9,PACK,31204,_BlackLost,DATA_SYMBOL,UNKNOWN,UNKNOWN
538fed3f0fd60a6528a5e5b20990361ac4d274c58266a81e71c24f751612589d,9d27f4d0872e483ddbf460bda8a2e34b7180f153c6d7c1a74d692720476c9a7f,9,PACK,31206,_RxTab,DATA_SYMBOL,UNKNOWN,UNKNOWN
538fed3f0fd60a6528a5e5b20990361ac4d274c58266a81e71c24f751612589d,9d27f4d0872e483ddbf460bda8a2e34b7180f153c6d7c1a74d692720476c9a7f,9,PACK,31306,_ScenarioNameStrs,DATA_SYMBOL,UNKNOWN,UNKNOWN
538fed3f0fd60a6528a5e5b20990361ac4d274c58266a81e71c24f751612589d,9d27f4d0872e483ddbf460bda8a2e34b7180f153c6d7c1a74d692720476c9a7f,9,PACK,31310,_FootX,DATA_SYMBOL,UNKNOWN,UNKNOWN
538fed3f0fd60a6528a5e5b20990361ac4d274c58266a81e71c24f751612589d,9d27f4d0872e483ddbf460bda8a2e34b7180f153c6d7c1a74d692720476c9a7f,9,PACK,31312,_BFightBalloonIndex,DATA_SYMBOL,UNKNOWN,UNKNOWN
538fed3f0fd60a6528a5e5b20990361ac4d274c58266a81e71c24f751612589d,9d27f4d0872e483ddbf460bda8a2e34b7180f153c6d7c1a74d692720476c9a7f,9,PACK,31314,_CurFightPnt,DATA_SYMBOL,UNKNOWN,UNKNOWN
538fed3f0fd60a6528a5e5b20990361ac4d274c58266a81e71c24f751612589d,9d27f4d0872e483ddbf460bda8a2e34b7180f153c6d7c1a74d692720476c9a7f,9,PACK,31318,_TilesDugR,DATA_SYMBOL,UNKNOWN,UNKNOWN
538fed3f0fd60a6528a5e5b20990361ac4d274c58266a81e71c24f751612589d,9d27f4d0872e483ddbf460bda8a2e34b7180f153c6d7c1a74d692720476c9a7f,9,PACK,31320,_FootY,DATA_SYMBOL,UNKNOWN,UNKNOWN
538fed3f0fd60a6528a5e5b20990361ac4d274c58266a81e71c24f751612589d,9d27f4d0872e483ddbf460bda8a2e34b7180f153c6d7c1a74d692720476c9a7f,9,PACK,31322,_DogTurnCnt,DATA_SYMBOL,UNKNOWN,UNKNOWN
538fed3f0fd60a6528a5e5b20990361ac4d274c58266a81e71c24f751612589d,9d27f4d0872e483ddbf460bda8a2e34b7180f153c6d7c1a74d692720476c9a7f,9,PACK,31324,_YardCycle,DATA_SYMBOL,UNKNOWN,UNKNOWN
538fed3f0fd60a6528a5e5b20990361ac4d274c58266a81e71c24f751612589d,9d27f4d0872e483ddbf460bda8a2e34b7180f153c6d7c1a74d692720476c9a7f,9,PACK,31326,_Starg,DATA_SYMBOL,UNKNOWN,UNKNOWN
538fed3f0fd60a6528a5e5b20990361ac4d274c58266a81e71c24f751612589d,9d27f4d0872e483ddbf460bda8a2e34b7180f153c6d7c1a74d692720476c9a7f,9,PACK,31328,_CurYardPnt,DATA_SYMBOL,UNKNOWN,UNKNOWN
538fed3f0fd60a6528a5e5b20990361ac4d274c58266a81e71c24f751612589d,9d27f4d0872e483ddbf460bda8a2e34b7180f153c6d7c1a74d692720476c9a7f,9,PACK,31332,_CenterPnt,DATA_SYMBOL,UNKNOWN,UNKNOWN
538fed3f0fd60a6528a5e5b20990361ac4d274c58266a81e71c24f751612589d,9d27f4d0872e483ddbf460bda8a2e34b7180f153c6d7c1a74d692720476c9a7f,9,PACK,31336,_LionListM,DATA_SYMBOL,UNKNOWN,UNKNOWN
538fed3f0fd60a6528a5e5b20990361ac4d274c58266a81e71c24f751612589d,9d27f4d0872e483ddbf460bda8a2e34b7180f153c6d7c1a74d692720476c9a7f,9,PACK,31346,_RyTab,DATA_SYMBOL,UNKNOWN,UNKNOWN
538fed3f0fd60a6528a5e5b20990361ac4d274c58266a81e71c24f751612589d,9d27f4d0872e483ddbf460bda8a2e34b7180f153c6d7c1a74d692720476c9a7f,9,PACK,31446,_db_handles,DATA_SYMBOL,UNKNOWN,UNKNOWN
538fed3f0fd60a6528a5e5b20990361ac4d274c58266a81e71c24f751612589d,9d27f4d0872e483ddbf460bda8a2e34b7180f153c6d7c1a74d692720476c9a7f,9,PACK,31454,_EditPrevPnt,DATA_SYMBOL,UNKNOWN,UNKNOWN
538fed3f0fd60a6528a5e5b20990361ac4d274c58266a81e71c24f751612589d,9d27f4d0872e483ddbf460bda8a2e34b7180f153c6d7c1a74d692720476c9a7f,9,PACK,31458,_modeAnimHandle,DATA_SYMBOL,UNKNOWN,UNKNOWN
538fed3f0fd60a6528a5e5b20990361ac4d274c58266a81e71c24f751612589d,9d27f4d0872e483ddbf460bda8a2e34b7180f153c6d7c1a74d692720476c9a7f,9,PACK,31460,_CurWindPrompt,DATA_SYMBOL,UNKNOWN,UNKNOWN
538fed3f0fd60a6528a5e5b20990361ac4d274c58266a81e71c24f751612589d,9d27f4d0872e483ddbf460bda8a2e34b7180f153c6d7c1a74d692720476c9a7f,9,PACK,31716,_TemRModePop,DATA_SYMBOL,UNKNOWN,UNKNOWN
538fed3f0fd60a6528a5e5b20990361ac4d274c58266a81e71c24f751612589d,9d27f4d0872e483ddbf460bda8a2e34b7180f153c6d7c1a74d692720476c9a7f,9,PACK,31756,_custIDStrHandle,DATA_SYMBOL,UNKNOWN,UNKNOWN
538fed3f0fd60a6528a5e5b20990361ac4d274c58266a81e71c24f751612589d,9d27f4d0872e483ddbf460bda8a2e34b7180f153c6d7c1a74d692720476c9a7f,9,PACK,31758,_PillarMap,DATA_SYMBOL,UNKNOWN,UNKNOWN
538fed3f0fd60a6528a5e5b20990361ac4d274c58266a81e71c24f751612589d,9d27f4d0872e483ddbf460bda8a2e34b7180f153c6d7c1a74d692720476c9a7f,9,PACK,31770,_modeKnobPnt,DATA_SYMBOL,UNKNOWN,UNKNOWN
538fed3f0fd60a6528a5e5b20990361ac4d274c58266a81e71c24f751612589d,9d27f4d0872e483ddbf460bda8a2e34b7180f153c6d7c1a74d692720476c9a7f,9,PACK,31774,_TotalEggsDiedB,DATA_SYMBOL,UNKNOWN,UNKNOWN
538fed3f0fd60a6528a5e5b20990361ac4d274c58266a81e71c24f751612589d,9d27f4d0872e483ddbf460bda8a2e34b7180f153c6d7c1a74d692720476c9a7f,9,PACK,31778,_CurGameTool,DATA_SYMBOL,UNKNOWN,UNKNOWN
538fed3f0fd60a6528a5e5b20990361ac4d274c58266a81e71c24f751612589d,9d27f4d0872e483ddbf460bda8a2e34b7180f153c6d7c1a74d692720476c9a7f,9,PACK,31780,_CurBalloonMsgs,DATA_SYMBOL,UNKNOWN,UNKNOWN
538fed3f0fd60a6528a5e5b20990361ac4d274c58266a81e71c24f751612589d,9d27f4d0872e483ddbf460bda8a2e34b7180f153c6d7c1a74d692720476c9a7f,9,PACK,31804,_WantQueenBalloon,DATA_SYMBOL,UNKNOWN,UNKNOWN
538fed3f0fd60a6528a5e5b20990361ac4d274c58266a81e71c24f751612589d,9d27f4d0872e483ddbf460bda8a2e34b7180f153c6d7c1a74d692720476c9a7f,9,PACK,31806,_lastAddedPtr,DATA_SYMBOL,UNKNOWN,UNKNOWN
538fed3f0fd60a6528a5e5b20990361ac4d274c58266a81e71c24f751612589d,9d27f4d0872e483ddbf460bda8a2e34b7180f153c6d7c1a74d692720476c9a7f,9,PACK,31810,_ncbTail,DATA_SYMBOL,UNKNOWN,UNKNOWN
538fed3f0fd60a6528a5e5b20990361ac4d274c58266a81e71c24f751612589d,9d27f4d0872e483ddbf460bda8a2e34b7180f153c6d7c1a74d692720476c9a7f,9,PACK,31812,_FlyAwayB,DATA_SYMBOL,UNKNOWN,UNKNOWN
538fed3f0fd60a6528a5e5b20990361ac4d274c58266a81e71c24f751612589d,9d27f4d0872e483ddbf460bda8a2e34b7180f153c6d7c1a74d692720476c9a7f,9,PACK,31814,_LastRestPlane,DATA_SYMBOL,UNKNOWN,UNKNOWN
538fed3f0fd60a6528a5e5b20990361ac4d274c58266a81e71c24f751612589d,9d27f4d0872e483ddbf460bda8a2e34b7180f153c6d7c1a74d692720476c9a7f,9,PACK,31816,_TileMassXB,DATA_SYMBOL,UNKNOWN,UNKNOWN
538fed3f0fd60a6528a5e5b20990361ac4d274c58266a81e71c24f751612589d,9d27f4d0872e483ddbf460bda8a2e34b7180f153c6d7c1a74d692720476c9a7f,9,PACK,31818,_casteAnimHandle,DATA_SYMBOL,UNKNOWN,UNKNOWN
538fed3f0fd60a6528a5e5b20990361ac4d274c58266a81e71c24f751612589d,9d27f4d0872e483ddbf460bda8a2e34b7180f153c6d7c1a74d692720476c9a7f,9,PACK,31820,_OrigVolNum,DATA_SYMBOL,UNKNOWN,UNKNOWN
538fed3f0fd60a6528a5e5b20990361ac4d274c58266a81e71c24f751612589d,9d27f4d0872e483ddbf460bda8a2e34b7180f153c6d7c1a74d692720476c9a7f,9,PACK,31822,_TemCensus,DATA_SYMBOL,UNKNOWN,UNKNOWN
538fed3f0fd60a6528a5e5b20990361ac4d274c58266a81e71c24f751612589d,9d27f4d0872e483ddbf460bda8a2e34b7180f153c6d7c1a74d692720476c9a7f,9,PACK,31886,_EatCountR,DATA_SYMBOL,UNKNOWN,UNKNOWN
538fed3f0fd60a6528a5e5b20990361ac4d274c58266a81e71c24f751612589d,9d27f4d0872e483ddbf460bda8a2e34b7180f153c6d7c1a74d692720476c9a7f,9,PACK,31888,_TileMassYB,DATA_SYMBOL,UNKNOWN,UNKNOWN
538fed3f0fd60a6528a5e5b20990361ac4d274c58266a81e71c24f751612589d,9d27f4d0872e483ddbf460bda8a2e34b7180f153c6d7c1a74d692720476c9a7f,9,PACK,31890,_BoyIsMowing,DATA_SYMBOL,UNKNOWN,UNKNOWN
538fed3f0fd60a6528a5e5b20990361ac4d274c58266a81e71c24f751612589d,9d27f4d0872e483ddbf460bda8a2e34b7180f153c6d7c1a74d692720476c9a7f,9,PACK,31892,_AdviceStrs,DATA_SYMBOL,UNKNOWN,UNKNOWN
538fed3f0fd60a6528a5e5b20990361ac4d274c58266a81e71c24f751612589d,9d27f4d0872e483ddbf460bda8a2e34b7180f153c6d7c1a74d692720476c9a7f,9,PACK,31896,_H_BFood,DATA_SYMBOL,UNKNOWN,UNKNOWN
538fed3f0fd60a6528a5e5b20990361ac4d274c58266a81e71c24f751612589d,9d27f4d0872e483ddbf460bda8a2e34b7180f153c6d7c1a74d692720476c9a7f,9,PACK,32024,_CursType,DATA_SYMBOL,UNKNOWN,UNKNOWN
538fed3f0fd60a6528a5e5b20990361ac4d274c58266a81e71c24f751612589d,9d27f4d0872e483ddbf460bda8a2e34b7180f153c6d7c1a74d692720476c9a7f,9,PACK,32026,_theDDEDataH,DATA_SYMBOL,UNKNOWN,UNKNOWN
538fed3f0fd60a6528a5e5b20990361ac4d274c58266a81e71c24f751612589d,9d27f4d0872e483ddbf460bda8a2e34b7180f153c6d7c1a74d692720476c9a7f,9,PACK,32028,_out_buffer,DATA_SYMBOL,UNKNOWN,UNKNOWN
538fed3f0fd60a6528a5e5b20990361ac4d274c58266a81e71c24f751612589d,9d27f4d0872e483ddbf460bda8a2e34b7180f153c6d7c1a74d692720476c9a7f,9,PACK,32036,_MeMoveMe,DATA_SYMBOL,UNKNOWN,UNKNOWN
538fed3f0fd60a6528a5e5b20990361ac4d274c58266a81e71c24f751612589d,9d27f4d0872e483ddbf460bda8a2e34b7180f153c6d7c1a74d692720476c9a7f,9,PACK,32038,_vScrollMax,DATA_SYMBOL,UNKNOWN,UNKNOWN
538fed3f0fd60a6528a5e5b20990361ac4d274c58266a81e71c24f751612589d,9d27f4d0872e483ddbf460bda8a2e34b7180f153c6d7c1a74d692720476c9a7f,9,PACK,32040,_FilVolNum,DATA_SYMBOL,UNKNOWN,UNKNOWN
538fed3f0fd60a6528a5e5b20990361ac4d274c58266a81e71c24f751612589d,9d27f4d0872e483ddbf460bda8a2e34b7180f153c6d7c1a74d692720476c9a7f,9,PACK,32042,_CurEggPnt,DATA_SYMBOL,UNKNOWN,UNKNOWN
538fed3f0fd60a6528a5e5b20990361ac4d274c58266a81e71c24f751612589d,9d27f4d0872e483ddbf460bda8a2e34b7180f153c6d7c1a74d692720476c9a7f,9,PACK,32046,_MapPnt,DATA_SYMBOL,UNKNOWN,UNKNOWN
538fed3f0fd60a6528a5e5b20990361ac4d274c58266a81e71c24f751612589d,9d27f4d0872e483ddbf460bda8a2e34b7180f153c6d7c1a74d692720476c9a7f,9,PACK,32050,_mapOutBuf,DATA_SYMBOL,UNKNOWN,UNKNOWN
538fed3f0fd60a6528a5e5b20990361ac4d274c58266a81e71c24f751612589d,9d27f4d0872e483ddbf460bda8a2e34b7180f153c6d7c1a74d692720476c9a7f,9,PACK,32052,_LionListS,DATA_SYMBOL,UNKNOWN,UNKNOWN
538fed3f0fd60a6528a5e5b20990361ac4d274c58266a81e71c24f751612589d,9d27f4d0872e483ddbf460bda8a2e34b7180f153c6d7c1a74d692720476c9a7f,9,PACK,32062,_tileBufNest,DATA_SYMBOL,UNKNOWN,UNKNOWN
538fed3f0fd60a6528a5e5b20990361ac4d274c58266a81e71c24f751612589d,9d27f4d0872e483ddbf460bda8a2e34b7180f153c6d7c1a74d692720476c9a7f,9,PACK,32064,_CurRestPnt,DATA_SYMBOL,UNKNOWN,UNKNOWN
538fed3f0fd60a6528a5e5b20990361ac4d274c58266a81e71c24f751612589d,9d27f4d0872e483ddbf460bda8a2e34b7180f153c6d7c1a74d692720476c9a7f,9,PACK,32068,_EggBalloonCnt,DATA_SYMBOL,UNKNOWN,UNKNOWN
538fed3f0fd60a6528a5e5b20990361ac4d274c58266a81e71c24f751612589d,9d27f4d0872e483ddbf460bda8a2e34b7180f153c6d7c1a74d692720476c9a7f,9,PACK,32070,_ExpLastPnt,DATA_SYMBOL,UNKNOWN,UNKNOWN
538fed3f0fd60a6528a5e5b20990361ac4d274c58266a81e71c24f751612589d,9d27f4d0872e483ddbf460bda8a2e34b7180f153c6d7c1a74d692720476c9a7f,9,PACK,32074,_BoyMsgCnt,DATA_SYMBOL,UNKNOWN,UNKNOWN
538fed3f0fd60a6528a5e5b20990361ac4d274c58266a81e71c24f751612589d,9d27f4d0872e483ddbf460bda8a2e34b7180f153c6d7c1a74d692720476c9a7f,9,PACK,32078,_LionListT,DATA_SYMBOL,UNKNOWN,UNKNOWN
538fed3f0fd60a6528a5e5b20990361ac4d274c58266a81e71c24f751612589d,9d27f4d0872e483ddbf460bda8a2e34b7180f153c6d7c1a74d692720476c9a7f,9,PACK,32088,_SwarmCentX,DATA_SYMBOL,UNKNOWN,UNKNOWN
538fed3f0fd60a6528a5e5b20990361ac4d274c58266a81e71c24f751612589d,9d27f4d0872e483ddbf460bda8a2e34b7180f153c6d7c1a74d692720476c9a7f,9,PACK,32090,_DogDir,DATA_SYMBOL,UNKNOWN,UNKNOWN
538fed3f0fd60a6528a5e5b20990361ac4d274c58266a81e71c24f751612589d,9d27f4d0872e483ddbf460bda8a2e34b7180f153c6d7c1a74d692720476c9a7f,9,PACK,32092,_RAntsEaten,DATA_SYMBOL,UNKNOWN,UNKNOWN
538fed3f0fd60a6528a5e5b20990361ac4d274c58266a81e71c24f751612589d,9d27f4d0872e483ddbf460bda8a2e34b7180f153c6d7c1a74d692720476c9a7f,9,PACK,32096,_MeSMode,DATA_SYMBOL,UNKNOWN,UNKNOWN
538fed3f0fd60a6528a5e5b20990361ac4d274c58266a81e71c24f751612589d,9d27f4d0872e483ddbf460bda8a2e34b7180f153c6d7c1a74d692720476c9a7f,9,PACK,32098,_TutHowLong,DATA_SYMBOL,UNKNOWN,UNKNOWN
538fed3f0fd60a6528a5e5b20990361ac4d274c58266a81e71c24f751612589d,9d27f4d0872e483ddbf460bda8a2e34b7180f153c6d7c1a74d692720476c9a7f,9,PACK,32100,_CurQueenPnt,DATA_SYMBOL,UNKNOWN,UNKNOWN
538fed3f0fd60a6528a5e5b20990361ac4d274c58266a81e71c24f751612589d,9d27f4d0872e483ddbf460bda8a2e34b7180f153c6d7c1a74d692720476c9a7f,9,PACK,32104,_CurBalloonPlane,DATA_SYMBOL,UNKNOWN,UNKNOWN
538fed3f0fd60a6528a5e5b20990361ac4d274c58266a81e71c24f751612589d,9d27f4d0872e483ddbf460bda8a2e34b7180f153c6d7c1a74d692720476c9a7f,9,PACK,32116,_SimAntServerNum,DATA_SYMBOL,UNKNOWN,UNKNOWN
538fed3f0fd60a6528a5e5b20990361ac4d274c58266a81e71c24f751612589d,9d27f4d0872e483ddbf460bda8a2e34b7180f153c6d7c1a74d692720476c9a7f,9,PACK,32118,_H_RFood,DATA_SYMBOL,UNKNOWN,UNKNOWN
538fed3f0fd60a6528a5e5b20990361ac4d274c58266a81e71c24f751612589d,9d27f4d0872e483ddbf460bda8a2e34b7180f153c6d7c1a74d692720476c9a7f,9,PACK,32246,_EwinStr,DATA_SYMBOL,UNKNOWN,UNKNOWN
538fed3f0fd60a6528a5e5b20990361ac4d274c58266a81e71c24f751612589d,9d27f4d0872e483ddbf460bda8a2e34b7180f153c6d7c1a74d692720476c9a7f,9,PACK,32502,_miniMapRect,DATA_SYMBOL,UNKNOWN,UNKNOWN
538fed3f0fd60a6528a5e5b20990361ac4d274c58266a81e71c24f751612589d,9d27f4d0872e483ddbf460bda8a2e34b7180f153c6d7c1a74d692720476c9a7f,9,PACK,32510,_SwarmCentY,DATA_SYMBOL,UNKNOWN,UNKNOWN
538fed3f0fd60a6528a5e5b20990361ac4d274c58266a81e71c24f751612589d,9d27f4d0872e483ddbf460bda8a2e34b7180f153c6d7c1a74d692720476c9a7f,9,PACK,32512,_triWidthL,DATA_SYMBOL,UNKNOWN,UNKNOWN
538fed3f0fd60a6528a5e5b20990361ac4d274c58266a81e71c24f751612589d,9d27f4d0872e483ddbf460bda8a2e34b7180f153c6d7c1a74d692720476c9a7f,9,PACK,32514,_win_offsets,DATA_SYMBOL,UNKNOWN,UNKNOWN
538fed3f0fd60a6528a5e5b20990361ac4d274c58266a81e71c24f751612589d,9d27f4d0872e483ddbf460bda8a2e34b7180f153c6d7c1a74d692720476c9a7f,9,PACK,32874,_makea,DATA_SYMBOL,UNKNOWN,UNKNOWN
538fed3f0fd60a6528a5e5b20990361ac4d274c58266a81e71c24f751612589d,9d27f4d0872e483ddbf460bda8a2e34b7180f153c6d7c1a74d692720476c9a7f,9,PACK,32878,_LastThemeTime,DATA_SYMBOL,UNKNOWN,UNKNOWN
538fed3f0fd60a6528a5e5b20990361ac4d274c58266a81e71c24f751612589d,9d27f4d0872e483ddbf460bda8a2e34b7180f153c6d7c1a74d692720476c9a7f,9,PACK,32882,_SpidBurpCnt,DATA_SYMBOL,UNKNOWN,UNKNOWN
538fed3f0fd60a6528a5e5b20990361ac4d274c58266a81e71c24f751612589d,9d27f4d0872e483ddbf460bda8a2e34b7180f153c6d7c1a74d692720476c9a7f,9,PACK,32884,_CasteStr,DATA_SYMBOL,UNKNOWN,UNKNOWN
538fed3f0fd60a6528a5e5b20990361ac4d274c58266a81e71c24f751612589d,9d27f4d0872e483ddbf460bda8a2e34b7180f153c6d7c1a74d692720476c9a7f,9,PACK,32888,_FlyAwayR,DATA_SYMBOL,UNKNOWN,UNKNOWN
538fed3f0fd60a6528a5e5b20990361ac4d274c58266a81e71c24f751612589d,9d27f4d0872e483ddbf460bda8a2e34b7180f153c6d7c1a74d692720476c9a7f,9,PACK,32890,_SwarmCntB,DATA_SYMBOL,UNKNOWN,UNKNOWN
538fed3f0fd60a6528a5e5b20990361ac4d274c58266a81e71c24f751612589d,9d27f4d0872e483ddbf460bda8a2e34b7180f153c6d7c1a74d692720476c9a7f,9,PACK,32892,_mapXsize,DATA_SYMBOL,UNKNOWN,UNKNOWN
538fed3f0fd60a6528a5e5b20990361ac4d274c58266a81e71c24f751612589d,9d27f4d0872e483ddbf460bda8a2e34b7180f153c6d7c1a74d692720476c9a7f,9,PACK,32894,_ncbSegment,DATA_SYMBOL,UNKNOWN,UNKNOWN
538fed3f0fd60a6528a5e5b20990361ac4d274c58266a81e71c24f751612589d,9d27f4d0872e483ddbf460bda8a2e34b7180f153c6d7c1a74d692720476c9a7f,9,PACK,32914,_makeb,DATA_SYMBOL,UNKNOWN,UNKNOWN
538fed3f0fd60a6528a5e5b20990361ac4d274c58266a81e71c24f751612589d,9d27f4d0872e483ddbf460bda8a2e34b7180f153c6d7c1a74d692720476c9a7f,9,PACK,32918,_mapYsize,DATA_SYMBOL,UNKNOWN,UNKNOWN
538fed3f0fd60a6528a5e5b20990361ac4d274c58266a81e71c24f751612589d,9d27f4d0872e483ddbf460bda8a2e34b7180f153c6d7c1a74d692720476c9a7f,9,PACK,32920,_EggStr,DATA_SYMBOL,UNKNOWN,UNKNOWN
538fed3f0fd60a6528a5e5b20990361ac4d274c58266a81e71c24f751612589d,9d27f4d0872e483ddbf460bda8a2e34b7180f153c6d7c1a74d692720476c9a7f,9,PACK,32924,_LionListX,DATA_SYMBOL,UNKNOWN,UNKNOWN
538fed3f0fd60a6528a5e5b20990361ac4d274c58266a81e71c24f751612589d,9d27f4d0872e483ddbf460bda8a2e34b7180f153c6d7c1a74d692720476c9a7f,9,PACK,32934,_RedLocX,DATA_SYMBOL,UNKNOWN,UNKNOWN
538fed3f0fd60a6528a5e5b20990361ac4d274c58266a81e71c24f751612589d,9d27f4d0872e483ddbf460bda8a2e34b7180f153c6d7c1a74d692720476c9a7f,9,PACK,32936,_StargLife,DATA_SYMBOL,UNKNOWN,UNKNOWN
538fed3f0fd60a6528a5e5b20990361ac4d274c58266a81e71c24f751612589d,9d27f4d0872e483ddbf460bda8a2e34b7180f153c6d7c1a74d692720476c9a7f,9,PACK,32938,_MePrevDis,DATA_SYMBOL,UNKNOWN,UNKNOWN
538fed3f0fd60a6528a5e5b20990361ac4d274c58266a81e71c24f751612589d,9d27f4d0872e483ddbf460bda8a2e34b7180f153c6d7c1a74d692720476c9a7f,9,PACK,32940,_RedLocY,DATA_SYMBOL,UNKNOWN,UNKNOWN
538fed3f0fd60a6528a5e5b20990361ac4d274c58266a81e71c24f751612589d,9d27f4d0872e483ddbf460bda8a2e34b7180f153c6d7c1a74d692720476c9a7f,9,PACK,32942,_triBoundRise,DATA_SYMBOL,UNKNOWN,UNKNOWN
538fed3f0fd60a6528a5e5b20990361ac4d274c58266a81e71c24f751612589d,9d27f4d0872e483ddbf460bda8a2e34b7180f153c6d7c1a74d692720476c9a7f,9,PACK,32946,_gScrollPartCode,DATA_SYMBOL,UNKNOWN,UNKNOWN
538fed3f0fd60a6528a5e5b20990361ac4d274c58266a81e71c24f751612589d,9d27f4d0872e483ddbf460bda8a2e34b7180f153c6d7c1a74d692720476c9a7f,9,PACK,32948,_CurGameType,DATA_SYMBOL,UNKNOWN,UNKNOWN
538fed3f0fd60a6528a5e5b20990361ac4d274c58266a81e71c24f751612589d,9d27f4d0872e483ddbf460bda8a2e34b7180f153c6d7c1a74d692720476c9a7f,9,PACK,32950,_copyRectRtn,DATA_SYMBOL,UNKNOWN,UNKNOWN
538fed3f0fd60a6528a5e5b20990361ac4d274c58266a81e71c24f751612589d,9d27f4d0872e483ddbf460bda8a2e34b7180f153c6d7c1a74d692720476c9a7f,9,PACK,32954,_LastThemeSong,DATA_SYMBOL,UNKNOWN,UNKNOWN
538fed3f0fd60a6528a5e5b20990361ac4d274c58266a81e71c24f751612589d,9d27f4d0872e483ddbf460bda8a2e34b7180f153c6d7c1a74d692720476c9a7f,9,PACK,32956,_LionListY,DATA_SYMBOL,UNKNOWN,UNKNOWN
538fed3f0fd60a6528a5e5b20990361ac4d274c58266a81e71c24f751612589d,9d27f4d0872e483ddbf460bda8a2e34b7180f153c6d7c1a74d692720476c9a7f,9,PACK,32966,_MeGoalX,DATA_SYMBOL,UNKNOWN,UNKNOWN
538fed3f0fd60a6528a5e5b20990361ac4d274c58266a81e71c24f751612589d,9d27f4d0872e483ddbf460bda8a2e34b7180f153c6d7c1a74d692720476c9a7f,9,PACK,32968,_CurCheat,DATA_SYMBOL,UNKNOWN,UNKNOWN
538fed3f0fd60a6528a5e5b20990361ac4d274c58266a81e71c24f751612589d,9d27f4d0872e483ddbf460bda8a2e34b7180f153c6d7c1a74d692720476c9a7f,9,PACK,32976,_triHeight,DATA_SYMBOL,UNKNOWN,UNKNOWN
538fed3f0fd60a6528a5e5b20990361ac4d274c58266a81e71c24f751612589d,9d27f4d0872e483ddbf460bda8a2e34b7180f153c6d7c1a74d692720476c9a7f,9,PACK,32978,_MeGoalY,DATA_SYMBOL,UNKNOWN,UNKNOWN
538fed3f0fd60a6528a5e5b20990361ac4d274c58266a81e71c24f751612589d,9d27f4d0872e483ddbf460bda8a2e34b7180f153c6d7c1a74d692720476c9a7f,9,PACK,32980,_BColoniesStarted,DATA_SYMBOL,UNKNOWN,UNKNOWN
538fed3f0fd60a6528a5e5b20990361ac4d274c58266a81e71c24f751612589d,9d27f4d0872e483ddbf460bda8a2e34b7180f153c6d7c1a74d692720476c9a7f,9,PACK,32982,_CurBalloonPnts,DATA_SYMBOL,UNKNOWN,UNKNOWN
538fed3f0fd60a6528a5e5b20990361ac4d274c58266a81e71c24f751612589d,9d27f4d0872e483ddbf460bda8a2e34b7180f153c6d7c1a74d692720476c9a7f,9,PACK,33006,_popUpMenuId,DATA_SYMBOL,UNKNOWN,UNKNOWN
538fed3f0fd60a6528a5e5b20990361ac4d274c58266a81e71c24f751612589d,9d27f4d0872e483ddbf460bda8a2e34b7180f153c6d7c1a74d692720476c9a7f,9,PACK,33008,_ListIndexA,DATA_SYMBOL,UNKNOWN,UNKNOWN
538fed3f0fd60a6528a5e5b20990361ac4d274c58266a81e71c24f751612589d,9d27f4d0872e483ddbf460bda8a2e34b7180f153c6d7c1a74d692720476c9a7f,9,PACK,33010,_custRegHandle,DATA_SYMBOL,UNKNOWN,UNKNOWN
538fed3f0fd60a6528a5e5b20990361ac4d274c58266a81e71c24f751612589d,9d27f4d0872e483ddbf460bda8a2e34b7180f153c6d7c1a74d692720476c9a7f,9,PACK,33012,_LastEggPnt,DATA_SYMBOL,UNKNOWN,UNKNOWN
538fed3f0fd60a6528a5e5b20990361ac4d274c58266a81e71c24f751612589d,9d27f4d0872e483ddbf460bda8a2e34b7180f153c6d7c1a74d692720476c9a7f,9,PACK,33016,_modeVerts,DATA_SYMBOL,UNKNOWN,UNKNOWN
538fed3f0fd60a6528a5e5b20990361ac4d274c58266a81e71c24f751612589d,9d27f4d0872e483ddbf460bda8a2e34b7180f153c6d7c1a74d692720476c9a7f,9,PACK,33028,_TileTotXB,DATA_SYMBOL,UNKNOWN,UNKNOWN
538fed3f0fd60a6528a5e5b20990361ac4d274c58266a81e71c24f751612589d,9d27f4d0872e483ddbf460bda8a2e34b7180f153c6d7c1a74d692720476c9a7f,9,PACK,33032,_EggMsgs,DATA_SYMBOL,UNKNOWN,UNKNOWN
538fed3f0fd60a6528a5e5b20990361ac4d274c58266a81e71c24f751612589d,9d27f4d0872e483ddbf460bda8a2e34b7180f153c6d7c1a74d692720476c9a7f,9,PACK,33036,_RainCnt,DATA_SYMBOL,UNKNOWN,UNKNOWN
538fed3f0fd60a6528a5e5b20990361ac4d274c58266a81e71c24f751612589d,9d27f4d0872e483ddbf460bda8a2e34b7180f153c6d7c1a74d692720476c9a7f,9,PACK,33038,_RFightBalloonIndex,DATA_SYMBOL,UNKNOWN,UNKNOWN
538fed3f0fd60a6528a5e5b20990361ac4d274c58266a81e71c24f751612589d,9d27f4d0872e483ddbf460bda8a2e34b7180f153c6d7c1a74d692720476c9a7f,9,PACK,33040,_mapTileRect,DATA_SYMBOL,UNKNOWN,UNKNOWN
538fed3f0fd60a6528a5e5b20990361ac4d274c58266a81e71c24f751612589d,9d27f4d0872e483ddbf460bda8a2e34b7180f153c6d7c1a74d692720476c9a7f,9,PACK,33048,_LastColonyPopR,DATA_SYMBOL,UNKNOWN,UNKNOWN
538fed3f0fd60a6528a5e5b20990361ac4d274c58266a81e71c24f751612589d,9d27f4d0872e483ddbf460bda8a2e34b7180f153c6d7c1a74d692720476c9a7f,9,PACK,33050,_TileTotYB,DATA_SYMBOL,UNKNOWN,UNKNOWN
538fed3f0fd60a6528a5e5b20990361ac4d274c58266a81e71c24f751612589d,9d27f4d0872e483ddbf460bda8a2e34b7180f153c6d7c1a74d692720476c9a7f,9,PACK,33054,_BFightBalloonTicks,DATA_SYMBOL,UNKNOWN,UNKNOWN
538fed3f0fd60a6528a5e5b20990361ac4d274c58266a81e71c24f751612589d,9d27f4d0872e483ddbf460bda8a2e34b7180f153c6d7c1a74d692720476c9a7f,9,PACK,33058,_QueenBalloonCnt,DATA_SYMBOL,UNKNOWN,UNKNOWN
538fed3f0fd60a6528a5e5b20990361ac4d274c58266a81e71c24f751612589d,9d27f4d0872e483ddbf460bda8a2e34b7180f153c6d7c1a74d692720476c9a7f,9,PACK,33060,_spiderBuf,DATA_SYMBOL,UNKNOWN,UNKNOWN
538fed3f0fd60a6528a5e5b20990361ac4d274c58266a81e71c24f751612589d,9d27f4d0872e483ddbf460bda8a2e34b7180f153c6d7c1a74d692720476c9a7f,9,PACK,39376,_triBoundDSlope,DATA_SYMBOL,UNKNOWN,UNKNOWN
538fed3f0fd60a6528a5e5b20990361ac4d274c58266a81e71c24f751612589d,9d27f4d0872e483ddbf460bda8a2e34b7180f153c6d7c1a74d692720476c9a7f,9,PACK,39380,_ListIndexB,DATA_SYMBOL,UNKNOWN,UNKNOWN
538fed3f0fd60a6528a5e5b20990361ac4d274c58266a81e71c24f751612589d,9d27f4d0872e483ddbf460bda8a2e34b7180f153c6d7c1a74d692720476c9a7f,9,PACK,39382,_triWidthR,DATA_SYMBOL,UNKNOWN,UNKNOWN
538fed3f0fd60a6528a5e5b20990361ac4d274c58266a81e71c24f751612589d,9d27f4d0872e483ddbf460bda8a2e34b7180f153c6d7c1a74d692720476c9a7f,9,PACK,39384,_WaterTable,DATA_SYMBOL,UNKNOWN,UNKNOWN
538fed3f0fd60a6528a5e5b20990361ac4d274c58266a81e71c24f751612589d,9d27f4d0872e483ddbf460bda8a2e34b7180f153c6d7c1a74d692720476c9a7f,9,PACK,39386,_BoyMessOn,DATA_SYMBOL,UNKNOWN,UNKNOWN
538fed3f0fd60a6528a5e5b20990361ac4d274c58266a81e71c24f751612589d,9d27f4d0872e483ddbf460bda8a2e34b7180f153c6d7c1a74d692720476c9a7f,9,PACK,39388,_casteKnobPnt,DATA_SYMBOL,UNKNOWN,UNKNOWN
538fed3f0fd60a6528a5e5b20990361ac4d274c58266a81e71c24f751612589d,9d27f4d0872e483ddbf460bda8a2e34b7180f153c6d7c1a74d692720476c9a7f,9,PACK,39392,_BAntsKilled,DATA_SYMBOL,UNKNOWN,UNKNOWN
538fed3f0fd60a6528a5e5b20990361ac4d274c58266a81e71c24f751612589d,9d27f4d0872e483ddbf460bda8a2e34b7180f153c6d7c1a74d692720476c9a7f,9,PACK,39396,_MeTargIndex,DATA_SYMBOL,UNKNOWN,UNKNOWN
538fed3f0fd60a6528a5e5b20990361ac4d274c58266a81e71c24f751612589d,9d27f4d0872e483ddbf460bda8a2e34b7180f153c6d7c1a74d692720476c9a7f,9,PACK,39398,_SwarmDelayB,DATA_SYMBOL,UNKNOWN,UNKNOWN
538fed3f0fd60a6528a5e5b20990361ac4d274c58266a81e71c24f751612589d,9d27f4d0872e483ddbf460bda8a2e34b7180f153c6d7c1a74d692720476c9a7f,9,PACK,39400,_MeTargLifeX,DATA_SYMBOL,UNKNOWN,UNKNOWN
538fed3f0fd60a6528a5e5b20990361ac4d274c58266a81e71c24f751612589d,9d27f4d0872e483ddbf460bda8a2e34b7180f153c6d7c1a74d692720476c9a7f,9,PACK,39402,_MeTargLifeY,DATA_SYMBOL,UNKNOWN,UNKNOWN
538fed3f0fd60a6528a5e5b20990361ac4d274c58266a81e71c24f751612589d,9d27f4d0872e483ddbf460bda8a2e34b7180f153c6d7c1a74d692720476c9a7f,9,PACK,39404,_MwinStr,DATA_SYMBOL,UNKNOWN,UNKNOWN
538fed3f0fd60a6528a5e5b20990361ac4d274c58266a81e71c24f751612589d,9d27f4d0872e483ddbf460bda8a2e34b7180f153c6d7c1a74d692720476c9a7f,9,PACK,39660,_LastFightPlane,DATA_SYMBOL,UNKNOWN,UNKNOWN
538fed3f0fd60a6528a5e5b20990361ac4d274c58266a81e71c24f751612589d,9d27f4d0872e483ddbf460bda8a2e34b7180f153c6d7c1a74d692720476c9a7f,9,PACK,39662,_initialMemory,DATA_SYMBOL,UNKNOWN,UNKNOWN
538fed3f0fd60a6528a5e5b20990361ac4d274c58266a81e71c24f751612589d,9d27f4d0872e483ddbf460bda8a2e34b7180f153c6d7c1a74d692720476c9a7f,9,PACK,39666,_MeWantFood,DATA_SYMBOL,UNKNOWN,UNKNOWN
538fed3f0fd60a6528a5e5b20990361ac4d274c58266a81e71c24f751612589d,9d27f4d0872e483ddbf460bda8a2e34b7180f153c6d7c1a74d692720476c9a7f,9,PACK,39668,_MowX,DATA_SYMBOL,UNKNOWN,UNKNOWN
538fed3f0fd60a6528a5e5b20990361ac4d274c58266a81e71c24f751612589d,9d27f4d0872e483ddbf460bda8a2e34b7180f153c6d7c1a74d692720476c9a7f,9,PACK,39670,_ExpCursAnimCycle,DATA_SYMBOL,UNKNOWN,UNKNOWN
538fed3f0fd60a6528a5e5b20990361ac4d274c58266a81e71c24f751612589d,9d27f4d0872e483ddbf460bda8a2e34b7180f153c6d7c1a74d692720476c9a7f,9,PACK,39672,_TotalEggsLaidB,DATA_SYMBOL,UNKNOWN,UNKNOWN
538fed3f0fd60a6528a5e5b20990361ac4d274c58266a81e71c24f751612589d,9d27f4d0872e483ddbf460bda8a2e34b7180f153c6d7c1a74d692720476c9a7f,9,PACK,39676,_MowY,DATA_SYMBOL,UNKNOWN,UNKNOWN
538fed3f0fd60a6528a5e5b20990361ac4d274c58266a81e71c24f751612589d,9d27f4d0872e483ddbf460bda8a2e34b7180f153c6d7c1a74d692720476c9a7f,9,PACK,39678,_WantEggBalloon,DATA_SYMBOL,UNKNOWN,UNKNOWN
538fed3f0fd60a6528a5e5b20990361ac4d274c58266a81e71c24f751612589d,9d27f4d0872e483ddbf460bda8a2e34b7180f153c6d7c1a74d692720476c9a7f,9,PACK,39680,_UDcntr,DATA_SYMBOL,UNKNOWN,UNKNOWN
538fed3f0fd60a6528a5e5b20990361ac4d274c58266a81e71c24f751612589d,9d27f4d0872e483ddbf460bda8a2e34b7180f153c6d7c1a74d692720476c9a7f,9,PACK,39682,_FilErrStr,DATA_SYMBOL,UNKNOWN,UNKNOWN
538fed3f0fd60a6528a5e5b20990361ac4d274c58266a81e71c24f751612589d,9d27f4d0872e483ddbf460bda8a2e34b7180f153c6d7c1a74d692720476c9a7f,9,PACK,39686,_tilesInA,DATA_SYMBOL,UNKNOWN,UNKNOWN
538fed3f0fd60a6528a5e5b20990361ac4d274c58266a81e71c24f751612589d,9d27f4d0872e483ddbf460bda8a2e34b7180f153c6d7c1a74d692720476c9a7f,9,PACK,39688,_editTileRect,DATA_SYMBOL,UNKNOWN,UNKNOWN
538fed3f0fd60a6528a5e5b20990361ac4d274c58266a81e71c24f751612589d,9d27f4d0872e483ddbf460bda8a2e34b7180f153c6d7c1a74d692720476c9a7f,9,PACK,39696,_TimeTemp,DATA_SYMBOL,UNKNOWN,UNKNOWN
538fed3f0fd60a6528a5e5b20990361ac4d274c58266a81e71c24f751612589d,9d27f4d0872e483ddbf460bda8a2e34b7180f153c6d7c1a74d692720476c9a7f,9,PACK,39700,_CurFightPlane,DATA_SYMBOL,UNKNOWN,UNKNOWN
538fed3f0fd60a6528a5e5b20990361ac4d274c58266a81e71c24f751612589d,9d27f4d0872e483ddbf460bda8a2e34b7180f153c6d7c1a74d692720476c9a7f,9,PACK,39702,_tilesInB,DATA_SYMBOL,UNKNOWN,UNKNOWN
538fed3f0fd60a6528a5e5b20990361ac4d274c58266a81e71c24f751612589d,9d27f4d0872e483ddbf460bda8a2e34b7180f153c6d7c1a74d692720476c9a7f,9,PACK,39704,_iniDrive,DATA_SYMBOL,UNKNOWN,UNKNOWN
538fed3f0fd60a6528a5e5b20990361ac4d274c58266a81e71c24f751612589d,9d27f4d0872e483ddbf460bda8a2e34b7180f153c6d7c1a74d692720476c9a7f,9,PACK,39706,_gScrollDirection,DATA_SYMBOL,UNKNOWN,UNKNOWN
538fed3f0fd60a6528a5e5b20990361ac4d274c58266a81e71c24f751612589d,9d27f4d0872e483ddbf460bda8a2e34b7180f153c6d7c1a74d692720476c9a7f,9,PACK,39710,_PillDir,DATA_SYMBOL,UNKNOWN,UNKNOWN
538fed3f0fd60a6528a5e5b20990361ac4d274c58266a81e71c24f751612589d,9d27f4d0872e483ddbf460bda8a2e34b7180f153c6d7c1a74d692720476c9a7f,9,PACK,39712,_toofar,DATA_SYMBOL,UNKNOWN,UNKNOWN
538fed3f0fd60a6528a5e5b20990361ac4d274c58266a81e71c24f751612589d,9d27f4d0872e483ddbf460bda8a2e34b7180f153c6d7c1a74d692720476c9a7f,9,PACK,39714,_HouseColonies,DATA_SYMBOL,UNKNOWN,UNKNOWN
538fed3f0fd60a6528a5e5b20990361ac4d274c58266a81e71c24f751612589d,9d27f4d0872e483ddbf460bda8a2e34b7180f153c6d7c1a74d692720476c9a7f,9,PACK,39716,_tilesInC,DATA_SYMBOL,UNKNOWN,UNKNOWN
538fed3f0fd60a6528a5e5b20990361ac4d274c58266a81e71c24f751612589d,9d27f4d0872e483ddbf460bda8a2e34b7180f153c6d7c1a74d692720476c9a7f,9,PACK,39718,_BAntsExpired,DATA_SYMBOL,UNKNOWN,UNKNOWN
538fed3f0fd60a6528a5e5b20990361ac4d274c58266a81e71c24f751612589d,9d27f4d0872e483ddbf460bda8a2e34b7180f153c6d7c1a74d692720476c9a7f,9,PACK,39722,_tilesInD,DATA_SYMBOL,UNKNOWN,UNKNOWN
538fed3f0fd60a6528a5e5b20990361ac4d274c58266a81e71c24f751612589d,9d27f4d0872e483ddbf460bda8a2e34b7180f153c6d7c1a74d692720476c9a7f,9,PACK,39724,_gameCycles,DATA_SYMBOL,UNKNOWN,UNKNOWN
538fed3f0fd60a6528a5e5b20990361ac4d274c58266a81e71c24f751612589d,9d27f4d0872e483ddbf460bda8a2e34b7180f153c6d7c1a74d692720476c9a7f,9,PACK,39728,_SwarmDelayR,DATA_SYMBOL,UNKNOWN,UNKNOWN
538fed3f0fd60a6528a5e5b20990361ac4d274c58266a81e71c24f751612589d,9d27f4d0872e483ddbf460bda8a2e34b7180f153c6d7c1a74d692720476c9a7f,9,PACK,39730,_SwarmXB,DATA_SYMBOL,UNKNOWN,UNKNOWN
538fed3f0fd60a6528a5e5b20990361ac4d274c58266a81e71c24f751612589d,9d27f4d0872e483ddbf460bda8a2e34b7180f153c6d7c1a74d692720476c9a7f,9,PACK,39780,_casteLevels,DATA_SYMBOL,UNKNOWN,UNKNOWN
538fed3f0fd60a6528a5e5b20990361ac4d274c58266a81e71c24f751612589d,9d27f4d0872e483ddbf460bda8a2e34b7180f153c6d7c1a74d692720476c9a7f,9,PACK,39786,_Tindex,DATA_SYMBOL,UNKNOWN,UNKNOWN
538fed3f0fd60a6528a5e5b20990361ac4d274c58266a81e71c24f751612589d,9d27f4d0872e483ddbf460bda8a2e34b7180f153c6d7c1a74d692720476c9a7f,9,PACK,39788,_EditRows,DATA_SYMBOL,UNKNOWN,UNKNOWN
538fed3f0fd60a6528a5e5b20990361ac4d274c58266a81e71c24f751612589d,9d27f4d0872e483ddbf460bda8a2e34b7180f153c6d7c1a74d692720476c9a7f,9,PACK,39790,_TERRAINset,DATA_SYMBOL,UNKNOWN,UNKNOWN
538fed3f0fd60a6528a5e5b20990361ac4d274c58266a81e71c24f751612589d,9d27f4d0872e483ddbf460bda8a2e34b7180f153c6d7c1a74d692720476c9a7f,9,PACK,39792,_MapButtStates,DATA_SYMBOL,UNKNOWN,UNKNOWN
538fed3f0fd60a6528a5e5b20990361ac4d274c58266a81e71c24f751612589d,9d27f4d0872e483ddbf460bda8a2e34b7180f153c6d7c1a74d692720476c9a7f,9,PACK,39816,_miniXSize,DATA_SYMBOL,UNKNOWN,UNKNOWN
538fed3f0fd60a6528a5e5b20990361ac4d274c58266a81e71c24f751612589d,9d27f4d0872e483ddbf460bda8a2e34b7180f153c6d7c1a74d692720476c9a7f,9,PACK,39818,_StrategicModeB,DATA_SYMBOL,UNKNOWN,UNKNOWN
538fed3f0fd60a6528a5e5b20990361ac4d274c58266a81e71c24f751612589d,9d27f4d0872e483ddbf460bda8a2e34b7180f153c6d7c1a74d692720476c9a7f,9,PACK,39820,_SwarmYB,DATA_SYMBOL,UNKNOWN,UNKNOWN
538fed3f0fd60a6528a5e5b20990361ac4d274c58266a81e71c24f751612589d,9d27f4d0872e483ddbf460bda8a2e34b7180f153c6d7c1a74d692720476c9a7f,9,PACK,39870,_LastMowX,DATA_SYMBOL,UNKNOWN,UNKNOWN
538fed3f0fd60a6528a5e5b20990361ac4d274c58266a81e71c24f751612589d,9d27f4d0872e483ddbf460bda8a2e34b7180f153c6d7c1a74d692720476c9a7f,9,PACK,39872,_tileBufA,DATA_SYMBOL,UNKNOWN,UNKNOWN
538fed3f0fd60a6528a5e5b20990361ac4d274c58266a81e71c24f751612589d,9d27f4d0872e483ddbf460bda8a2e34b7180f153c6d7c1a74d692720476c9a7f,9,PACK,39876,_MeCmd,DATA_SYMBOL,UNKNOWN,UNKNOWN
538fed3f0fd60a6528a5e5b20990361ac4d274c58266a81e71c24f751612589d,9d27f4d0872e483ddbf460bda8a2e34b7180f153c6d7c1a74d692720476c9a7f,9,PACK,39878,_just,DATA_SYMBOL,UNKNOWN,UNKNOWN
538fed3f0fd60a6528a5e5b20990361ac4d274c58266a81e71c24f751612589d,9d27f4d0872e483ddbf460bda8a2e34b7180f153c6d7c1a74d692720476c9a7f,9,PACK,39880,_SowX,DATA_SYMBOL,UNKNOWN,UNKNOWN
538fed3f0fd60a6528a5e5b20990361ac4d274c58266a81e71c24f751612589d,9d27f4d0872e483ddbf460bda8a2e34b7180f153c6d7c1a74d692720476c9a7f,9,PACK,39886,_knobSize,DATA_SYMBOL,UNKNOWN,UNKNOWN
538fed3f0fd60a6528a5e5b20990361ac4d274c58266a81e71c24f751612589d,9d27f4d0872e483ddbf460bda8a2e34b7180f153c6d7c1a74d692720476c9a7f,9,PACK,39890,_SpidOn,DATA_SYMBOL,UNKNOWN,UNKNOWN
538fed3f0fd60a6528a5e5b20990361ac4d274c58266a81e71c24f751612589d,9d27f4d0872e483ddbf460bda8a2e34b7180f153c6d7c1a74d692720476c9a7f,9,PACK,39892,_LastMowY,DATA_SYMBOL,UNKNOWN,UNKNOWN
538fed3f0fd60a6528a5e5b20990361ac4d274c58266a81e71c24f751612589d,9d27f4d0872e483ddbf460bda8a2e34b7180f153c6d7c1a74d692720476c9a7f,9,PACK,39894,_tileBufB,DATA_SYMBOL,UNKNOWN,UNKNOWN
538fed3f0fd60a6528a5e5b20990361ac4d274c58266a81e71c24f751612589d,9d27f4d0872e483ddbf460bda8a2e34b7180f153c6d7c1a74d692720476c9a7f,9,PACK,39898,_SowY,DATA_SYMBOL,UNKNOWN,UNKNOWN
538fed3f0fd60a6528a5e5b20990361ac4d274c58266a81e71c24f751612589d,9d27f4d0872e483ddbf460bda8a2e34b7180f153c6d7c1a74d692720476c9a7f,9,PACK,39904,_MeGoalPlane,DATA_SYMBOL,UNKNOWN,UNKNOWN
538fed3f0fd60a6528a5e5b20990361ac4d274c58266a81e71c24f751612589d,9d27f4d0872e483ddbf460bda8a2e34b7180f153c6d7c1a74d692720476c9a7f,9,PACK,39906,_miniYSize,DATA_SYMBOL,UNKNOWN,UNKNOWN
538fed3f0fd60a6528a5e5b20990361ac4d274c58266a81e71c24f751612589d,9d27f4d0872e483ddbf460bda8a2e34b7180f153c6d7c1a74d692720476c9a7f,9,PACK,39908,_casteButtonState,DATA_SYMBOL,UNKNOWN,UNKNOWN
538fed3f0fd60a6528a5e5b20990361ac4d274c58266a81e71c24f751612589d,9d27f4d0872e483ddbf460bda8a2e34b7180f153c6d7c1a74d692720476c9a7f,9,PACK,39910,_MwinTitle,DATA_SYMBOL,UNKNOWN,UNKNOWN
538fed3f0fd60a6528a5e5b20990361ac4d274c58266a81e71c24f751612589d,9d27f4d0872e483ddbf460bda8a2e34b7180f153c6d7c1a74d692720476c9a7f,9,PACK,39914,_WantBFightBalloon,DATA_SYMBOL,UNKNOWN,UNKNOWN
538fed3f0fd60a6528a5e5b20990361ac4d274c58266a81e71c24f751612589d,9d27f4d0872e483ddbf460bda8a2e34b7180f153c6d7c1a74d692720476c9a7f,9,PACK,39916,_MeWarnHealth,DATA_SYMBOL,UNKNOWN,UNKNOWN
538fed3f0fd60a6528a5e5b20990361ac4d274c58266a81e71c24f751612589d,9d27f4d0872e483ddbf460bda8a2e34b7180f153c6d7c1a74d692720476c9a7f,9,PACK,39918,_RedDestX,DATA_SYMBOL,UNKNOWN,UNKNOWN
538fed3f0fd60a6528a5e5b20990361ac4d274c58266a81e71c24f751612589d,9d27f4d0872e483ddbf460bda8a2e34b7180f153c6d7c1a74d692720476c9a7f,9,PACK,39920,_SwarmXR,DATA_SYMBOL,UNKNOWN,UNKNOWN
538fed3f0fd60a6528a5e5b20990361ac4d274c58266a81e71c24f751612589d,9d27f4d0872e483ddbf460bda8a2e34b7180f153c6d7c1a74d692720476c9a7f,9,PACK,39970,_RedDestY,DATA_SYMBOL,UNKNOWN,UNKNOWN
538fed3f0fd60a6528a5e5b20990361ac4d274c58266a81e71c24f751612589d,9d27f4d0872e483ddbf460bda8a2e34b7180f153c6d7c1a74d692720476c9a7f,9,PACK,39972,_YellowDied,DATA_SYMBOL,UNKNOWN,UNKNOWN
538fed3f0fd60a6528a5e5b20990361ac4d274c58266a81e71c24f751612589d,9d27f4d0872e483ddbf460bda8a2e34b7180f153c6d7c1a74d692720476c9a7f,9,PACK,39974,_SwarmCntR,DATA_SYMBOL,UNKNOWN,UNKNOWN
538fed3f0fd60a6528a5e5b20990361ac4d274c58266a81e71c24f751612589d,9d27f4d0872e483ddbf460bda8a2e34b7180f153c6d7c1a74d692720476c9a7f,9,PACK,39976,_GamePaused,DATA_SYMBOL,UNKNOWN,UNKNOWN
538fed3f0fd60a6528a5e5b20990361ac4d274c58266a81e71c24f751612589d,9d27f4d0872e483ddbf460bda8a2e34b7180f153c6d7c1a74d692720476c9a7f,9,PACK,39978,_SowDir,DATA_SYMBOL,UNKNOWN,UNKNOWN
538fed3f0fd60a6528a5e5b20990361ac4d274c58266a81e71c24f751612589d,9d27f4d0872e483ddbf460bda8a2e34b7180f153c6d7c1a74d692720476c9a7f,9,PACK,39984,_EditCentPnt,DATA_SYMBOL,UNKNOWN,UNKNOWN
538fed3f0fd60a6528a5e5b20990361ac4d274c58266a81e71c24f751612589d,9d27f4d0872e483ddbf460bda8a2e34b7180f153c6d7c1a74d692720476c9a7f,9,PACK,39988,_SwarmYR,DATA_SYMBOL,UNKNOWN,UNKNOWN
538fed3f0fd60a6528a5e5b20990361ac4d274c58266a81e71c24f751612589d,9d27f4d0872e483ddbf460bda8a2e34b7180f153c6d7c1a74d692720476c9a7f,9,PACK,40038,_DROPdir,DATA_SYMBOL,UNKNOWN,UNKNOWN
538fed3f0fd60a6528a5e5b20990361ac4d274c58266a81e71c24f751612589d,9d27f4d0872e483ddbf460bda8a2e34b7180f153c6d7c1a74d692720476c9a7f,9,PACK,40040,_BFightMsgs,DATA_SYMBOL,UNKNOWN,UNKNOWN
538fed3f0fd60a6528a5e5b20990361ac4d274c58266a81e71c24f751612589d,9d27f4d0872e483ddbf460bda8a2e34b7180f153c6d7c1a74d692720476c9a7f,9,PACK,40044,_MeTargLifePlane,DATA_SYMBOL,UNKNOWN,UNKNOWN
538fed3f0fd60a6528a5e5b20990361ac4d274c58266a81e71c24f751612589d,9d27f4d0872e483ddbf460bda8a2e34b7180f153c6d7c1a74d692720476c9a7f,9,PACK,40046,_AntsEatenByLions,DATA_SYMBOL,UNKNOWN,UNKNOWN
538fed3f0fd60a6528a5e5b20990361ac4d274c58266a81e71c24f751612589d,9d27f4d0872e483ddbf460bda8a2e34b7180f153c6d7c1a74d692720476c9a7f,9,PACK,40048,_JustXfered,DATA_SYMBOL,UNKNOWN,UNKNOWN
538fed3f0fd60a6528a5e5b20990361ac4d274c58266a81e71c24f751612589d,9d27f4d0872e483ddbf460bda8a2e34b7180f153c6d7c1a74d692720476c9a7f,9,PACK,40050,_CurQueenPlane,DATA_SYMBOL,UNKNOWN,UNKNOWN
538fed3f0fd60a6528a5e5b20990361ac4d274c58266a81e71c24f751612589d,9d27f4d0872e483ddbf460bda8a2e34b7180f153c6d7c1a74d692720476c9a7f,9,PACK,40052,_modeLevels,DATA_SYMBOL,UNKNOWN,UNKNOWN
538fed3f0fd60a6528a5e5b20990361ac4d274c58266a81e71c24f751612589d,9d27f4d0872e483ddbf460bda8a2e34b7180f153c6d7c1a74d692720476c9a7f,9,PACK,40058,_lastPos,DATA_SYMBOL,UNKNOWN,UNKNOWN
538fed3f0fd60a6528a5e5b20990361ac4d274c58266a81e71c24f751612589d,9d27f4d0872e483ddbf460bda8a2e34b7180f153c6d7c1a74d692720476c9a7f,9,PACK,40062,_MeSteps,DATA_SYMBOL,UNKNOWN,UNKNOWN
538fed3f0fd60a6528a5e5b20990361ac4d274c58266a81e71c24f751612589d,9d27f4d0872e483ddbf460bda8a2e34b7180f153c6d7c1a74d692720476c9a7f,9,PACK,40064,_RColoniesStarted,DATA_SYMBOL,UNKNOWN,UNKNOWN
538fed3f0fd60a6528a5e5b20990361ac4d274c58266a81e71c24f751612589d,9d27f4d0872e483ddbf460bda8a2e34b7180f153c6d7c1a74d692720476c9a7f,9,PACK,40066,_DeadX,DATA_SYMBOL,UNKNOWN,UNKNOWN
538fed3f0fd60a6528a5e5b20990361ac4d274c58266a81e71c24f751612589d,9d27f4d0872e483ddbf460bda8a2e34b7180f153c6d7c1a74d692720476c9a7f,9,PACK,40166,_RestBalloonTicks,DATA_SYMBOL,UNKNOWN,UNKNOWN
538fed3f0fd60a6528a5e5b20990361ac4d274c58266a81e71c24f751612589d,9d27f4d0872e483ddbf460bda8a2e34b7180f153c6d7c1a74d692720476c9a7f,9,PACK,40170,_BlackWon,DATA_SYMBOL,UNKNOWN,UNKNOWN
538fed3f0fd60a6528a5e5b20990361ac4d274c58266a81e71c24f751612589d,9d27f4d0872e483ddbf460bda8a2e34b7180f153c6d7c1a74d692720476c9a7f,9,PACK,40172,_triWidth,DATA_SYMBOL,UNKNOWN,UNKNOWN
538fed3f0fd60a6528a5e5b20990361ac4d274c58266a81e71c24f751612589d,9d27f4d0872e483ddbf460bda8a2e34b7180f153c6d7c1a74d692720476c9a7f,9,PACK,40174,_MigrateX,DATA_SYMBOL,UNKNOWN,UNKNOWN
538fed3f0fd60a6528a5e5b20990361ac4d274c58266a81e71c24f751612589d,9d27f4d0872e483ddbf460bda8a2e34b7180f153c6d7c1a74d692720476c9a7f,9,PACK,40176,_MeHealthCntDwn,DATA_SYMBOL,UNKNOWN,UNKNOWN
538fed3f0fd60a6528a5e5b20990361ac4d274c58266a81e71c24f751612589d,9d27f4d0872e483ddbf460bda8a2e34b7180f153c6d7c1a74d692720476c9a7f,9,PACK,40178,_H_ADead,DATA_SYMBOL,UNKNOWN,UNKNOWN
538fed3f0fd60a6528a5e5b20990361ac4d274c58266a81e71c24f751612589d,9d27f4d0872e483ddbf460bda8a2e34b7180f153c6d7c1a74d692720476c9a7f,9,PACK,40306,_MigrateY,DATA_SYMBOL,UNKNOWN,UNKNOWN
538fed3f0fd60a6528a5e5b20990361ac4d274c58266a81e71c24f751612589d,9d27f4d0872e483ddbf460bda8a2e34b7180f153c6d7c1a74d692720476c9a7f,9,PACK,40308,_RedTask,DATA_SYMBOL,UNKNOWN,UNKNOWN
538fed3f0fd60a6528a5e5b20990361ac4d274c58266a81e71c24f751612589d,9d27f4d0872e483ddbf460bda8a2e34b7180f153c6d7c1a74d692720476c9a7f,9,PACK,40310,_DeadY,DATA_SYMBOL,UNKNOWN,UNKNOWN
538fed3f0fd60a6528a5e5b20990361ac4d274c58266a81e71c24f751612589d,9d27f4d0872e483ddbf460bda8a2e34b7180f153c6d7c1a74d692720476c9a7f,9,PACK,40410,_IsGameOver,DATA_SYMBOL,UNKNOWN,UNKNOWN
538fed3f0fd60a6528a5e5b20990361ac4d274c58266a81e71c24f751612589d,9d27f4d0872e483ddbf460bda8a2e34b7180f153c6d7c1a74d692720476c9a7f,9,PACK,40412,_TileTotXR,DATA_SYMBOL,UNKNOWN,UNKNOWN
538fed3f0fd60a6528a5e5b20990361ac4d274c58266a81e71c24f751612589d,9d27f4d0872e483ddbf460bda8a2e34b7180f153c6d7c1a74d692720476c9a7f,9,PACK,40416,_terrainTiles,DATA_SYMBOL,UNKNOWN,UNKNOWN
538fed3f0fd60a6528a5e5b20990361ac4d274c58266a81e71c24f751612589d,9d27f4d0872e483ddbf460bda8a2e34b7180f153c6d7c1a74d692720476c9a7f,9,PACK,40418,_TileTotYR,DATA_SYMBOL,UNKNOWN,UNKNOWN
538fed3f0fd60a6528a5e5b20990361ac4d274c58266a81e71c24f751612589d,9d27f4d0872e483ddbf460bda8a2e34b7180f153c6d7c1a74d692720476c9a7f,9,PACK,40422,_DogBarkDelay,DATA_SYMBOL,UNKNOWN,UNKNOWN
538fed3f0fd60a6528a5e5b20990361ac4d274c58266a81e71c24f751612589d,9d27f4d0872e483ddbf460bda8a2e34b7180f153c6d7c1a74d692720476c9a7f,9,PACK,40426,_H_FDead,DATA_SYMBOL,UNKNOWN,UNKNOWN
538fed3f0fd60a6528a5e5b20990361ac4d274c58266a81e71c24f751612589d,9d27f4d0872e483ddbf460bda8a2e34b7180f153c6d7c1a74d692720476c9a7f,9,PACK,40554,_RFightBalloonTicks,DATA_SYMBOL,UNKNOWN,UNKNOWN
538fed3f0fd60a6528a5e5b20990361ac4d274c58266a81e71c24f751612589d,9d27f4d0872e483ddbf460bda8a2e34b7180f153c6d7c1a74d692720476c9a7f,9,PACK,40558,_HistStart,DATA_SYMBOL,UNKNOWN,UNKNOWN
538fed3f0fd60a6528a5e5b20990361ac4d274c58266a81e71c24f751612589d,9d27f4d0872e483ddbf460bda8a2e34b7180f153c6d7c1a74d692720476c9a7f,9,PACK,40560,_ModePopB,DATA_SYMBOL,UNKNOWN,UNKNOWN
538fed3f0fd60a6528a5e5b20990361ac4d274c58266a81e71c24f751612589d,9d27f4d0872e483ddbf460bda8a2e34b7180f153c6d7c1a74d692720476c9a7f,9,PACK,40572,_MeStartedFight,DATA_SYMBOL,UNKNOWN,UNKNOWN
538fed3f0fd60a6528a5e5b20990361ac4d274c58266a81e71c24f751612589d,9d27f4d0872e483ddbf460bda8a2e34b7180f153c6d7c1a74d692720476c9a7f,9,PACK,40574,_shiftPutRtn,DATA_SYMBOL,UNKNOWN,UNKNOWN
538fed3f0fd60a6528a5e5b20990361ac4d274c58266a81e71c24f751612589d,9d27f4d0872e483ddbf460bda8a2e34b7180f153c6d7c1a74d692720476c9a7f,9,PACK,40578,_custOrgStrHandle,DATA_SYMBOL,UNKNOWN,UNKNOWN
538fed3f0fd60a6528a5e5b20990361ac4d274c58266a81e71c24f751612589d,9d27f4d0872e483ddbf460bda8a2e34b7180f153c6d7c1a74d692720476c9a7f,9,PACK,40580,_FoodA,DATA_SYMBOL,UNKNOWN,UNKNOWN
538fed3f0fd60a6528a5e5b20990361ac4d274c58266a81e71c24f751612589d,9d27f4d0872e483ddbf460bda8a2e34b7180f153c6d7c1a74d692720476c9a7f,9,PACK,40582,_RestBalloonIndex,DATA_SYMBOL,UNKNOWN,UNKNOWN
538fed3f0fd60a6528a5e5b20990361ac4d274c58266a81e71c24f751612589d,9d27f4d0872e483ddbf460bda8a2e34b7180f153c6d7c1a74d692720476c9a7f,9,PACK,40584,_BoyMsgs,DATA_SYMBOL,UNKNOWN,UNKNOWN
538fed3f0fd60a6528a5e5b20990361ac4d274c58266a81e71c24f751612589d,9d27f4d0872e483ddbf460bda8a2e34b7180f153c6d7c1a74d692720476c9a7f,9,PACK,40588,_InitialLions,DATA_SYMBOL,UNKNOWN,UNKNOWN
538fed3f0fd60a6528a5e5b20990361ac4d274c58266a81e71c24f751612589d,9d27f4d0872e483ddbf460bda8a2e34b7180f153c6d7c1a74d692720476c9a7f,9,PACK,40590,_QueenMsgs,DATA_SYMBOL,UNKNOWN,UNKNOWN
538fed3f0fd60a6528a5e5b20990361ac4d274c58266a81e71c24f751612589d,9d27f4d0872e483ddbf460bda8a2e34b7180f153c6d7c1a74d692720476c9a7f,9,PACK,40594,_lastTop,DATA_SYMBOL,UNKNOWN,UNKNOWN
538fed3f0fd60a6528a5e5b20990361ac4d274c58266a81e71c24f751612589d,9d27f4d0872e483ddbf460bda8a2e34b7180f153c6d7c1a74d692720476c9a7f,9,PACK,40596,_modeAnimObj,DATA_SYMBOL,UNKNOWN,UNKNOWN
538fed3f0fd60a6528a5e5b20990361ac4d274c58266a81e71c24f751612589d,9d27f4d0872e483ddbf460bda8a2e34b7180f153c6d7c1a74d692720476c9a7f,9,PACK,40598,_RAntsKilled,DATA_SYMBOL,UNKNOWN,UNKNOWN
538fed3f0fd60a6528a5e5b20990361ac4d274c58266a81e71c24f751612589d,9d27f4d0872e483ddbf460bda8a2e34b7180f153c6d7c1a74d692720476c9a7f,9,PACK,40602,_win_sliderIconSize,DATA_SYMBOL,UNKNOWN,UNKNOWN
538fed3f0fd60a6528a5e5b20990361ac4d274c58266a81e71c24f751612589d,9d27f4d0872e483ddbf460bda8a2e34b7180f153c6d7c1a74d692720476c9a7f,9,PACK,40606,_EditMsgDelay,DATA_SYMBOL,UNKNOWN,UNKNOWN
538fed3f0fd60a6528a5e5b20990361ac4d274c58266a81e71c24f751612589d,9d27f4d0872e483ddbf460bda8a2e34b7180f153c6d7c1a74d692720476c9a7f,9,PACK,40610,_SaveGamePaused,DATA_SYMBOL,UNKNOWN,UNKNOWN
538fed3f0fd60a6528a5e5b20990361ac4d274c58266a81e71c24f751612589d,9d27f4d0872e483ddbf460bda8a2e34b7180f153c6d7c1a74d692720476c9a7f,9,PACK,40612,_FoodB,DATA_SYMBOL,UNKNOWN,UNKNOWN
538fed3f0fd60a6528a5e5b20990361ac4d274c58266a81e71c24f751612589d,9d27f4d0872e483ddbf460bda8a2e34b7180f153c6d7c1a74d692720476c9a7f,9,PACK,40614,_SimAntClientNum,DATA_SYMBOL,UNKNOWN,UNKNOWN
538fed3f0fd60a6528a5e5b20990361ac4d274c58266a81e71c24f751612589d,9d27f4d0872e483ddbf460bda8a2e34b7180f153c6d7c1a74d692720476c9a7f,9,PACK,40616,_DdPtr,DATA_SYMBOL,UNKNOWN,UNKNOWN
538fed3f0fd60a6528a5e5b20990361ac4d274c58266a81e71c24f751612589d,9d27f4d0872e483ddbf460bda8a2e34b7180f153c6d7c1a74d692720476c9a7f,9,PACK,40618,_EggBalloonIndex,DATA_SYMBOL,UNKNOWN,UNKNOWN
538fed3f0fd60a6528a5e5b20990361ac4d274c58266a81e71c24f751612589d,9d27f4d0872e483ddbf460bda8a2e34b7180f153c6d7c1a74d692720476c9a7f,9,PACK,40620,_H_PDead,DATA_SYMBOL,UNKNOWN,UNKNOWN
538fed3f0fd60a6528a5e5b20990361ac4d274c58266a81e71c24f751612589d,9d27f4d0872e483ddbf460bda8a2e34b7180f153c6d7c1a74d692720476c9a7f,9,PACK,40748,_AMapPnt,DATA_SYMBOL,UNKNOWN,UNKNOWN
538fed3f0fd60a6528a5e5b20990361ac4d274c58266a81e71c24f751612589d,9d27f4d0872e483ddbf460bda8a2e34b7180f153c6d7c1a74d692720476c9a7f,9,PACK,40752,_H_BHeal,DATA_SYMBOL,UNKNOWN,UNKNOWN
538fed3f0fd60a6528a5e5b20990361ac4d274c58266a81e71c24f751612589d,9d27f4d0872e483ddbf460bda8a2e34b7180f153c6d7c1a74d692720476c9a7f,9,PACK,40880,_LessonTemp,DATA_SYMBOL,UNKNOWN,UNKNOWN
538fed3f0fd60a6528a5e5b20990361ac4d274c58266a81e71c24f751612589d,9d27f4d0872e483ddbf460bda8a2e34b7180f153c6d7c1a74d692720476c9a7f,9,PACK,40882,_BMapPnt,DATA_SYMBOL,UNKNOWN,UNKNOWN
538fed3f0fd60a6528a5e5b20990361ac4d274c58266a81e71c24f751612589d,9d27f4d0872e483ddbf460bda8a2e34b7180f153c6d7c1a74d692720476c9a7f,9,PACK,40886,_LastFightPnt,DATA_SYMBOL,UNKNOWN,UNKNOWN
538fed3f0fd60a6528a5e5b20990361ac4d274c58266a81e71c24f751612589d,9d27f4d0872e483ddbf460bda8a2e34b7180f153c6d7c1a74d692720476c9a7f,9,PACK,40890,_TileMassXR,DATA_SYMBOL,UNKNOWN,UNKNOWN
538fed3f0fd60a6528a5e5b20990361ac4d274c58266a81e71c24f751612589d,9d27f4d0872e483ddbf460bda8a2e34b7180f153c6d7c1a74d692720476c9a7f,9,PACK,40892,_BirdDelay,DATA_SYMBOL,UNKNOWN,UNKNOWN
538fed3f0fd60a6528a5e5b20990361ac4d274c58266a81e71c24f751612589d,9d27f4d0872e483ddbf460bda8a2e34b7180f153c6d7c1a74d692720476c9a7f,9,PACK,40896,_leftYSlope,DATA_SYMBOL,UNKNOWN,UNKNOWN
538fed3f0fd60a6528a5e5b20990361ac4d274c58266a81e71c24f751612589d,9d27f4d0872e483ddbf460bda8a2e34b7180f153c6d7c1a74d692720476c9a7f,9,PACK,40900,_spiderTileTop,DATA_SYMBOL,UNKNOWN,UNKNOWN
538fed3f0fd60a6528a5e5b20990361ac4d274c58266a81e71c24f751612589d,9d27f4d0872e483ddbf460bda8a2e34b7180f153c6d7c1a74d692720476c9a7f,9,PACK,40902,_RAntsExpired,DATA_SYMBOL,UNKNOWN,UNKNOWN
538fed3f0fd60a6528a5e5b20990361ac4d274c58266a81e71c24f751612589d,9d27f4d0872e483ddbf460bda8a2e34b7180f153c6d7c1a74d692720476c9a7f,9,PACK,40906,_FracSineTab,DATA_SYMBOL,UNKNOWN,UNKNOWN
538fed3f0fd60a6528a5e5b20990361ac4d274c58266a81e71c24f751612589d,9d27f4d0872e483ddbf460bda8a2e34b7180f153c6d7c1a74d692720476c9a7f,9,PACK,40910,_ModeAuto,DATA_SYMBOL,UNKNOWN,UNKNOWN
538fed3f0fd60a6528a5e5b20990361ac4d274c58266a81e71c24f751612589d,9d27f4d0872e483ddbf460bda8a2e34b7180f153c6d7c1a74d692720476c9a7f,9,PACK,40912,_CurBalloonCnt,DATA_SYMBOL,UNKNOWN,UNKNOWN
538fed3f0fd60a6528a5e5b20990361ac4d274c58266a81e71c24f751612589d,9d27f4d0872e483ddbf460bda8a2e34b7180f153c6d7c1a74d692720476c9a7f,9,PACK,40914,_TileMassYR,DATA_SYMBOL,UNKNOWN,UNKNOWN
538fed3f0fd60a6528a5e5b20990361ac4d274c58266a81e71c24f751612589d,9d27f4d0872e483ddbf460bda8a2e34b7180f153c6d7c1a74d692720476c9a7f,9,PACK,40916,_sizeA,DATA_SYMBOL,UNKNOWN,UNKNOWN
538fed3f0fd60a6528a5e5b20990361ac4d274c58266a81e71c24f751612589d,9d27f4d0872e483ddbf460bda8a2e34b7180f153c6d7c1a74d692720476c9a7f,9,PACK,40918,_editTileBottom,DATA_SYMBOL,UNKNOWN,UNKNOWN
538fed3f0fd60a6528a5e5b20990361ac4d274c58266a81e71c24f751612589d,9d27f4d0872e483ddbf460bda8a2e34b7180f153c6d7c1a74d692720476c9a7f,9,PACK,40926,_win_rscVersion,DATA_SYMBOL,UNKNOWN,UNKNOWN
538fed3f0fd60a6528a5e5b20990361ac4d274c58266a81e71c24f751612589d,9d27f4d0872e483ddbf460bda8a2e34b7180f153c6d7c1a74d692720476c9a7f,9,PACK,40928,_CurEditMode,DATA_SYMBOL,UNKNOWN,UNKNOWN
538fed3f0fd60a6528a5e5b20990361ac4d274c58266a81e71c24f751612589d,9d27f4d0872e483ddbf460bda8a2e34b7180f153c6d7c1a74d692720476c9a7f,9,PACK,40930,_MeDis,DATA_SYMBOL,UNKNOWN,UNKNOWN
538fed3f0fd60a6528a5e5b20990361ac4d274c58266a81e71c24f751612589d,9d27f4d0872e483ddbf460bda8a2e34b7180f153c6d7c1a74d692720476c9a7f,9,PACK,40932,_FuzLocX,DATA_SYMBOL,UNKNOWN,UNKNOWN
538fed3f0fd60a6528a5e5b20990361ac4d274c58266a81e71c24f751612589d,9d27f4d0872e483ddbf460bda8a2e34b7180f153c6d7c1a74d692720476c9a7f,9,PACK,40934,_sizeB,DATA_SYMBOL,UNKNOWN,UNKNOWN
538fed3f0fd60a6528a5e5b20990361ac4d274c58266a81e71c24f751612589d,9d27f4d0872e483ddbf460bda8a2e34b7180f153c6d7c1a74d692720476c9a7f,9,PACK,40936,_MeMode,DATA_SYMBOL,UNKNOWN,UNKNOWN
538fed3f0fd60a6528a5e5b20990361ac4d274c58266a81e71c24f751612589d,9d27f4d0872e483ddbf460bda8a2e34b7180f153c6d7c1a74d692720476c9a7f,9,PACK,40938,_FuzLocY,DATA_SYMBOL,UNKNOWN,UNKNOWN
538fed3f0fd60a6528a5e5b20990361ac4d274c58266a81e71c24f751612589d,9d27f4d0872e483ddbf460bda8a2e34b7180f153c6d7c1a74d692720476c9a7f,9,PACK,40940,_RebornX,DATA_SYMBOL,UNKNOWN,UNKNOWN
538fed3f0fd60a6528a5e5b20990361ac4d274c58266a81e71c24f751612589d,9d27f4d0872e483ddbf460bda8a2e34b7180f153c6d7c1a74d692720476c9a7f,9,PACK,40942,_RebornY,DATA_SYMBOL,UNKNOWN,UNKNOWN
538fed3f0fd60a6528a5e5b20990361ac4d274c58266a81e71c24f751612589d,9d27f4d0872e483ddbf460bda8a2e34b7180f153c6d7c1a74d692720476c9a7f,9,PACK,40944,_H_RHeal,DATA_SYMBOL,UNKNOWN,UNKNOWN
538fed3f0fd60a6528a5e5b20990361ac4d274c58266a81e71c24f751612589d,9d27f4d0872e483ddbf460bda8a2e34b7180f153c6d7c1a74d692720476c9a7f,9,PACK,41072,_sizeC,DATA_SYMBOL,UNKNOWN,UNKNOWN
538fed3f0fd60a6528a5e5b20990361ac4d274c58266a81e71c24f751612589d,9d27f4d0872e483ddbf460bda8a2e34b7180f153c6d7c1a74d692720476c9a7f,9,PACK,41074,_yardBalloonPtr,DATA_SYMBOL,UNKNOWN,UNKNOWN
538fed3f0fd60a6528a5e5b20990361ac4d274c58266a81e71c24f751612589d,9d27f4d0872e483ddbf460bda8a2e34b7180f153c6d7c1a74d692720476c9a7f,9,PACK,41078,_RestMsgs,DATA_SYMBOL,UNKNOWN,UNKNOWN
538fed3f0fd60a6528a5e5b20990361ac4d274c58266a81e71c24f751612589d,9d27f4d0872e483ddbf460bda8a2e34b7180f153c6d7c1a74d692720476c9a7f,9,PACK,41082,_putTileInBufRtn,DATA_SYMBOL,UNKNOWN,UNKNOWN
538fed3f0fd60a6528a5e5b20990361ac4d274c58266a81e71c24f751612589d,9d27f4d0872e483ddbf460bda8a2e34b7180f153c6d7c1a74d692720476c9a7f,9,PACK,41086,_RestBalloonCnt,DATA_SYMBOL,UNKNOWN,UNKNOWN
538fed3f0fd60a6528a5e5b20990361ac4d274c58266a81e71c24f751612589d,9d27f4d0872e483ddbf460bda8a2e34b7180f153c6d7c1a74d692720476c9a7f,9,PACK,41088,_tileDsp,DATA_SYMBOL,UNKNOWN,UNKNOWN
538fed3f0fd60a6528a5e5b20990361ac4d274c58266a81e71c24f751612589d,9d27f4d0872e483ddbf460bda8a2e34b7180f153c6d7c1a74d692720476c9a7f,9,PACK,41090,_sizeD,DATA_SYMBOL,UNKNOWN,UNKNOWN
538fed3f0fd60a6528a5e5b20990361ac4d274c58266a81e71c24f751612589d,9d27f4d0872e483ddbf460bda8a2e34b7180f153c6d7c1a74d692720476c9a7f,9,PACK,41092,_ModePopR,DATA_SYMBOL,UNKNOWN,UNKNOWN
538fed3f0fd60a6528a5e5b20990361ac4d274c58266a81e71c24f751612589d,9d27f4d0872e483ddbf460bda8a2e34b7180f153c6d7c1a74d692720476c9a7f,9,PACK,41104,_casteVerts,DATA_SYMBOL,UNKNOWN,UNKNOWN
538fed3f0fd60a6528a5e5b20990361ac4d274c58266a81e71c24f751612589d,9d27f4d0872e483ddbf460bda8a2e34b7180f153c6d7c1a74d692720476c9a7f,9,PACK,41116,_ncbOffset,DATA_SYMBOL,UNKNOWN,UNKNOWN
538fed3f0fd60a6528a5e5b20990361ac4d274c58266a81e71c24f751612589d,9d27f4d0872e483ddbf460bda8a2e34b7180f153c6d7c1a74d692720476c9a7f,9,PACK,41136,_miniJust,DATA_SYMBOL,UNKNOWN,UNKNOWN
538fed3f0fd60a6528a5e5b20990361ac4d274c58266a81e71c24f751612589d,9d27f4d0872e483ddbf460bda8a2e34b7180f153c6d7c1a74d692720476c9a7f,9,PACK,41138,_iniPath,DATA_SYMBOL,UNKNOWN,UNKNOWN
538fed3f0fd60a6528a5e5b20990361ac4d274c58266a81e71c24f751612589d,9d27f4d0872e483ddbf460bda8a2e34b7180f153c6d7c1a74d692720476c9a7f,9,PACK,41142,_GrassMap,DATA_SYMBOL,UNKNOWN,UNKNOWN
538fed3f0fd60a6528a5e5b20990361ac4d274c58266a81e71c24f751612589d,9d27f4d0872e483ddbf460bda8a2e34b7180f153c6d7c1a74d692720476c9a7f,9,PACK,41166,_CurEggPlane,DATA_SYMBOL,UNKNOWN,UNKNOWN
538fed3f0fd60a6528a5e5b20990361ac4d274c58266a81e71c24f751612589d,9d27f4d0872e483ddbf460bda8a2e34b7180f153c6d7c1a74d692720476c9a7f,9,PACK,41168,_gSlowMac,DATA_SYMBOL,UNKNOWN,UNKNOWN
538fed3f0fd60a6528a5e5b20990361ac4d274c58266a81e71c24f751612589d,9d27f4d0872e483ddbf460bda8a2e34b7180f153c6d7c1a74d692720476c9a7f,9,PACK,41170,_lastSubState,DATA_SYMBOL,UNKNOWN,UNKNOWN
538fed3f0fd60a6528a5e5b20990361ac4d274c58266a81e71c24f751612589d,9d27f4d0872e483ddbf460bda8a2e34b7180f153c6d7c1a74d692720476c9a7f,9,PACK,41172,_WantRFightBalloon,DATA_SYMBOL,UNKNOWN,UNKNOWN
538fed3f0fd60a6528a5e5b20990361ac4d274c58266a81e71c24f751612589d,9d27f4d0872e483ddbf460bda8a2e34b7180f153c6d7c1a74d692720476c9a7f,9,PACK,41174,_MeLastX,DATA_SYMBOL,UNKNOWN,UNKNOWN
538fed3f0fd60a6528a5e5b20990361ac4d274c58266a81e71c24f751612589d,9d27f4d0872e483ddbf460bda8a2e34b7180f153c6d7c1a74d692720476c9a7f,9,PACK,41176,_MeCrazyDir,DATA_SYMBOL,UNKNOWN,UNKNOWN
538fed3f0fd60a6528a5e5b20990361ac4d274c58266a81e71c24f751612589d,9d27f4d0872e483ddbf460bda8a2e34b7180f153c6d7c1a74d692720476c9a7f,9,PACK,41178,_MeLastY,DATA_SYMBOL,UNKNOWN,UNKNOWN
538fed3f0fd60a6528a5e5b20990361ac4d274c58266a81e71c24f751612589d,9d27f4d0872e483ddbf460bda8a2e34b7180f153c6d7c1a74d692720476c9a7f,9,PACK,41180,_BColoniesKilled,DATA_SYMBOL,UNKNOWN,UNKNOWN
538fed3f0fd60a6528a5e5b20990361ac4d274c58266a81e71c24f751612589d,9d27f4d0872e483ddbf460bda8a2e34b7180f153c6d7c1a74d692720476c9a7f,9,PACK,41182,_mapMapBuf,DATA_SYMBOL,UNKNOWN,UNKNOWN
538fed3f0fd60a6528a5e5b20990361ac4d274c58266a81e71c24f751612589d,9d27f4d0872e483ddbf460bda8a2e34b7180f153c6d7c1a74d692720476c9a7f,9,PACK,41184,_MapWinTitles,DATA_SYMBOL,UNKNOWN,UNKNOWN
538fed3f0fd60a6528a5e5b20990361ac4d274c58266a81e71c24f751612589d,9d27f4d0872e483ddbf460bda8a2e34b7180f153c6d7c1a74d692720476c9a7f,9,PACK,41188,_RedLost,DATA_SYMBOL,UNKNOWN,UNKNOWN
538fed3f0fd60a6528a5e5b20990361ac4d274c58266a81e71c24f751612589d,9d27f4d0872e483ddbf460bda8a2e34b7180f153c6d7c1a74d692720476c9a7f,9,PACK,41190,_EggBalloonTicks,DATA_SYMBOL,UNKNOWN,UNKNOWN
538fed3f0fd60a6528a5e5b20990361ac4d274c58266a81e71c24f751612589d,9d27f4d0872e483ddbf460bda8a2e34b7180f153c6d7c1a74d692720476c9a7f,9,PACK,41194,_win_numOfColors,DATA_SYMBOL,UNKNOWN,UNKNOWN
538fed3f0fd60a6528a5e5b20990361ac4d274c58266a81e71c24f751612589d,9d27f4d0872e483ddbf460bda8a2e34b7180f153c6d7c1a74d692720476c9a7f,9,PACK,41196,_RFightMsgs,DATA_SYMBOL,UNKNOWN,UNKNOWN
538fed3f0fd60a6528a5e5b20990361ac4d274c58266a81e71c24f751612589d,9d27f4d0872e483ddbf460bda8a2e34b7180f153c6d7c1a74d692720476c9a7f,10,DGROUP,4,rsrvptrs,DATA_SYMBOL,UNKNOWN,UNKNOWN
538fed3f0fd60a6528a5e5b20990361ac4d274c58266a81e71c24f751612589d,9d27f4d0872e483ddbf460bda8a2e34b7180f153c6d7c1a74d692720476c9a7f,10,DGROUP,16,_bHelp,DATA_SYMBOL,UNKNOWN,UNKNOWN
538fed3f0fd60a6528a5e5b20990361ac4d274c58266a81e71c24f751612589d,9d27f4d0872e483ddbf460bda8a2e34b7180f153c6d7c1a74d692720476c9a7f,10,DGROUP,18,_mapUserButton,DATA_SYMBOL,UNKNOWN,UNKNOWN
538fed3f0fd60a6528a5e5b20990361ac4d274c58266a81e71c24f751612589d,9d27f4d0872e483ddbf460bda8a2e34b7180f153c6d7c1a74d692720476c9a7f,10,DGROUP,34,_yardUserButton,DATA_SYMBOL,UNKNOWN,UNKNOWN
538fed3f0fd60a6528a5e5b20990361ac4d274c58266a81e71c24f751612589d,9d27f4d0872e483ddbf460bda8a2e34b7180f153c6d7c1a74d692720476c9a7f,10,DGROUP,50,_paletteFlag,DATA_SYMBOL,UNKNOWN,UNKNOWN
538fed3f0fd60a6528a5e5b20990361ac4d274c58266a81e71c24f751612589d,9d27f4d0872e483ddbf460bda8a2e34b7180f153c6d7c1a74d692720476c9a7f,10,DGROUP,52,_activeAppFlag,DATA_SYMBOL,UNKNOWN,UNKNOWN
538fed3f0fd60a6528a5e5b20990361ac4d274c58266a81e71c24f751612589d,9d27f4d0872e483ddbf460bda8a2e34b7180f153c6d7c1a74d692720476c9a7f,10,DGROUP,54,_captureWnd,DATA_SYMBOL,UNKNOWN,UNKNOWN
538fed3f0fd60a6528a5e5b20990361ac4d274c58266a81e71c24f751612589d,9d27f4d0872e483ddbf460bda8a2e34b7180f153c6d7c1a74d692720476c9a7f,10,DGROUP,56,_fileWaitFlag,DATA_SYMBOL,UNKNOWN,UNKNOWN
538fed3f0fd60a6528a5e5b20990361ac4d274c58266a81e71c24f751612589d,9d27f4d0872e483ddbf460bda8a2e34b7180f153c6d7c1a74d692720476c9a7f,10,DGROUP,58,_theNetBiosBufferH,DATA_SYMBOL,UNKNOWN,UNKNOWN
538fed3f0fd60a6528a5e5b20990361ac4d274c58266a81e71c24f751612589d,9d27f4d0872e483ddbf460bda8a2e34b7180f153c6d7c1a74d692720476c9a7f,10,DGROUP,60,_theNetBiosBuffer,DATA_SYMBOL,UNKNOWN,UNKNOWN
538fed3f0fd60a6528a5e5b20990361ac4d274c58266a81e71c24f751612589d,9d27f4d0872e483ddbf460bda8a2e34b7180f153c6d7c1a74d692720476c9a7f,10,DGROUP,64,_lpTimerFunc,DATA_SYMBOL,UNKNOWN,UNKNOWN
538fed3f0fd60a6528a5e5b20990361ac4d274c58266a81e71c24f751612589d,9d27f4d0872e483ddbf460bda8a2e34b7180f153c6d7c1a74d692720476c9a7f,10,DGROUP,2138,_paletteH,DATA_SYMBOL,UNKNOWN,UNKNOWN
538fed3f0fd60a6528a5e5b20990361ac4d274c58266a81e71c24f751612589d,9d27f4d0872e483ddbf460bda8a2e34b7180f153c6d7c1a74d692720476c9a7f,10,DGROUP,2804,_wSoundBlasterMsg,DATA_SYMBOL,UNKNOWN,UNKNOWN
538fed3f0fd60a6528a5e5b20990361ac4d274c58266a81e71c24f751612589d,9d27f4d0872e483ddbf460bda8a2e34b7180f153c6d7c1a74d692720476c9a7f,10,DGROUP,2806,_songsOnFlag,DATA_SYMBOL,UNKNOWN,UNKNOWN
538fed3f0fd60a6528a5e5b20990361ac4d274c58266a81e71c24f751612589d,9d27f4d0872e483ddbf460bda8a2e34b7180f153c6d7c1a74d692720476c9a7f,10,DGROUP,2808,_effectsOnFlag,DATA_SYMBOL,UNKNOWN,UNKNOWN
538fed3f0fd60a6528a5e5b20990361ac4d274c58266a81e71c24f751612589d,9d27f4d0872e483ddbf460bda8a2e34b7180f153c6d7c1a74d692720476c9a7f,10,DGROUP,5178,_tileWidth,DATA_SYMBOL,UNKNOWN,UNKNOWN
538fed3f0fd60a6528a5e5b20990361ac4d274c58266a81e71c24f751612589d,9d27f4d0872e483ddbf460bda8a2e34b7180f153c6d7c1a74d692720476c9a7f,10,DGROUP,5180,_tileHeight,DATA_SYMBOL,UNKNOWN,UNKNOWN
538fed3f0fd60a6528a5e5b20990361ac4d274c58266a81e71c24f751612589d,9d27f4d0872e483ddbf460bda8a2e34b7180f153c6d7c1a74d692720476c9a7f,10,DGROUP,5190,_editMessage,DATA_SYMBOL,UNKNOWN,UNKNOWN
538fed3f0fd60a6528a5e5b20990361ac4d274c58266a81e71c24f751612589d,9d27f4d0872e483ddbf460bda8a2e34b7180f153c6d7c1a74d692720476c9a7f,10,DGROUP,5194,_editMessageRemoveTime,DATA_SYMBOL,UNKNOWN,UNKNOWN
538fed3f0fd60a6528a5e5b20990361ac4d274c58266a81e71c24f751612589d,9d27f4d0872e483ddbf460bda8a2e34b7180f153c6d7c1a74d692720476c9a7f,10,DGROUP,5198,_editForce,DATA_SYMBOL,UNKNOWN,UNKNOWN
538fed3f0fd60a6528a5e5b20990361ac4d274c58266a81e71c24f751612589d,9d27f4d0872e483ddbf460bda8a2e34b7180f153c6d7c1a74d692720476c9a7f,10,DGROUP,5200,_editBuf,DATA_SYMBOL,UNKNOWN,UNKNOWN
538fed3f0fd60a6528a5e5b20990361ac4d274c58266a81e71c24f751612589d,9d27f4d0872e483ddbf460bda8a2e34b7180f153c6d7c1a74d692720476c9a7f,10,DGROUP,5202,_theEditBufPtr,DATA_SYMBOL,UNKNOWN,UNKNOWN
538fed3f0fd60a6528a5e5b20990361ac4d274c58266a81e71c24f751612589d,9d27f4d0872e483ddbf460bda8a2e34b7180f153c6d7c1a74d692720476c9a7f,10,DGROUP,5206,_scrollBarFlag,DATA_SYMBOL,UNKNOWN,UNKNOWN
538fed3f0fd60a6528a5e5b20990361ac4d274c58266a81e71c24f751612589d,9d27f4d0872e483ddbf460bda8a2e34b7180f153c6d7c1a74d692720476c9a7f,10,DGROUP,5526,_casteColors,DATA_SYMBOL,UNKNOWN,UNKNOWN
538fed3f0fd60a6528a5e5b20990361ac4d274c58266a81e71c24f751612589d,9d27f4d0872e483ddbf460bda8a2e34b7180f153c6d7c1a74d692720476c9a7f,10,DGROUP,5530,_modeColors,DATA_SYMBOL,UNKNOWN,UNKNOWN
538fed3f0fd60a6528a5e5b20990361ac4d274c58266a81e71c24f751612589d,9d27f4d0872e483ddbf460bda8a2e34b7180f153c6d7c1a74d692720476c9a7f,10,DGROUP,5534,_casteSet,DATA_SYMBOL,UNKNOWN,UNKNOWN
538fed3f0fd60a6528a5e5b20990361ac4d274c58266a81e71c24f751612589d,9d27f4d0872e483ddbf460bda8a2e34b7180f153c6d7c1a74d692720476c9a7f,10,DGROUP,5536,_modeSet,DATA_SYMBOL,UNKNOWN,UNKNOWN
538fed3f0fd60a6528a5e5b20990361ac4d274c58266a81e71c24f751612589d,9d27f4d0872e483ddbf460bda8a2e34b7180f153c6d7c1a74d692720476c9a7f,10,DGROUP,5558,_modeBitmap,DATA_SYMBOL,UNKNOWN,UNKNOWN
538fed3f0fd60a6528a5e5b20990361ac4d274c58266a81e71c24f751612589d,9d27f4d0872e483ddbf460bda8a2e34b7180f153c6d7c1a74d692720476c9a7f,10,DGROUP,5560,_casteBitmap,DATA_SYMBOL,UNKNOWN,UNKNOWN
538fed3f0fd60a6528a5e5b20990361ac4d274c58266a81e71c24f751612589d,9d27f4d0872e483ddbf460bda8a2e34b7180f153c6d7c1a74d692720476c9a7f,10,DGROUP,5766,_curFontPtr,DATA_SYMBOL,UNKNOWN,UNKNOWN
538fed3f0fd60a6528a5e5b20990361ac4d274c58266a81e71c24f751612589d,9d27f4d0872e483ddbf460bda8a2e34b7180f153c6d7c1a74d692720476c9a7f,10,DGROUP,6278,_yardAnimHandle,DATA_SYMBOL,UNKNOWN,UNKNOWN
538fed3f0fd60a6528a5e5b20990361ac4d274c58266a81e71c24f751612589d,9d27f4d0872e483ddbf460bda8a2e34b7180f153c6d7c1a74d692720476c9a7f,10,DGROUP,6292,_patchRgn,DATA_SYMBOL,UNKNOWN,UNKNOWN
538fed3f0fd60a6528a5e5b20990361ac4d274c58266a81e71c24f751612589d,9d27f4d0872e483ddbf460bda8a2e34b7180f153c6d7c1a74d692720476c9a7f,10,DGROUP,6308,_patchRgn2,DATA_SYMBOL,UNKNOWN,UNKNOWN
538fed3f0fd60a6528a5e5b20990361ac4d274c58266a81e71c24f751612589d,9d27f4d0872e483ddbf460bda8a2e34b7180f153c6d7c1a74d692720476c9a7f,10,DGROUP,6546,_mapCursorState,DATA_SYMBOL,UNKNOWN,UNKNOWN
538fed3f0fd60a6528a5e5b20990361ac4d274c58266a81e71c24f751612589d,9d27f4d0872e483ddbf460bda8a2e34b7180f153c6d7c1a74d692720476c9a7f,10,DGROUP,6548,_newMapForce,DATA_SYMBOL,UNKNOWN,UNKNOWN
538fed3f0fd60a6528a5e5b20990361ac4d274c58266a81e71c24f751612589d,9d27f4d0872e483ddbf460bda8a2e34b7180f153c6d7c1a74d692720476c9a7f,10,DGROUP,6550,_lastMapGenMode,DATA_SYMBOL,UNKNOWN,UNKNOWN
538fed3f0fd60a6528a5e5b20990361ac4d274c58266a81e71c24f751612589d,9d27f4d0872e483ddbf460bda8a2e34b7180f153c6d7c1a74d692720476c9a7f,10,DGROUP,6552,_showTrails,DATA_SYMBOL,UNKNOWN,UNKNOWN
538fed3f0fd60a6528a5e5b20990361ac4d274c58266a81e71c24f751612589d,9d27f4d0872e483ddbf460bda8a2e34b7180f153c6d7c1a74d692720476c9a7f,10,DGROUP,6554,_mapMem,DATA_SYMBOL,UNKNOWN,UNKNOWN
538fed3f0fd60a6528a5e5b20990361ac4d274c58266a81e71c24f751612589d,9d27f4d0872e483ddbf460bda8a2e34b7180f153c6d7c1a74d692720476c9a7f,10,DGROUP,6558,_mapMessage,DATA_SYMBOL,UNKNOWN,UNKNOWN
538fed3f0fd60a6528a5e5b20990361ac4d274c58266a81e71c24f751612589d,9d27f4d0872e483ddbf460bda8a2e34b7180f153c6d7c1a74d692720476c9a7f,10,DGROUP,6562,_mapMessageRemoveTime,DATA_SYMBOL,UNKNOWN,UNKNOWN
538fed3f0fd60a6528a5e5b20990361ac4d274c58266a81e71c24f751612589d,9d27f4d0872e483ddbf460bda8a2e34b7180f153c6d7c1a74d692720476c9a7f,10,DGROUP,6566,_mapForce,DATA_SYMBOL,UNKNOWN,UNKNOWN
538fed3f0fd60a6528a5e5b20990361ac4d274c58266a81e71c24f751612589d,9d27f4d0872e483ddbf460bda8a2e34b7180f153c6d7c1a74d692720476c9a7f,10,DGROUP,6570,_mapBuf,DATA_SYMBOL,UNKNOWN,UNKNOWN
538fed3f0fd60a6528a5e5b20990361ac4d274c58266a81e71c24f751612589d,9d27f4d0872e483ddbf460bda8a2e34b7180f153c6d7c1a74d692720476c9a7f,10,DGROUP,6708,_mmapCursorState,DATA_SYMBOL,UNKNOWN,UNKNOWN
538fed3f0fd60a6528a5e5b20990361ac4d274c58266a81e71c24f751612589d,9d27f4d0872e483ddbf460bda8a2e34b7180f153c6d7c1a74d692720476c9a7f,10,DGROUP,7100,_openSub,DATA_SYMBOL,UNKNOWN,UNKNOWN
538fed3f0fd60a6528a5e5b20990361ac4d274c58266a81e71c24f751612589d,9d27f4d0872e483ddbf460bda8a2e34b7180f153c6d7c1a74d692720476c9a7f,10,DGROUP,7278,_upper_left_corner,DATA_SYMBOL,UNKNOWN,UNKNOWN
538fed3f0fd60a6528a5e5b20990361ac4d274c58266a81e71c24f751612589d,9d27f4d0872e483ddbf460bda8a2e34b7180f153c6d7c1a74d692720476c9a7f,10,DGROUP,7294,_upper_right_corner,DATA_SYMBOL,UNKNOWN,UNKNOWN
538fed3f0fd60a6528a5e5b20990361ac4d274c58266a81e71c24f751612589d,9d27f4d0872e483ddbf460bda8a2e34b7180f153c6d7c1a74d692720476c9a7f,10,DGROUP,7310,_top_edge,DATA_SYMBOL,UNKNOWN,UNKNOWN
538fed3f0fd60a6528a5e5b20990361ac4d274c58266a81e71c24f751612589d,9d27f4d0872e483ddbf460bda8a2e34b7180f153c6d7c1a74d692720476c9a7f,10,DGROUP,7326,_right_edge,DATA_SYMBOL,UNKNOWN,UNKNOWN
538fed3f0fd60a6528a5e5b20990361ac4d274c58266a81e71c24f751612589d,9d27f4d0872e483ddbf460bda8a2e34b7180f153c6d7c1a74d692720476c9a7f,10,DGROUP,7342,_left_edge,DATA_SYMBOL,UNKNOWN,UNKNOWN
538fed3f0fd60a6528a5e5b20990361ac4d274c58266a81e71c24f751612589d,9d27f4d0872e483ddbf460bda8a2e34b7180f153c6d7c1a74d692720476c9a7f,10,DGROUP,7358,_lower_left_corner,DATA_SYMBOL,UNKNOWN,UNKNOWN
538fed3f0fd60a6528a5e5b20990361ac4d274c58266a81e71c24f751612589d,9d27f4d0872e483ddbf460bda8a2e34b7180f153c6d7c1a74d692720476c9a7f,10,DGROUP,7374,_lower_right_corner,DATA_SYMBOL,UNKNOWN,UNKNOWN
538fed3f0fd60a6528a5e5b20990361ac4d274c58266a81e71c24f751612589d,9d27f4d0872e483ddbf460bda8a2e34b7180f153c6d7c1a74d692720476c9a7f,10,DGROUP,7390,_bottom_edge,DATA_SYMBOL,UNKNOWN,UNKNOWN
538fed3f0fd60a6528a5e5b20990361ac4d274c58266a81e71c24f751612589d,9d27f4d0872e483ddbf460bda8a2e34b7180f153c6d7c1a74d692720476c9a7f,10,DGROUP,7406,_center,DATA_SYMBOL,UNKNOWN,UNKNOWN
538fed3f0fd60a6528a5e5b20990361ac4d274c58266a81e71c24f751612589d,9d27f4d0872e483ddbf460bda8a2e34b7180f153c6d7c1a74d692720476c9a7f,10,DGROUP,7422,_right_wedge,DATA_SYMBOL,UNKNOWN,UNKNOWN
538fed3f0fd60a6528a5e5b20990361ac4d274c58266a81e71c24f751612589d,9d27f4d0872e483ddbf460bda8a2e34b7180f153c6d7c1a74d692720476c9a7f,10,DGROUP,7438,_left_wedge,DATA_SYMBOL,UNKNOWN,UNKNOWN
538fed3f0fd60a6528a5e5b20990361ac4d274c58266a81e71c24f751612589d,9d27f4d0872e483ddbf460bda8a2e34b7180f153c6d7c1a74d692720476c9a7f,10,DGROUP,8218,_commandStr,DATA_SYMBOL,UNKNOWN,UNKNOWN
538fed3f0fd60a6528a5e5b20990361ac4d274c58266a81e71c24f751612589d,9d27f4d0872e483ddbf460bda8a2e34b7180f153c6d7c1a74d692720476c9a7f,10,DGROUP,9832,_StepDirFuncArray,DATA_SYMBOL,UNKNOWN,UNKNOWN
538fed3f0fd60a6528a5e5b20990361ac4d274c58266a81e71c24f751612589d,9d27f4d0872e483ddbf460bda8a2e34b7180f153c6d7c1a74d692720476c9a7f,10,DGROUP,9864,_YardPats,DATA_SYMBOL,UNKNOWN,UNKNOWN
538fed3f0fd60a6528a5e5b20990361ac4d274c58266a81e71c24f751612589d,9d27f4d0872e483ddbf460bda8a2e34b7180f153c6d7c1a74d692720476c9a7f,10,DGROUP,9888,_DMPat,DATA_SYMBOL,UNKNOWN,UNKNOWN
538fed3f0fd60a6528a5e5b20990361ac4d274c58266a81e71c24f751612589d,9d27f4d0872e483ddbf460bda8a2e34b7180f153c6d7c1a74d692720476c9a7f,10,DGROUP,10472,_MapA,DATA_SYMBOL,UNKNOWN,UNKNOWN
538fed3f0fd60a6528a5e5b20990361ac4d274c58266a81e71c24f751612589d,9d27f4d0872e483ddbf460bda8a2e34b7180f153c6d7c1a74d692720476c9a7f,10,DGROUP,18664,_MapB,DATA_SYMBOL,UNKNOWN,UNKNOWN
538fed3f0fd60a6528a5e5b20990361ac4d274c58266a81e71c24f751612589d,9d27f4d0872e483ddbf460bda8a2e34b7180f153c6d7c1a74d692720476c9a7f,10,DGROUP,22760,_MapR,DATA_SYMBOL,UNKNOWN,UNKNOWN
538fed3f0fd60a6528a5e5b20990361ac4d274c58266a81e71c24f751612589d,9d27f4d0872e483ddbf460bda8a2e34b7180f153c6d7c1a74d692720476c9a7f,10,DGROUP,26856,_LifeA,DATA_SYMBOL,UNKNOWN,UNKNOWN
538fed3f0fd60a6528a5e5b20990361ac4d274c58266a81e71c24f751612589d,9d27f4d0872e483ddbf460bda8a2e34b7180f153c6d7c1a74d692720476c9a7f,10,DGROUP,35048,_LifeB,DATA_SYMBOL,UNKNOWN,UNKNOWN
538fed3f0fd60a6528a5e5b20990361ac4d274c58266a81e71c24f751612589d,9d27f4d0872e483ddbf460bda8a2e34b7180f153c6d7c1a74d692720476c9a7f,10,DGROUP,39144,_LifeR,DATA_SYMBOL,UNKNOWN,UNKNOWN
538fed3f0fd60a6528a5e5b20990361ac4d274c58266a81e71c24f751612589d,9d27f4d0872e483ddbf460bda8a2e34b7180f153c6d7c1a74d692720476c9a7f,10,DGROUP,43240,_CTab,DATA_SYMBOL,UNKNOWN,UNKNOWN
538fed3f0fd60a6528a5e5b20990361ac4d274c58266a81e71c24f751612589d,9d27f4d0872e483ddbf460bda8a2e34b7180f153c6d7c1a74d692720476c9a7f,10,DGROUP,43384,_HTab,DATA_SYMBOL,UNKNOWN,UNKNOWN
538fed3f0fd60a6528a5e5b20990361ac4d274c58266a81e71c24f751612589d,9d27f4d0872e483ddbf460bda8a2e34b7180f153c6d7c1a74d692720476c9a7f,10,DGROUP,43592,_LTab,DATA_SYMBOL,UNKNOWN,UNKNOWN
538fed3f0fd60a6528a5e5b20990361ac4d274c58266a81e71c24f751612589d,9d27f4d0872e483ddbf460bda8a2e34b7180f153c6d7c1a74d692720476c9a7f,10,DGROUP,43624,_CTabB,DATA_SYMBOL,UNKNOWN,UNKNOWN
538fed3f0fd60a6528a5e5b20990361ac4d274c58266a81e71c24f751612589d,9d27f4d0872e483ddbf460bda8a2e34b7180f153c6d7c1a74d692720476c9a7f,10,DGROUP,43648,_CTabR,DATA_SYMBOL,UNKNOWN,UNKNOWN
538fed3f0fd60a6528a5e5b20990361ac4d274c58266a81e71c24f751612589d,9d27f4d0872e483ddbf460bda8a2e34b7180f153c6d7c1a74d692720476c9a7f,10,DGROUP,43672,_PherColorTab,DATA_SYMBOL,UNKNOWN,UNKNOWN
538fed3f0fd60a6528a5e5b20990361ac4d274c58266a81e71c24f751612589d,9d27f4d0872e483ddbf460bda8a2e34b7180f153c6d7c1a74d692720476c9a7f,10,DGROUP,43688,_bw_CTab,DATA_SYMBOL,UNKNOWN,UNKNOWN
538fed3f0fd60a6528a5e5b20990361ac4d274c58266a81e71c24f751612589d,9d27f4d0872e483ddbf460bda8a2e34b7180f153c6d7c1a74d692720476c9a7f,10,DGROUP,43816,_bw_HTab,DATA_SYMBOL,UNKNOWN,UNKNOWN
538fed3f0fd60a6528a5e5b20990361ac4d274c58266a81e71c24f751612589d,9d27f4d0872e483ddbf460bda8a2e34b7180f153c6d7c1a74d692720476c9a7f,10,DGROUP,44024,_bw_LTab,DATA_SYMBOL,UNKNOWN,UNKNOWN
538fed3f0fd60a6528a5e5b20990361ac4d274c58266a81e71c24f751612589d,9d27f4d0872e483ddbf460bda8a2e34b7180f153c6d7c1a74d692720476c9a7f,10,DGROUP,44056,_bw_CTabB,DATA_SYMBOL,UNKNOWN,UNKNOWN
538fed3f0fd60a6528a5e5b20990361ac4d274c58266a81e71c24f751612589d,9d27f4d0872e483ddbf460bda8a2e34b7180f153c6d7c1a74d692720476c9a7f,10,DGROUP,44080,_bw_CTabR,DATA_SYMBOL,UNKNOWN,UNKNOWN
538fed3f0fd60a6528a5e5b20990361ac4d274c58266a81e71c24f751612589d,9d27f4d0872e483ddbf460bda8a2e34b7180f153c6d7c1a74d692720476c9a7f,10,DGROUP,44104,_bw_PherColorTab,DATA_SYMBOL,UNKNOWN,UNKNOWN
538fed3f0fd60a6528a5e5b20990361ac4d274c58266a81e71c24f751612589d,9d27f4d0872e483ddbf460bda8a2e34b7180f153c6d7c1a74d692720476c9a7f,10,DGROUP,44120,_ELayerMode,DATA_SYMBOL,UNKNOWN,UNKNOWN
538fed3f0fd60a6528a5e5b20990361ac4d274c58266a81e71c24f751612589d,9d27f4d0872e483ddbf460bda8a2e34b7180f153c6d7c1a74d692720476c9a7f,10,DGROUP,44122,_ForSaleState,DATA_SYMBOL,UNKNOWN,UNKNOWN
538fed3f0fd60a6528a5e5b20990361ac4d274c58266a81e71c24f751612589d,9d27f4d0872e483ddbf460bda8a2e34b7180f153c6d7c1a74d692720476c9a7f,10,DGROUP,44124,_DogX,DATA_SYMBOL,UNKNOWN,UNKNOWN
538fed3f0fd60a6528a5e5b20990361ac4d274c58266a81e71c24f751612589d,9d27f4d0872e483ddbf460bda8a2e34b7180f153c6d7c1a74d692720476c9a7f,10,DGROUP,44126,_DogY,DATA_SYMBOL,UNKNOWN,UNKNOWN
538fed3f0fd60a6528a5e5b20990361ac4d274c58266a81e71c24f751612589d,9d27f4d0872e483ddbf460bda8a2e34b7180f153c6d7c1a74d692720476c9a7f,10,DGROUP,44128,_DogFrame,DATA_SYMBOL,UNKNOWN,UNKNOWN
538fed3f0fd60a6528a5e5b20990361ac4d274c58266a81e71c24f751612589d,9d27f4d0872e483ddbf460bda8a2e34b7180f153c6d7c1a74d692720476c9a7f,10,DGROUP,44130,_BirdFrame,DATA_SYMBOL,UNKNOWN,UNKNOWN
538fed3f0fd60a6528a5e5b20990361ac4d274c58266a81e71c24f751612589d,9d27f4d0872e483ddbf460bda8a2e34b7180f153c6d7c1a74d692720476c9a7f,10,DGROUP,44132,_BirdOn,DATA_SYMBOL,UNKNOWN,UNKNOWN
538fed3f0fd60a6528a5e5b20990361ac4d274c58266a81e71c24f751612589d,9d27f4d0872e483ddbf460bda8a2e34b7180f153c6d7c1a74d692720476c9a7f,10,DGROUP,44134,_BirdX,DATA_SYMBOL,UNKNOWN,UNKNOWN
538fed3f0fd60a6528a5e5b20990361ac4d274c58266a81e71c24f751612589d,9d27f4d0872e483ddbf460bda8a2e34b7180f153c6d7c1a74d692720476c9a7f,10,DGROUP,44136,_BirdY,DATA_SYMBOL,UNKNOWN,UNKNOWN
538fed3f0fd60a6528a5e5b20990361ac4d274c58266a81e71c24f751612589d,9d27f4d0872e483ddbf460bda8a2e34b7180f153c6d7c1a74d692720476c9a7f,10,DGROUP,44138,_CatFrame,DATA_SYMBOL,UNKNOWN,UNKNOWN
538fed3f0fd60a6528a5e5b20990361ac4d274c58266a81e71c24f751612589d,9d27f4d0872e483ddbf460bda8a2e34b7180f153c6d7c1a74d692720476c9a7f,10,DGROUP,44140,_CatOn,DATA_SYMBOL,UNKNOWN,UNKNOWN
538fed3f0fd60a6528a5e5b20990361ac4d274c58266a81e71c24f751612589d,9d27f4d0872e483ddbf460bda8a2e34b7180f153c6d7c1a74d692720476c9a7f,10,DGROUP,44142,_CatX,DATA_SYMBOL,UNKNOWN,UNKNOWN
538fed3f0fd60a6528a5e5b20990361ac4d274c58266a81e71c24f751612589d,9d27f4d0872e483ddbf460bda8a2e34b7180f153c6d7c1a74d692720476c9a7f,10,DGROUP,44144,_CatY,DATA_SYMBOL,UNKNOWN,UNKNOWN
538fed3f0fd60a6528a5e5b20990361ac4d274c58266a81e71c24f751612589d,9d27f4d0872e483ddbf460bda8a2e34b7180f153c6d7c1a74d692720476c9a7f,10,DGROUP,44146,_RainOn,DATA_SYMBOL,UNKNOWN,UNKNOWN
538fed3f0fd60a6528a5e5b20990361ac4d274c58266a81e71c24f751612589d,9d27f4d0872e483ddbf460bda8a2e34b7180f153c6d7c1a74d692720476c9a7f,10,DGROUP,44148,_BoyHere,DATA_SYMBOL,UNKNOWN,UNKNOWN
538fed3f0fd60a6528a5e5b20990361ac4d274c58266a81e71c24f751612589d,9d27f4d0872e483ddbf460bda8a2e34b7180f153c6d7c1a74d692720476c9a7f,10,DGROUP,44150,_BoyX,DATA_SYMBOL,UNKNOWN,UNKNOWN
538fed3f0fd60a6528a5e5b20990361ac4d274c58266a81e71c24f751612589d,9d27f4d0872e483ddbf460bda8a2e34b7180f153c6d7c1a74d692720476c9a7f,10,DGROUP,44152,_BoyY,DATA_SYMBOL,UNKNOWN,UNKNOWN
538fed3f0fd60a6528a5e5b20990361ac4d274c58266a81e71c24f751612589d,9d27f4d0872e483ddbf460bda8a2e34b7180f153c6d7c1a74d692720476c9a7f,10,DGROUP,44154,_BoyFrame,DATA_SYMBOL,UNKNOWN,UNKNOWN
538fed3f0fd60a6528a5e5b20990361ac4d274c58266a81e71c24f751612589d,9d27f4d0872e483ddbf460bda8a2e34b7180f153c6d7c1a74d692720476c9a7f,10,DGROUP,44156,_SpidX,DATA_SYMBOL,UNKNOWN,UNKNOWN
538fed3f0fd60a6528a5e5b20990361ac4d274c58266a81e71c24f751612589d,9d27f4d0872e483ddbf460bda8a2e34b7180f153c6d7c1a74d692720476c9a7f,10,DGROUP,44158,_SpidY,DATA_SYMBOL,UNKNOWN,UNKNOWN
538fed3f0fd60a6528a5e5b20990361ac4d274c58266a81e71c24f751612589d,9d27f4d0872e483ddbf460bda8a2e34b7180f153c6d7c1a74d692720476c9a7f,10,DGROUP,44160,_SpidDir,DATA_SYMBOL,UNKNOWN,UNKNOWN
538fed3f0fd60a6528a5e5b20990361ac4d274c58266a81e71c24f751612589d,9d27f4d0872e483ddbf460bda8a2e34b7180f153c6d7c1a74d692720476c9a7f,10,DGROUP,44162,_BpopT,DATA_SYMBOL,UNKNOWN,UNKNOWN
538fed3f0fd60a6528a5e5b20990361ac4d274c58266a81e71c24f751612589d,9d27f4d0872e483ddbf460bda8a2e34b7180f153c6d7c1a74d692720476c9a7f,10,DGROUP,44164,_RpopT,DATA_SYMBOL,UNKNOWN,UNKNOWN
538fed3f0fd60a6528a5e5b20990361ac4d274c58266a81e71c24f751612589d,9d27f4d0872e483ddbf460bda8a2e34b7180f153c6d7c1a74d692720476c9a7f,10,DGROUP,44166,_HealthB,DATA_SYMBOL,UNKNOWN,UNKNOWN
538fed3f0fd60a6528a5e5b20990361ac4d274c58266a81e71c24f751612589d,9d27f4d0872e483ddbf460bda8a2e34b7180f153c6d7c1a74d692720476c9a7f,10,DGROUP,44168,_HealthR,DATA_SYMBOL,UNKNOWN,UNKNOWN
538fed3f0fd60a6528a5e5b20990361ac4d274c58266a81e71c24f751612589d,9d27f4d0872e483ddbf460bda8a2e34b7180f153c6d7c1a74d692720476c9a7f,10,DGROUP,44170,_MeHealth,DATA_SYMBOL,UNKNOWN,UNKNOWN
538fed3f0fd60a6528a5e5b20990361ac4d274c58266a81e71c24f751612589d,9d27f4d0872e483ddbf460bda8a2e34b7180f153c6d7c1a74d692720476c9a7f,10,DGROUP,44172,_QueenStorageB,DATA_SYMBOL,UNKNOWN,UNKNOWN
538fed3f0fd60a6528a5e5b20990361ac4d274c58266a81e71c24f751612589d,9d27f4d0872e483ddbf460bda8a2e34b7180f153c6d7c1a74d692720476c9a7f,10,DGROUP,44174,_QueenStorageR,DATA_SYMBOL,UNKNOWN,UNKNOWN
538fed3f0fd60a6528a5e5b20990361ac4d274c58266a81e71c24f751612589d,9d27f4d0872e483ddbf460bda8a2e34b7180f153c6d7c1a74d692720476c9a7f,10,DGROUP,44176,_ColonyTotalBlack,DATA_SYMBOL,UNKNOWN,UNKNOWN
538fed3f0fd60a6528a5e5b20990361ac4d274c58266a81e71c24f751612589d,9d27f4d0872e483ddbf460bda8a2e34b7180f153c6d7c1a74d692720476c9a7f,10,DGROUP,44178,_ColonyTotalRed,DATA_SYMBOL,UNKNOWN,UNKNOWN
538fed3f0fd60a6528a5e5b20990361ac4d274c58266a81e71c24f751612589d,9d27f4d0872e483ddbf460bda8a2e34b7180f153c6d7c1a74d692720476c9a7f,10,DGROUP,44180,_CastePopB,DATA_SYMBOL,UNKNOWN,UNKNOWN
538fed3f0fd60a6528a5e5b20990361ac4d274c58266a81e71c24f751612589d,9d27f4d0872e483ddbf460bda8a2e34b7180f153c6d7c1a74d692720476c9a7f,10,DGROUP,44192,_CastePopR,DATA_SYMBOL,UNKNOWN,UNKNOWN
538fed3f0fd60a6528a5e5b20990361ac4d274c58266a81e71c24f751612589d,9d27f4d0872e483ddbf460bda8a2e34b7180f153c6d7c1a74d692720476c9a7f,10,DGROUP,44204,_DataBlockEnd,DATA_SYMBOL,UNKNOWN,UNKNOWN
538fed3f0fd60a6528a5e5b20990361ac4d274c58266a81e71c24f751612589d,9d27f4d0872e483ddbf460bda8a2e34b7180f153c6d7c1a74d692720476c9a7f,10,DGROUP,44206,_PherMapAPtr,DATA_SYMBOL,UNKNOWN,UNKNOWN
538fed3f0fd60a6528a5e5b20990361ac4d274c58266a81e71c24f751612589d,9d27f4d0872e483ddbf460bda8a2e34b7180f153c6d7c1a74d692720476c9a7f,10,DGROUP,44210,_PherMapBNPtr,DATA_SYMBOL,UNKNOWN,UNKNOWN
538fed3f0fd60a6528a5e5b20990361ac4d274c58266a81e71c24f751612589d,9d27f4d0872e483ddbf460bda8a2e34b7180f153c6d7c1a74d692720476c9a7f,10,DGROUP,44214,_PherMapBTPtr,DATA_SYMBOL,UNKNOWN,UNKNOWN
538fed3f0fd60a6528a5e5b20990361ac4d274c58266a81e71c24f751612589d,9d27f4d0872e483ddbf460bda8a2e34b7180f153c6d7c1a74d692720476c9a7f,10,DGROUP,44218,_PherMapRNPtr,DATA_SYMBOL,UNKNOWN,UNKNOWN
538fed3f0fd60a6528a5e5b20990361ac4d274c58266a81e71c24f751612589d,9d27f4d0872e483ddbf460bda8a2e34b7180f153c6d7c1a74d692720476c9a7f,10,DGROUP,44222,_PherMapRTPtr,DATA_SYMBOL,UNKNOWN,UNKNOWN
538fed3f0fd60a6528a5e5b20990361ac4d274c58266a81e71c24f751612589d,9d27f4d0872e483ddbf460bda8a2e34b7180f153c6d7c1a74d692720476c9a7f,10,DGROUP,44240,STKHQQ,DATA_SYMBOL,UNKNOWN,UNKNOWN
538fed3f0fd60a6528a5e5b20990361ac4d274c58266a81e71c24f751612589d,9d27f4d0872e483ddbf460bda8a2e34b7180f153c6d7c1a74d692720476c9a7f,10,DGROUP,44252,__acfinfo,DATA_SYMBOL,UNKNOWN,UNKNOWN
538fed3f0fd60a6528a5e5b20990361ac4d274c58266a81e71c24f751612589d,9d27f4d0872e483ddbf460bda8a2e34b7180f153c6d7c1a74d692720476c9a7f,10,DGROUP,44266,__aintdiv,DATA_SYMBOL,UNKNOWN,UNKNOWN
538fed3f0fd60a6528a5e5b20990361ac4d274c58266a81e71c24f751612589d,9d27f4d0872e483ddbf460bda8a2e34b7180f153c6d7c1a74d692720476c9a7f,10,DGROUP,44270,__fac,DATA_SYMBOL,UNKNOWN,UNKNOWN
538fed3f0fd60a6528a5e5b20990361ac4d274c58266a81e71c24f751612589d,9d27f4d0872e483ddbf460bda8a2e34b7180f153c6d7c1a74d692720476c9a7f,10,DGROUP,44280,_errno,DATA_SYMBOL,UNKNOWN,UNKNOWN
538fed3f0fd60a6528a5e5b20990361ac4d274c58266a81e71c24f751612589d,9d27f4d0872e483ddbf460bda8a2e34b7180f153c6d7c1a74d692720476c9a7f,10,DGROUP,44282,__umaskval,DATA_SYMBOL,UNKNOWN,UNKNOWN
538fed3f0fd60a6528a5e5b20990361ac4d274c58266a81e71c24f751612589d,9d27f4d0872e483ddbf460bda8a2e34b7180f153c6d7c1a74d692720476c9a7f,10,DGROUP,44284,__pspadr,DATA_SYMBOL,UNKNOWN,UNKNOWN
538fed3f0fd60a6528a5e5b20990361ac4d274c58266a81e71c24f751612589d,9d27f4d0872e483ddbf460bda8a2e34b7180f153c6d7c1a74d692720476c9a7f,10,DGROUP,44286,__psp,DATA_SYMBOL,UNKNOWN,UNKNOWN
538fed3f0fd60a6528a5e5b20990361ac4d274c58266a81e71c24f751612589d,9d27f4d0872e483ddbf460bda8a2e34b7180f153c6d7c1a74d692720476c9a7f,10,DGROUP,44288,__dosvermajor,DATA_SYMBOL,UNKNOWN,UNKNOWN
538fed3f0fd60a6528a5e5b20990361ac4d274c58266a81e71c24f751612589d,9d27f4d0872e483ddbf460bda8a2e34b7180f153c6d7c1a74d692720476c9a7f,10,DGROUP,44288,__osmajor,DATA_SYMBOL,UNKNOWN,UNKNOWN
538fed3f0fd60a6528a5e5b20990361ac4d274c58266a81e71c24f751612589d,9d27f4d0872e483ddbf460bda8a2e34b7180f153c6d7c1a74d692720476c9a7f,10,DGROUP,44288,__osversion,DATA_SYMBOL,UNKNOWN,UNKNOWN
538fed3f0fd60a6528a5e5b20990361ac4d274c58266a81e71c24f751612589d,9d27f4d0872e483ddbf460bda8a2e34b7180f153c6d7c1a74d692720476c9a7f,10,DGROUP,44289,__dosverminor,DATA_SYMBOL,UNKNOWN,UNKNOWN
538fed3f0fd60a6528a5e5b20990361ac4d274c58266a81e71c24f751612589d,9d27f4d0872e483ddbf460bda8a2e34b7180f153c6d7c1a74d692720476c9a7f,10,DGROUP,44289,__osminor,DATA_SYMBOL,UNKNOWN,UNKNOWN
538fed3f0fd60a6528a5e5b20990361ac4d274c58266a81e71c24f751612589d,9d27f4d0872e483ddbf460bda8a2e34b7180f153c6d7c1a74d692720476c9a7f,10,DGROUP,44290,__osmode,DATA_SYMBOL,UNKNOWN,UNKNOWN
538fed3f0fd60a6528a5e5b20990361ac4d274c58266a81e71c24f751612589d,9d27f4d0872e483ddbf460bda8a2e34b7180f153c6d7c1a74d692720476c9a7f,10,DGROUP,44291,__doserrno,DATA_SYMBOL,UNKNOWN,UNKNOWN
538fed3f0fd60a6528a5e5b20990361ac4d274c58266a81e71c24f751612589d,9d27f4d0872e483ddbf460bda8a2e34b7180f153c6d7c1a74d692720476c9a7f,10,DGROUP,44291,__oserr,DATA_SYMBOL,UNKNOWN,UNKNOWN
538fed3f0fd60a6528a5e5b20990361ac4d274c58266a81e71c24f751612589d,9d27f4d0872e483ddbf460bda8a2e34b7180f153c6d7c1a74d692720476c9a7f,10,DGROUP,44293,__nfile,DATA_SYMBOL,UNKNOWN,UNKNOWN
538fed3f0fd60a6528a5e5b20990361ac4d274c58266a81e71c24f751612589d,9d27f4d0872e483ddbf460bda8a2e34b7180f153c6d7c1a74d692720476c9a7f,10,DGROUP,44295,__osfile,DATA_SYMBOL,UNKNOWN,UNKNOWN
538fed3f0fd60a6528a5e5b20990361ac4d274c58266a81e71c24f751612589d,9d27f4d0872e483ddbf460bda8a2e34b7180f153c6d7c1a74d692720476c9a7f,10,DGROUP,44315,___argc,DATA_SYMBOL,UNKNOWN,UNKNOWN
538fed3f0fd60a6528a5e5b20990361ac4d274c58266a81e71c24f751612589d,9d27f4d0872e483ddbf460bda8a2e34b7180f153c6d7c1a74d692720476c9a7f,10,DGROUP,44317,___argv,DATA_SYMBOL,UNKNOWN,UNKNOWN
538fed3f0fd60a6528a5e5b20990361ac4d274c58266a81e71c24f751612589d,9d27f4d0872e483ddbf460bda8a2e34b7180f153c6d7c1a74d692720476c9a7f,10,DGROUP,44321,_environ,DATA_SYMBOL,UNKNOWN,UNKNOWN
538fed3f0fd60a6528a5e5b20990361ac4d274c58266a81e71c24f751612589d,9d27f4d0872e483ddbf460bda8a2e34b7180f153c6d7c1a74d692720476c9a7f,10,DGROUP,44325,__pgmptr,DATA_SYMBOL,UNKNOWN,UNKNOWN
538fed3f0fd60a6528a5e5b20990361ac4d274c58266a81e71c24f751612589d,9d27f4d0872e483ddbf460bda8a2e34b7180f153c6d7c1a74d692720476c9a7f,10,DGROUP,44330,__child,DATA_SYMBOL,UNKNOWN,UNKNOWN
538fed3f0fd60a6528a5e5b20990361ac4d274c58266a81e71c24f751612589d,9d27f4d0872e483ddbf460bda8a2e34b7180f153c6d7c1a74d692720476c9a7f,10,DGROUP,44332,__ovlflag,DATA_SYMBOL,UNKNOWN,UNKNOWN
538fed3f0fd60a6528a5e5b20990361ac4d274c58266a81e71c24f751612589d,9d27f4d0872e483ddbf460bda8a2e34b7180f153c6d7c1a74d692720476c9a7f,10,DGROUP,44333,__intno,DATA_SYMBOL,UNKNOWN,UNKNOWN
538fed3f0fd60a6528a5e5b20990361ac4d274c58266a81e71c24f751612589d,9d27f4d0872e483ddbf460bda8a2e34b7180f153c6d7c1a74d692720476c9a7f,10,DGROUP,44334,__ovlvec,DATA_SYMBOL,UNKNOWN,UNKNOWN
538fed3f0fd60a6528a5e5b20990361ac4d274c58266a81e71c24f751612589d,9d27f4d0872e483ddbf460bda8a2e34b7180f153c6d7c1a74d692720476c9a7f,10,DGROUP,44338,__ctype,DATA_SYMBOL,UNKNOWN,UNKNOWN
538fed3f0fd60a6528a5e5b20990361ac4d274c58266a81e71c24f751612589d,9d27f4d0872e483ddbf460bda8a2e34b7180f153c6d7c1a74d692720476c9a7f,10,DGROUP,44338,__ctype_,DATA_SYMBOL,UNKNOWN,UNKNOWN
538fed3f0fd60a6528a5e5b20990361ac4d274c58266a81e71c24f751612589d,9d27f4d0872e483ddbf460bda8a2e34b7180f153c6d7c1a74d692720476c9a7f,10,DGROUP,44908,_sys_errlist,DATA_SYMBOL,UNKNOWN,UNKNOWN
538fed3f0fd60a6528a5e5b20990361ac4d274c58266a81e71c24f751612589d,9d27f4d0872e483ddbf460bda8a2e34b7180f153c6d7c1a74d692720476c9a7f,10,DGROUP,45060,_sys_nerr,DATA_SYMBOL,UNKNOWN,UNKNOWN
538fed3f0fd60a6528a5e5b20990361ac4d274c58266a81e71c24f751612589d,9d27f4d0872e483ddbf460bda8a2e34b7180f153c6d7c1a74d692720476c9a7f,10,DGROUP,45086,__adbgmsg,DATA_SYMBOL,UNKNOWN,UNKNOWN
538fed3f0fd60a6528a5e5b20990361ac4d274c58266a81e71c24f751612589d,9d27f4d0872e483ddbf460bda8a2e34b7180f153c6d7c1a74d692720476c9a7f,10,DGROUP,45212,__amblksiz,DATA_SYMBOL,UNKNOWN,UNKNOWN
538fed3f0fd60a6528a5e5b20990361ac4d274c58266a81e71c24f751612589d,9d27f4d0872e483ddbf460bda8a2e34b7180f153c6d7c1a74d692720476c9a7f,10,DGROUP,45214,__cfltcvt_tab,DATA_SYMBOL,UNKNOWN,UNKNOWN
538fed3f0fd60a6528a5e5b20990361ac4d274c58266a81e71c24f751612589d,9d27f4d0872e483ddbf460bda8a2e34b7180f153c6d7c1a74d692720476c9a7f,10,DGROUP,45238,__sigintseg,DATA_SYMBOL,UNKNOWN,UNKNOWN
538fed3f0fd60a6528a5e5b20990361ac4d274c58266a81e71c24f751612589d,9d27f4d0872e483ddbf460bda8a2e34b7180f153c6d7c1a74d692720476c9a7f,10,DGROUP,45240,__sigintoff,DATA_SYMBOL,UNKNOWN,UNKNOWN
538fed3f0fd60a6528a5e5b20990361ac4d274c58266a81e71c24f751612589d,9d27f4d0872e483ddbf460bda8a2e34b7180f153c6d7c1a74d692720476c9a7f,10,DGROUP,45242,__asizeC,DATA_SYMBOL,UNKNOWN,UNKNOWN
538fed3f0fd60a6528a5e5b20990361ac4d274c58266a81e71c24f751612589d,9d27f4d0872e483ddbf460bda8a2e34b7180f153c6d7c1a74d692720476c9a7f,10,DGROUP,45243,__asizeD,DATA_SYMBOL,UNKNOWN,UNKNOWN
538fed3f0fd60a6528a5e5b20990361ac4d274c58266a81e71c24f751612589d,9d27f4d0872e483ddbf460bda8a2e34b7180f153c6d7c1a74d692720476c9a7f,10,DGROUP,45244,__sqrtjmptab,DATA_SYMBOL,UNKNOWN,UNKNOWN
538fed3f0fd60a6528a5e5b20990361ac4d274c58266a81e71c24f751612589d,9d27f4d0872e483ddbf460bda8a2e34b7180f153c6d7c1a74d692720476c9a7f,10,DGROUP,45336,__aaltstkovr,DATA_SYMBOL,UNKNOWN,UNKNOWN
538fed3f0fd60a6528a5e5b20990361ac4d274c58266a81e71c24f751612589d,9d27f4d0872e483ddbf460bda8a2e34b7180f153c6d7c1a74d692720476c9a7f,10,DGROUP,45340,__indefinite,DATA_SYMBOL,UNKNOWN,UNKNOWN
538fed3f0fd60a6528a5e5b20990361ac4d274c58266a81e71c24f751612589d,9d27f4d0872e483ddbf460bda8a2e34b7180f153c6d7c1a74d692720476c9a7f,10,DGROUP,45350,__piby2,DATA_SYMBOL,UNKNOWN,UNKNOWN
538fed3f0fd60a6528a5e5b20990361ac4d274c58266a81e71c24f751612589d,9d27f4d0872e483ddbf460bda8a2e34b7180f153c6d7c1a74d692720476c9a7f,10,DGROUP,45360,__cpower,DATA_SYMBOL,UNKNOWN,UNKNOWN
538fed3f0fd60a6528a5e5b20990361ac4d274c58266a81e71c24f751612589d,9d27f4d0872e483ddbf460bda8a2e34b7180f153c6d7c1a74d692720476c9a7f,10,DGROUP,45442,_HUGE,DATA_SYMBOL,UNKNOWN,UNKNOWN
538fed3f0fd60a6528a5e5b20990361ac4d274c58266a81e71c24f751612589d,9d27f4d0872e483ddbf460bda8a2e34b7180f153c6d7c1a74d692720476c9a7f,10,DGROUP,45450,__matherr_flag,DATA_SYMBOL,UNKNOWN,UNKNOWN
538fed3f0fd60a6528a5e5b20990361ac4d274c58266a81e71c24f751612589d,9d27f4d0872e483ddbf460bda8a2e34b7180f153c6d7c1a74d692720476c9a7f,10,DGROUP,45452,__cflush,DATA_SYMBOL,UNKNOWN,UNKNOWN
538fed3f0fd60a6528a5e5b20990361ac4d274c58266a81e71c24f751612589d,9d27f4d0872e483ddbf460bda8a2e34b7180f153c6d7c1a74d692720476c9a7f,10,DGROUP,45538,__lastiob,DATA_SYMBOL,UNKNOWN,UNKNOWN
538fed3f0fd60a6528a5e5b20990361ac4d274c58266a81e71c24f751612589d,9d27f4d0872e483ddbf460bda8a2e34b7180f153c6d7c1a74d692720476c9a7f,10,DGROUP,45542,_db_numOfHandles,DATA_SYMBOL,UNKNOWN,UNKNOWN
538fed3f0fd60a6528a5e5b20990361ac4d274c58266a81e71c24f751612589d,9d27f4d0872e483ddbf460bda8a2e34b7180f153c6d7c1a74d692720476c9a7f,10,DGROUP,45544,_db_cacheTable,DATA_SYMBOL,UNKNOWN,UNKNOWN
538fed3f0fd60a6528a5e5b20990361ac4d274c58266a81e71c24f751612589d,9d27f4d0872e483ddbf460bda8a2e34b7180f153c6d7c1a74d692720476c9a7f,10,DGROUP,46464,_cacheHook,DATA_SYMBOL,UNKNOWN,UNKNOWN
538fed3f0fd60a6528a5e5b20990361ac4d274c58266a81e71c24f751612589d,9d27f4d0872e483ddbf460bda8a2e34b7180f153c6d7c1a74d692720476c9a7f,10,DGROUP,46468,_releaseHook,DATA_SYMBOL,UNKNOWN,UNKNOWN
538fed3f0fd60a6528a5e5b20990361ac4d274c58266a81e71c24f751612589d,9d27f4d0872e483ddbf460bda8a2e34b7180f153c6d7c1a74d692720476c9a7f,10,DGROUP,47042,_pack_threshold,DATA_SYMBOL,UNKNOWN,UNKNOWN
538fed3f0fd60a6528a5e5b20990361ac4d274c58266a81e71c24f751612589d,9d27f4d0872e483ddbf460bda8a2e34b7180f153c6d7c1a74d692720476c9a7f,10,DGROUP,47324,_unpackHandle,DATA_SYMBOL,UNKNOWN,UNKNOWN
538fed3f0fd60a6528a5e5b20990361ac4d274c58266a81e71c24f751612589d,9d27f4d0872e483ddbf460bda8a2e34b7180f153c6d7c1a74d692720476c9a7f,10,DGROUP,47328,_buffer_max_width,DATA_SYMBOL,UNKNOWN,UNKNOWN
538fed3f0fd60a6528a5e5b20990361ac4d274c58266a81e71c24f751612589d,9d27f4d0872e483ddbf460bda8a2e34b7180f153c6d7c1a74d692720476c9a7f,10,DGROUP,47330,_buffer_max_height,DATA_SYMBOL,UNKNOWN,UNKNOWN
538fed3f0fd60a6528a5e5b20990361ac4d274c58266a81e71c24f751612589d,9d27f4d0872e483ddbf460bda8a2e34b7180f153c6d7c1a74d692720476c9a7f,10,DGROUP,47378,_source_bitmap_width,DATA_SYMBOL,UNKNOWN,UNKNOWN
538fed3f0fd60a6528a5e5b20990361ac4d274c58266a81e71c24f751612589d,9d27f4d0872e483ddbf460bda8a2e34b7180f153c6d7c1a74d692720476c9a7f,10,DGROUP,47380,_dest_bitmap_width,DATA_SYMBOL,UNKNOWN,UNKNOWN
538fed3f0fd60a6528a5e5b20990361ac4d274c58266a81e71c24f751612589d,9d27f4d0872e483ddbf460bda8a2e34b7180f153c6d7c1a74d692720476c9a7f,10,DGROUP,47386,_debugOn,DATA_SYMBOL,UNKNOWN,UNKNOWN
538fed3f0fd60a6528a5e5b20990361ac4d274c58266a81e71c24f751612589d,9d27f4d0872e483ddbf460bda8a2e34b7180f153c6d7c1a74d692720476c9a7f,10,DGROUP,47388,_musicDevice,DATA_SYMBOL,UNKNOWN,UNKNOWN
538fed3f0fd60a6528a5e5b20990361ac4d274c58266a81e71c24f751612589d,9d27f4d0872e483ddbf460bda8a2e34b7180f153c6d7c1a74d692720476c9a7f,10,DGROUP,47662,_egaPaletteFlag,DATA_SYMBOL,UNKNOWN,UNKNOWN
538fed3f0fd60a6528a5e5b20990361ac4d274c58266a81e71c24f751612589d,9d27f4d0872e483ddbf460bda8a2e34b7180f153c6d7c1a74d692720476c9a7f,10,DGROUP,47664,_bigFontH,DATA_SYMBOL,UNKNOWN,UNKNOWN
538fed3f0fd60a6528a5e5b20990361ac4d274c58266a81e71c24f751612589d,9d27f4d0872e483ddbf460bda8a2e34b7180f153c6d7c1a74d692720476c9a7f,10,DGROUP,47666,_smallFontH,DATA_SYMBOL,UNKNOWN,UNKNOWN
538fed3f0fd60a6528a5e5b20990361ac4d274c58266a81e71c24f751612589d,9d27f4d0872e483ddbf460bda8a2e34b7180f153c6d7c1a74d692720476c9a7f,10,DGROUP,47900,_winObjStr,DATA_SYMBOL,UNKNOWN,UNKNOWN
538fed3f0fd60a6528a5e5b20990361ac4d274c58266a81e71c24f751612589d,9d27f4d0872e483ddbf460bda8a2e34b7180f153c6d7c1a74d692720476c9a7f,10,DGROUP,48294,_win_hwnd,DATA_SYMBOL,UNKNOWN,UNKNOWN
538fed3f0fd60a6528a5e5b20990361ac4d274c58266a81e71c24f751612589d,9d27f4d0872e483ddbf460bda8a2e34b7180f153c6d7c1a74d692720476c9a7f,10,DGROUP,48384,_win_initted,DATA_SYMBOL,UNKNOWN,UNKNOWN
538fed3f0fd60a6528a5e5b20990361ac4d274c58266a81e71c24f751612589d,9d27f4d0872e483ddbf460bda8a2e34b7180f153c6d7c1a74d692720476c9a7f,10,DGROUP,48385,_win_changed,DATA_SYMBOL,UNKNOWN,UNKNOWN
538fed3f0fd60a6528a5e5b20990361ac4d274c58266a81e71c24f751612589d,9d27f4d0872e483ddbf460bda8a2e34b7180f153c6d7c1a74d692720476c9a7f,10,DGROUP,48386,_win_winSelected,DATA_SYMBOL,UNKNOWN,UNKNOWN
538fed3f0fd60a6528a5e5b20990361ac4d274c58266a81e71c24f751612589d,9d27f4d0872e483ddbf460bda8a2e34b7180f153c6d7c1a74d692720476c9a7f,10,DGROUP,48388,_win_objSelected,DATA_SYMBOL,UNKNOWN,UNKNOWN
538fed3f0fd60a6528a5e5b20990361ac4d274c58266a81e71c24f751612589d,9d27f4d0872e483ddbf460bda8a2e34b7180f153c6d7c1a74d692720476c9a7f,10,DGROUP,48390,_win_libVersion,DATA_SYMBOL,UNKNOWN,UNKNOWN
538fed3f0fd60a6528a5e5b20990361ac4d274c58266a81e71c24f751612589d,9d27f4d0872e483ddbf460bda8a2e34b7180f153c6d7c1a74d692720476c9a7f,10,DGROUP,48392,_win_RESEDFlag,DATA_SYMBOL,UNKNOWN,UNKNOWN
538fed3f0fd60a6528a5e5b20990361ac4d274c58266a81e71c24f751612589d,9d27f4d0872e483ddbf460bda8a2e34b7180f153c6d7c1a74d692720476c9a7f,10,DGROUP,48394,_ribbonBarHeight,DATA_SYMBOL,UNKNOWN,UNKNOWN
538fed3f0fd60a6528a5e5b20990361ac4d274c58266a81e71c24f751612589d,9d27f4d0872e483ddbf460bda8a2e34b7180f153c6d7c1a74d692720476c9a7f,10,DGROUP,48656,_lastProxObj,DATA_SYMBOL,UNKNOWN,UNKNOWN
538fed3f0fd60a6528a5e5b20990361ac4d274c58266a81e71c24f751612589d,9d27f4d0872e483ddbf460bda8a2e34b7180f153c6d7c1a74d692720476c9a7f,10,DGROUP,48708,__fmode,DATA_SYMBOL,UNKNOWN,UNKNOWN
538fed3f0fd60a6528a5e5b20990361ac4d274c58266a81e71c24f751612589d,9d27f4d0872e483ddbf460bda8a2e34b7180f153c6d7c1a74d692720476c9a7f,10,DGROUP,48708,__iomode,DATA_SYMBOL,UNKNOWN,UNKNOWN
538fed3f0fd60a6528a5e5b20990361ac4d274c58266a81e71c24f751612589d,9d27f4d0872e483ddbf460bda8a2e34b7180f153c6d7c1a74d692720476c9a7f,10,DGROUP,48712,__fpinit,DATA_SYMBOL,UNKNOWN,UNKNOWN
538fed3f0fd60a6528a5e5b20990361ac4d274c58266a81e71c24f751612589d,9d27f4d0872e483ddbf460bda8a2e34b7180f153c6d7c1a74d692720476c9a7f,10,DGROUP,48736,___aDBswpflg,DATA_SYMBOL,UNKNOWN,UNKNOWN
538fed3f0fd60a6528a5e5b20990361ac4d274c58266a81e71c24f751612589d,9d27f4d0872e483ddbf460bda8a2e34b7180f153c6d7c1a74d692720476c9a7f,10,DGROUP,48738,___aDBswpchk,DATA_SYMBOL,UNKNOWN,UNKNOWN
538fed3f0fd60a6528a5e5b20990361ac4d274c58266a81e71c24f751612589d,9d27f4d0872e483ddbf460bda8a2e34b7180f153c6d7c1a74d692720476c9a7f,10,DGROUP,48740,__aDBrterr,DATA_SYMBOL,UNKNOWN,UNKNOWN
538fed3f0fd60a6528a5e5b20990361ac4d274c58266a81e71c24f751612589d,9d27f4d0872e483ddbf460bda8a2e34b7180f153c6d7c1a74d692720476c9a7f,10,DGROUP,48742,___aDBexit,DATA_SYMBOL,UNKNOWN,UNKNOWN
538fed3f0fd60a6528a5e5b20990361ac4d274c58266a81e71c24f751612589d,9d27f4d0872e483ddbf460bda8a2e34b7180f153c6d7c1a74d692720476c9a7f,10,DGROUP,48748,___qczrinit,DATA_SYMBOL,UNKNOWN,UNKNOWN
538fed3f0fd60a6528a5e5b20990361ac4d274c58266a81e71c24f751612589d,9d27f4d0872e483ddbf460bda8a2e34b7180f153c6d7c1a74d692720476c9a7f,10,DGROUP,50920,__caption,DATA_SYMBOL,UNKNOWN,UNKNOWN
538fed3f0fd60a6528a5e5b20990361ac4d274c58266a81e71c24f751612589d,9d27f4d0872e483ddbf460bda8a2e34b7180f153c6d7c1a74d692720476c9a7f,10,DGROUP,51808,__edata,DATA_SYMBOL,UNKNOWN,UNKNOWN
538fed3f0fd60a6528a5e5b20990361ac4d274c58266a81e71c24f751612589d,9d27f4d0872e483ddbf460bda8a2e34b7180f153c6d7c1a74d692720476c9a7f,10,DGROUP,51808,_edata,DATA_SYMBOL,UNKNOWN,UNKNOWN
538fed3f0fd60a6528a5e5b20990361ac4d274c58266a81e71c24f751612589d,9d27f4d0872e483ddbf460bda8a2e34b7180f153c6d7c1a74d692720476c9a7f,10,DGROUP,52336,_mouse_state,DATA_SYMBOL,UNKNOWN,UNKNOWN
538fed3f0fd60a6528a5e5b20990361ac4d274c58266a81e71c24f751612589d,9d27f4d0872e483ddbf460bda8a2e34b7180f153c6d7c1a74d692720476c9a7f,10,DGROUP,52342,_MapPlane,DATA_SYMBOL,UNKNOWN,UNKNOWN
538fed3f0fd60a6528a5e5b20990361ac4d274c58266a81e71c24f751612589d,9d27f4d0872e483ddbf460bda8a2e34b7180f153c6d7c1a74d692720476c9a7f,10,DGROUP,52344,_OldMapPlane,DATA_SYMBOL,UNKNOWN,UNKNOWN
538fed3f0fd60a6528a5e5b20990361ac4d274c58266a81e71c24f751612589d,9d27f4d0872e483ddbf460bda8a2e34b7180f153c6d7c1a74d692720476c9a7f,10,DGROUP,52346,_screenWidth,DATA_SYMBOL,UNKNOWN,UNKNOWN
538fed3f0fd60a6528a5e5b20990361ac4d274c58266a81e71c24f751612589d,9d27f4d0872e483ddbf460bda8a2e34b7180f153c6d7c1a74d692720476c9a7f,10,DGROUP,52348,_hInst,DATA_SYMBOL,UNKNOWN,UNKNOWN
538fed3f0fd60a6528a5e5b20990361ac4d274c58266a81e71c24f751612589d,9d27f4d0872e483ddbf460bda8a2e34b7180f153c6d7c1a74d692720476c9a7f,10,DGROUP,52350,_displayType,DATA_SYMBOL,UNKNOWN,UNKNOWN
538fed3f0fd60a6528a5e5b20990361ac4d274c58266a81e71c24f751612589d,9d27f4d0872e483ddbf460bda8a2e34b7180f153c6d7c1a74d692720476c9a7f,10,DGROUP,52352,_editWidth,DATA_SYMBOL,UNKNOWN,UNKNOWN
538fed3f0fd60a6528a5e5b20990361ac4d274c58266a81e71c24f751612589d,9d27f4d0872e483ddbf460bda8a2e34b7180f153c6d7c1a74d692720476c9a7f,10,DGROUP,52354,_foodCursor,DATA_SYMBOL,UNKNOWN,UNKNOWN
538fed3f0fd60a6528a5e5b20990361ac4d274c58266a81e71c24f751612589d,9d27f4d0872e483ddbf460bda8a2e34b7180f153c6d7c1a74d692720476c9a7f,10,DGROUP,52356,_MeType,DATA_SYMBOL,UNKNOWN,UNKNOWN
538fed3f0fd60a6528a5e5b20990361ac4d274c58266a81e71c24f751612589d,9d27f4d0872e483ddbf460bda8a2e34b7180f153c6d7c1a74d692720476c9a7f,10,DGROUP,52358,__iob2,DATA_SYMBOL,UNKNOWN,UNKNOWN
538fed3f0fd60a6528a5e5b20990361ac4d274c58266a81e71c24f751612589d,9d27f4d0872e483ddbf460bda8a2e34b7180f153c6d7c1a74d692720476c9a7f,10,DGROUP,52598,_ribbonBarWnd,DATA_SYMBOL,UNKNOWN,UNKNOWN
538fed3f0fd60a6528a5e5b20990361ac4d274c58266a81e71c24f751612589d,9d27f4d0872e483ddbf460bda8a2e34b7180f153c6d7c1a74d692720476c9a7f,10,DGROUP,52600,_rootWnd,DATA_SYMBOL,UNKNOWN,UNKNOWN
538fed3f0fd60a6528a5e5b20990361ac4d274c58266a81e71c24f751612589d,9d27f4d0872e483ddbf460bda8a2e34b7180f153c6d7c1a74d692720476c9a7f,10,DGROUP,52602,_editHeight,DATA_SYMBOL,UNKNOWN,UNKNOWN
538fed3f0fd60a6528a5e5b20990361ac4d274c58266a81e71c24f751612589d,9d27f4d0872e483ddbf460bda8a2e34b7180f153c6d7c1a74d692720476c9a7f,10,DGROUP,52604,_dropCursor,DATA_SYMBOL,UNKNOWN,UNKNOWN
538fed3f0fd60a6528a5e5b20990361ac4d274c58266a81e71c24f751612589d,9d27f4d0872e483ddbf460bda8a2e34b7180f153c6d7c1a74d692720476c9a7f,10,DGROUP,52606,_mainRootWnd,DATA_SYMBOL,UNKNOWN,UNKNOWN
538fed3f0fd60a6528a5e5b20990361ac4d274c58266a81e71c24f751612589d,9d27f4d0872e483ddbf460bda8a2e34b7180f153c6d7c1a74d692720476c9a7f,10,DGROUP,52608,_rockCursor,DATA_SYMBOL,UNKNOWN,UNKNOWN
538fed3f0fd60a6528a5e5b20990361ac4d274c58266a81e71c24f751612589d,9d27f4d0872e483ddbf460bda8a2e34b7180f153c6d7c1a74d692720476c9a7f,10,DGROUP,52610,_magCursor,DATA_SYMBOL,UNKNOWN,UNKNOWN
538fed3f0fd60a6528a5e5b20990361ac4d274c58266a81e71c24f751612589d,9d27f4d0872e483ddbf460bda8a2e34b7180f153c6d7c1a74d692720476c9a7f,10,DGROUP,52612,_updateRgn,DATA_SYMBOL,UNKNOWN,UNKNOWN
538fed3f0fd60a6528a5e5b20990361ac4d274c58266a81e71c24f751612589d,9d27f4d0872e483ddbf460bda8a2e34b7180f153c6d7c1a74d692720476c9a7f,10,DGROUP,52614,_mouseBug,DATA_SYMBOL,UNKNOWN,UNKNOWN
538fed3f0fd60a6528a5e5b20990361ac4d274c58266a81e71c24f751612589d,9d27f4d0872e483ddbf460bda8a2e34b7180f153c6d7c1a74d692720476c9a7f,10,DGROUP,52616,_MeLocX,DATA_SYMBOL,UNKNOWN,UNKNOWN
538fed3f0fd60a6528a5e5b20990361ac4d274c58266a81e71c24f751612589d,9d27f4d0872e483ddbf460bda8a2e34b7180f153c6d7c1a74d692720476c9a7f,10,DGROUP,52618,__iob,DATA_SYMBOL,UNKNOWN,UNKNOWN
538fed3f0fd60a6528a5e5b20990361ac4d274c58266a81e71c24f751612589d,9d27f4d0872e483ddbf460bda8a2e34b7180f153c6d7c1a74d692720476c9a7f,10,DGROUP,52858,_lifeTile,DATA_SYMBOL,UNKNOWN,UNKNOWN
538fed3f0fd60a6528a5e5b20990361ac4d274c58266a81e71c24f751612589d,9d27f4d0872e483ddbf460bda8a2e34b7180f153c6d7c1a74d692720476c9a7f,10,DGROUP,52860,_fontWidth,DATA_SYMBOL,UNKNOWN,UNKNOWN
538fed3f0fd60a6528a5e5b20990361ac4d274c58266a81e71c24f751612589d,9d27f4d0872e483ddbf460bda8a2e34b7180f153c6d7c1a74d692720476c9a7f,10,DGROUP,52862,_MeLocY,DATA_SYMBOL,UNKNOWN,UNKNOWN
538fed3f0fd60a6528a5e5b20990361ac4d274c58266a81e71c24f751612589d,9d27f4d0872e483ddbf460bda8a2e34b7180f153c6d7c1a74d692720476c9a7f,10,DGROUP,52864,_MePlane,DATA_SYMBOL,UNKNOWN,UNKNOWN
538fed3f0fd60a6528a5e5b20990361ac4d274c58266a81e71c24f751612589d,9d27f4d0872e483ddbf460bda8a2e34b7180f153c6d7c1a74d692720476c9a7f,10,DGROUP,52866,_YardMode,DATA_SYMBOL,UNKNOWN,UNKNOWN
538fed3f0fd60a6528a5e5b20990361ac4d274c58266a81e71c24f751612589d,9d27f4d0872e483ddbf460bda8a2e34b7180f153c6d7c1a74d692720476c9a7f,10,DGROUP,52868,_digCursor,DATA_SYMBOL,UNKNOWN,UNKNOWN
538fed3f0fd60a6528a5e5b20990361ac4d274c58266a81e71c24f751612589d,9d27f4d0872e483ddbf460bda8a2e34b7180f153c6d7c1a74d692720476c9a7f,10,DGROUP,52870,_screenHeight,DATA_SYMBOL,UNKNOWN,UNKNOWN
538fed3f0fd60a6528a5e5b20990361ac4d274c58266a81e71c24f751612589d,9d27f4d0872e483ddbf460bda8a2e34b7180f153c6d7c1a74d692720476c9a7f,10,DGROUP,52872,_MeScent,DATA_SYMBOL,UNKNOWN,UNKNOWN
538fed3f0fd60a6528a5e5b20990361ac4d274c58266a81e71c24f751612589d,9d27f4d0872e483ddbf460bda8a2e34b7180f153c6d7c1a74d692720476c9a7f,10,DGROUP,52874,__backColor,DATA_SYMBOL,UNKNOWN,UNKNOWN
538fed3f0fd60a6528a5e5b20990361ac4d274c58266a81e71c24f751612589d,9d27f4d0872e483ddbf460bda8a2e34b7180f153c6d7c1a74d692720476c9a7f,10,DGROUP,52876,_sprayCursor,DATA_SYMBOL,UNKNOWN,UNKNOWN
538fed3f0fd60a6528a5e5b20990361ac4d274c58266a81e71c24f751612589d,9d27f4d0872e483ddbf460bda8a2e34b7180f153c6d7c1a74d692720476c9a7f,10,DGROUP,52878,_clipWind,DATA_SYMBOL,UNKNOWN,UNKNOWN
538fed3f0fd60a6528a5e5b20990361ac4d274c58266a81e71c24f751612589d,9d27f4d0872e483ddbf460bda8a2e34b7180f153c6d7c1a74d692720476c9a7f,10,DGROUP,52880,_fontHeight,DATA_SYMBOL,UNKNOWN,UNKNOWN
538fed3f0fd60a6528a5e5b20990361ac4d274c58266a81e71c24f751612589d,9d27f4d0872e483ddbf460bda8a2e34b7180f153c6d7c1a74d692720476c9a7f,10,DGROUP,52882,_MeEgg,DATA_SYMBOL,UNKNOWN,UNKNOWN
538fed3f0fd60a6528a5e5b20990361ac4d274c58266a81e71c24f751612589d,9d27f4d0872e483ddbf460bda8a2e34b7180f153c6d7c1a74d692720476c9a7f,10,DGROUP,52884,_antCursor,DATA_SYMBOL,UNKNOWN,UNKNOWN
538fed3f0fd60a6528a5e5b20990361ac4d274c58266a81e71c24f751612589d,9d27f4d0872e483ddbf460bda8a2e34b7180f153c6d7c1a74d692720476c9a7f,10,DGROUP,52886,_grndTile,DATA_SYMBOL,UNKNOWN,UNKNOWN
538fed3f0fd60a6528a5e5b20990361ac4d274c58266a81e71c24f751612589d,9d27f4d0872e483ddbf460bda8a2e34b7180f153c6d7c1a74d692720476c9a7f,10,DGROUP,52887,_monoPat,DATA_SYMBOL,UNKNOWN,UNKNOWN
538fed3f0fd60a6528a5e5b20990361ac4d274c58266a81e71c24f751612589d,9d27f4d0872e483ddbf460bda8a2e34b7180f153c6d7c1a74d692720476c9a7f,10,DGROUP,52888,_MeColor,DATA_SYMBOL,UNKNOWN,UNKNOWN
538fed3f0fd60a6528a5e5b20990361ac4d274c58266a81e71c24f751612589d,9d27f4d0872e483ddbf460bda8a2e34b7180f153c6d7c1a74d692720476c9a7f,10,DGROUP,52890,_win_handles,DATA_SYMBOL,UNKNOWN,UNKNOWN
538fed3f0fd60a6528a5e5b20990361ac4d274c58266a81e71c24f751612589d,9d27f4d0872e483ddbf460bda8a2e34b7180f153c6d7c1a74d692720476c9a7f,10,DGROUP,53070,__foreColor,DATA_SYMBOL,UNKNOWN,UNKNOWN
538fed3f0fd60a6528a5e5b20990361ac4d274c58266a81e71c24f751612589d,9d27f4d0872e483ddbf460bda8a2e34b7180f153c6d7c1a74d692720476c9a7f,10,DGROUP,53072,_MeDir,DATA_SYMBOL,UNKNOWN,UNKNOWN
538fed3f0fd60a6528a5e5b20990361ac4d274c58266a81e71c24f751612589d,9d27f4d0872e483ddbf460bda8a2e34b7180f153c6d7c1a74d692720476c9a7f,10,DGROUP,53074,_clipDC,DATA_SYMBOL,UNKNOWN,UNKNOWN
538fed3f0fd60a6528a5e5b20990361ac4d274c58266a81e71c24f751612589d,9d27f4d0872e483ddbf460bda8a2e34b7180f153c6d7c1a74d692720476c9a7f,10,DGROUP,53076,_MeBase,DATA_SYMBOL,UNKNOWN,UNKNOWN
538fed3f0fd60a6528a5e5b20990361ac4d274c58266a81e71c24f751612589d,9d27f4d0872e483ddbf460bda8a2e34b7180f153c6d7c1a74d692720476c9a7f,10,DGROUP,53078,_end,DATA_SYMBOL,UNKNOWN,UNKNOWN
538fed3f0fd60a6528a5e5b20990361ac4d274c58266a81e71c24f751612589d,9d27f4d0872e483ddbf460bda8a2e34b7180f153c6d7c1a74d692720476c9a7f,10,DGROUP,53078,__end,DATA_SYMBOL,UNKNOWN,UNKNOWN
538fed3f0fd60a6528a5e5b20990361ac4d274c58266a81e71c24f751612589d,9d27f4d0872e483ddbf460bda8a2e34b7180f153c6d7c1a74d692720476c9a7f,0,ABSOLUTE,6,pLocalHeap,ABSOLUTE,UNKNOWN,UNKNOWN
538fed3f0fd60a6528a5e5b20990361ac4d274c58266a81e71c24f751612589d,9d27f4d0872e483ddbf460bda8a2e34b7180f153c6d7c1a74d692720476c9a7f,0,ABSOLUTE,8,pAtomTable,ABSOLUTE,UNKNOWN,UNKNOWN
538fed3f0fd60a6528a5e5b20990361ac4d274c58266a81e71c24f751612589d,9d27f4d0872e483ddbf460bda8a2e34b7180f153c6d7c1a74d692720476c9a7f,0,ABSOLUTE,10,pStackTop,ABSOLUTE,UNKNOWN,UNKNOWN
538fed3f0fd60a6528a5e5b20990361ac4d274c58266a81e71c24f751612589d,9d27f4d0872e483ddbf460bda8a2e34b7180f153c6d7c1a74d692720476c9a7f,0,ABSOLUTE,12,pStackMin,ABSOLUTE,UNKNOWN,UNKNOWN
538fed3f0fd60a6528a5e5b20990361ac4d274c58266a81e71c24f751612589d,9d27f4d0872e483ddbf460bda8a2e34b7180f153c6d7c1a74d692720476c9a7f,0,ABSOLUTE,14,pStackBot,ABSOLUTE,UNKNOWN,UNKNOWN
538fed3f0fd60a6528a5e5b20990361ac4d274c58266a81e71c24f751612589d,9d27f4d0872e483ddbf460bda8a2e34b7180f153c6d7c1a74d692720476c9a7f,0,ABSOLUTE,1586,FISRQQ,ABSOLUTE,UNKNOWN,UNKNOWN
538fed3f0fd60a6528a5e5b20990361ac4d274c58266a81e71c24f751612589d,9d27f4d0872e483ddbf460bda8a2e34b7180f153c6d7c1a74d692720476c9a7f,0,ABSOLUTE,3634,FICRQQ,ABSOLUTE,UNKNOWN,UNKNOWN
538fed3f0fd60a6528a5e5b20990361ac4d274c58266a81e71c24f751612589d,9d27f4d0872e483ddbf460bda8a2e34b7180f153c6d7c1a74d692720476c9a7f,0,ABSOLUTE,5682,FIERQQ,ABSOLUTE,UNKNOWN,UNKNOWN
538fed3f0fd60a6528a5e5b20990361ac4d274c58266a81e71c24f751612589d,9d27f4d0872e483ddbf460bda8a2e34b7180f153c6d7c1a74d692720476c9a7f,0,ABSOLUTE,16384,FJARQQ,ABSOLUTE,UNKNOWN,UNKNOWN
538fed3f0fd60a6528a5e5b20990361ac4d274c58266a81e71c24f751612589d,9d27f4d0872e483ddbf460bda8a2e34b7180f153c6d7c1a74d692720476c9a7f,0,ABSOLUTE,23602,FIDRQQ,ABSOLUTE,UNKNOWN,UNKNOWN
538fed3f0fd60a6528a5e5b20990361ac4d274c58266a81e71c24f751612589d,9d27f4d0872e483ddbf460bda8a2e34b7180f153c6d7c1a74d692720476c9a7f,0,ABSOLUTE,32768,FJSRQQ,ABSOLUTE,UNKNOWN,UNKNOWN
538fed3f0fd60a6528a5e5b20990361ac4d274c58266a81e71c24f751612589d,9d27f4d0872e483ddbf460bda8a2e34b7180f153c6d7c1a74d692720476c9a7f,0,ABSOLUTE,39030,__fltused,ABSOLUTE,UNKNOWN,UNKNOWN
538fed3f0fd60a6528a5e5b20990361ac4d274c58266a81e71c24f751612589d,9d27f4d0872e483ddbf460bda8a2e34b7180f153c6d7c1a74d692720476c9a7f,0,ABSOLUTE,39030,__acrtmsg,ABSOLUTE,UNKNOWN,UNKNOWN
538fed3f0fd60a6528a5e5b20990361ac4d274c58266a81e71c24f751612589d,9d27f4d0872e483ddbf460bda8a2e34b7180f153c6d7c1a74d692720476c9a7f,0,ABSOLUTE,39030,__acrtused,ABSOLUTE,UNKNOWN,UNKNOWN
538fed3f0fd60a6528a5e5b20990361ac4d274c58266a81e71c24f751612589d,9d27f4d0872e483ddbf460bda8a2e34b7180f153c6d7c1a74d692720476c9a7f,0,ABSOLUTE,39030,__fptaskdata,ABSOLUTE,UNKNOWN,UNKNOWN
538fed3f0fd60a6528a5e5b20990361ac4d274c58266a81e71c24f751612589d,9d27f4d0872e483ddbf460bda8a2e34b7180f153c6d7c1a74d692720476c9a7f,0,ABSOLUTE,39030,__acrtused2,ABSOLUTE,UNKNOWN,UNKNOWN
538fed3f0fd60a6528a5e5b20990361ac4d274c58266a81e71c24f751612589d,9d27f4d0872e483ddbf460bda8a2e34b7180f153c6d7c1a74d692720476c9a7f,0,ABSOLUTE,41533,FIWRQQ,ABSOLUTE,UNKNOWN,UNKNOWN
538fed3f0fd60a6528a5e5b20990361ac4d274c58266a81e71c24f751612589d,9d27f4d0872e483ddbf460bda8a2e34b7180f153c6d7c1a74d692720476c9a7f,0,ABSOLUTE,49152,FJCRQQ,ABSOLUTE,UNKNOWN,UNKNOWN
538fed3f0fd60a6528a5e5b20990361ac4d274c58266a81e71c24f751612589d,9d27f4d0872e483ddbf460bda8a2e34b7180f153c6d7c1a74d692720476c9a7f,0,ABSOLUTE,54998,__aDBdoswp,ABSOLUTE,UNKNOWN,UNKNOWN
538fed3f0fd60a6528a5e5b20990361ac4d274c58266a81e71c24f751612589d,9d27f4d0872e483ddbf460bda8a2e34b7180f153c6d7c1a74d692720476c9a7f,0,ABSOLUTE,65074,FIARQQ,ABSOLUTE,UNKNOWN,UNKNOWN
